transcript_id	peak_position	count
ENST00000000233.10	289-292	23
ENST00000000412.8	519-522	16
ENST00000000442.11	1254-1257	14
ENST00000001008.6	1064-1067	20
ENST00000002125.9	1350-1353	20
ENST00000002165.11	323-326	20
ENST00000002501.11	406-409	14
ENST00000003100.13	1358-1361	23
ENST00000005257.7	405-408	18
ENST00000005259.9	334-337	14
ENST00000005260.9	1741-1744	20
ENST00000005340.10	1743-1746	22
ENST00000005386.8	1225-1228	20
ENST00000006015.4	850-853	19
ENST00000006777.11	595-598	15
ENST00000007264.7	997-1000	24
ENST00000007390.3	779-782	19
ENST00000007516.8	239-242	24
ENST00000008527.10	1926-1929	21
ENST00000009041.12	894-897	15
ENST00000009180.10	613-616	16
ENST00000009589.8	444-447	17
ENST00000011619.6	1407-1410	19
ENST00000011691.6	122-125	17
ENST00000011898.10	618-621	16
ENST00000012049.10	194-197	22
ENST00000012443.9	1105-1108	21
ENST00000013070.11	462-465	17
ENST00000014930.9	196-199	24
ENST00000016171.6	624-627	23
ENST00000016946.8	2684-2687	26
ENST00000017003.7	429-432	24
ENST00000022615.9	226-229	18
ENST00000025008.10	1877-1880	16
ENST00000025301.4	647-650	16
ENST00000029410.10	1015-1018	18
ENST00000035307.7	1766-1769	15
ENST00000037243.7	261-264	18
ENST00000038176.8	705-708	14
ENST00000039989.9	1607-1610	22
ENST00000040584.6	822-825	13
ENST00000040663.8	142-145	18
ENST00000040738.10	1863-1866	18
ENST00000040877.2	4396-4399	18
ENST00000042381.9	3238-3241	17
ENST00000044462.12	419-422	19
ENST00000046640.9	1156-1159	14
ENST00000053468.4	477-480	21
ENST00000053867.8	793-796	21
ENST00000054650.9	543-546	19
ENST00000054666.11	316-319	18
ENST00000054950.4	744-747	21
ENST00000055077.8	415-418	24
ENST00000056233.4	1828-1831	19
ENST00000060969.6	249-252	16
ENST00000064780.7	690-693	12
ENST00000066544.8	288-291	21
ENST00000072644.7	450-453	21
ENST00000072869.9	989-992	22
ENST00000078429.9	704-707	18
ENST00000080059.12	2020-2023	16
ENST00000081029.8	570-573	19
ENST00000083182.8	1940-1943	17
ENST00000084798.9	642-645	13
ENST00000156109.7	1432-1435	21
ENST00000156471.10	1782-1785	18
ENST00000157812.7	1253-1256	21
ENST00000158771.9	404-407	17
ENST00000159111.9	2899-2902	23
ENST00000160298.9	1838-1841	16
ENST00000160827.9	135-138	20
ENST00000161863.9	4372-4375	18
ENST00000162044.14	431-434	20
ENST00000162330.10	1066-1069	24
ENST00000162749.7	490-493	17
ENST00000163416.7	533-536	23
ENST00000164133.7	871-874	8
ENST00000166345.8	295-298	22
ENST00000168216.11	703-706	18
ENST00000169298.8	1542-1545	17
ENST00000169551.11	892-895	16
ENST00000170168.9	3407-3410	19
ENST00000170447.12	1264-1267	15
ENST00000170564.7	958-961	17
ENST00000171111.10	922-925	21
ENST00000173229.7	907-910	19
ENST00000173527.6	582-585	15
ENST00000173898.12	1758-1761	16
ENST00000175091.5	333-336	18
ENST00000175756.10	814-817	13
ENST00000176643.11	1184-1187	21
ENST00000176763.10	1994-1997	17
ENST00000178640.10	966-969	23
ENST00000179259.6	725-728	21
ENST00000181796.7	756-759	24
ENST00000181839.10	3026-3029	22
ENST00000182527.4	841-844	18
ENST00000184266.3	351-354	19
ENST00000184956.11	1657-1660	19
ENST00000185150.9	1463-1466	22
ENST00000186436.10	2515-2518	21
ENST00000188312.7	1189-1192	16
ENST00000190611.9	3258-3261	18
ENST00000192788.6	3018-3021	15
ENST00000193322.8	309-312	19
ENST00000194214.10	331-334	21
ENST00000194530.8	1518-1521	20
ENST00000196061.5	1803-1806	18
ENST00000196371.10	955-958	20
ENST00000196482.4	611-614	18
ENST00000196551.8	390-393	15
ENST00000197268.13	836-839	19
ENST00000198767.11	231-234	20
ENST00000199320.9	631-634	21
ENST00000199389.11	482-485	24
ENST00000199706.13	614-617	23
ENST00000199814.9	260-263	20
ENST00000200135.8	380-383	17
ENST00000200457.9	1338-1341	21
ENST00000200557.11	1463-1466	11
ENST00000200639.9	697-700	19
ENST00000202017.6	292-295	15
ENST00000202556.14	379-382	15
ENST00000202677.12	2933-2936	13
ENST00000202773.14	139-142	19
ENST00000202834.12	473-476	20
ENST00000203001.7	656-659	23
ENST00000203166.10	69-72	16
ENST00000203407.6	794-797	20
ENST00000203630.10	489-492	17
ENST00000203664.10	228-231	13
ENST00000204517.11	769-772	15
ENST00000204549.9	1152-1155	17
ENST00000204566.7	901-904	18
ENST00000204679.9	389-392	12
ENST00000204961.5	1671-1674	22
ENST00000205194.5	728-731	20
ENST00000205214.11	580-583	17
ENST00000205402.10	155-158	19
ENST00000205636.4	575-578	16
ENST00000206020.8	511-514	18
ENST00000206380.8	749-752	17
ENST00000206451.11	774-777	21
ENST00000206542.9	1014-1017	15
ENST00000206595.11	215-218	19
ENST00000207870.8	924-927	15
ENST00000209728.9	1641-1644	15
ENST00000209873.9	1156-1159	17
ENST00000209875.9	181-184	18
ENST00000209884.5	178-181	17
ENST00000210060.12	870-873	18
ENST00000210444.6	842-845	23
ENST00000211314.5	431-434	16
ENST00000211998.10	2522-2525	24
ENST00000212015.11	2037-2040	23
ENST00000212355.9	2559-2562	19
ENST00000214869.7	378-381	16
ENST00000215071.9	1033-1036	20
ENST00000215115.5	343-346	15
ENST00000215375.7	418-421	21
ENST00000215565.3	141-144	21
ENST00000215567.10	949-952	23
ENST00000215570.8	107-110	22
ENST00000215574.9	436-439	22
ENST00000215631.9	235-238	13
ENST00000215659.13	456-459	21
ENST00000215730.12	140-143	20
ENST00000215754.8	218-221	16
ENST00000215770.6	33-36	21
ENST00000215790.12	357-360	15
ENST00000215793.13	540-543	22
ENST00000215794.8	327-330	15
ENST00000215829.8	445-448	26
ENST00000215832.11	1228-1231	19
ENST00000215882.10	987-990	17
ENST00000215904.7	765-768	23
ENST00000215906.6	1192-1195	12
ENST00000215909.10	106-109	20
ENST00000215917.11	950-953	16
ENST00000215941.9	597-600	21
ENST00000215957.10	369-372	19
ENST00000215980.10	256-259	16
ENST00000216014.9	147-150	14
ENST00000216027.8	114-117	14
ENST00000216029.8	277-280	19
ENST00000216034.6	91-94	14
ENST00000216038.6	1108-1111	19
ENST00000216044.10	819-822	16
ENST00000216068.9	245-248	12
ENST00000216085.12	563-566	15
ENST00000216106.6	415-418	23
ENST00000216117.9	318-321	16
ENST00000216121.12	256-259	18
ENST00000216122.9	95-98	27
ENST00000216129.7	1577-1580	25
ENST00000216146.9	341-344	27
ENST00000216160.11	392-395	18
ENST00000216180.8	1244-1247	12
ENST00000216181.11	696-699	24
ENST00000216185.7	428-431	23
ENST00000216190.13	1127-1130	22
ENST00000216218.8	600-603	27
ENST00000216225.9	174-177	23
ENST00000216237.10	93-96	17
ENST00000216252.4	333-336	15
ENST00000216254.9	33-36	19
ENST00000216259.8	608-611	16
ENST00000216264.13	854-857	17
ENST00000216268.6	3922-3925	24
ENST00000216277.13	517-520	23
ENST00000216281.13	314-317	21
ENST00000216286.10	1859-1862	14
ENST00000216294.5	350-353	20
ENST00000216297.7	2321-2324	22
ENST00000216367.10	890-893	20
ENST00000216373.10	382-385	13
ENST00000216392.8	1505-1508	24
ENST00000216410.8	200-203	23
ENST00000216416.9	308-311	19
ENST00000216420.12	177-180	19
ENST00000216442.12	640-643	22
ENST00000216452.9	494-497	20
ENST00000216455.9	510-513	17
ENST00000216465.10	202-205	16
ENST00000216468.8	926-929	18
ENST00000216479.8	211-214	25
ENST00000216484.7	1630-1633	16
ENST00000216489.8	445-448	18
ENST00000216513.5	2398-2401	16
ENST00000216554.8	495-498	23
ENST00000216639.8	662-665	18
ENST00000216714.8	378-381	18
ENST00000216727.9	553-556	21
ENST00000216756.11	129-132	18
ENST00000216774.11	836-839	19
ENST00000216780.9	1325-1328	18
ENST00000216797.10	321-324	18
ENST00000216799.9	193-196	17
ENST00000216802.10	419-422	16
ENST00000216807.12	905-908	21
ENST00000216832.9	731-734	21
ENST00000216840.11	1530-1533	14
ENST00000216879.9	388-391	17
ENST00000216923.5	941-944	24
ENST00000216962.9	1702-1705	21
ENST00000216968.5	443-446	18
ENST00000217026.5	1169-1172	19
ENST00000217109.9	1385-1388	20
ENST00000217159.6	1704-1707	17
ENST00000217173.7	195-198	20
ENST00000217182.6	976-979	19
ENST00000217244.9	411-414	21
ENST00000217381.3	1454-1457	14
ENST00000217402.3	523-526	22
ENST00000217426.7	1372-1375	21
ENST00000217446.8	1045-1048	17
ENST00000217455.9	515-518	16
ENST00000217456.3	1200-1203	19
ENST00000217515.11	617-620	22
ENST00000217652.8	406-409	21
ENST00000217740.4	699-702	12
ENST00000217893.10	513-516	22
ENST00000217901.10	1162-1165	21
ENST00000217958.8	124-127	19
ENST00000217971.8	622-625	21
ENST00000218230.6	459-462	25
ENST00000218340.4	79-82	17
ENST00000218364.5	513-516	23
ENST00000218388.9	539-542	16
ENST00000218516.4	97-100	20
ENST00000218652.12	1024-1027	20
ENST00000219069.6	424-427	16
ENST00000219091.9	159-162	18
ENST00000219097.7	740-743	15
ENST00000219139.8	496-499	21
ENST00000219169.9	424-427	16
ENST00000219204.8	490-493	19
ENST00000219240.9	789-792	21
ENST00000219252.10	553-556	20
ENST00000219281.8	119-122	23
ENST00000219299.8	85-88	17
ENST00000219302.8	222-225	15
ENST00000219313.9	272-275	21
ENST00000219315.9	927-930	21
ENST00000219320.9	1062-1065	16
ENST00000219343.11	1347-1350	15
ENST00000219345.10	321-324	16
ENST00000219400.8	406-409	17
ENST00000219409.8	279-282	27
ENST00000219439.9	1147-1150	17
ENST00000219473.12	133-136	20
ENST00000219476.9	4310-4313	27
ENST00000219478.11	508-511	21
ENST00000219479.7	399-402	19
ENST00000219481.10	544-547	18
ENST00000219548.9	731-734	17
ENST00000219611.7	3168-3171	25
ENST00000219789.11	807-810	15
ENST00000219794.11	688-691	22
ENST00000219797.9	186-189	21
ENST00000219837.12	312-315	24
ENST00000220003.14	1183-1186	25
ENST00000220058.9	152-155	17
ENST00000220166.10	1013-1016	19
ENST00000220325.9	657-660	20
ENST00000220496.9	834-837	16
ENST00000220507.5	359-362	12
ENST00000220509.10	328-331	20
ENST00000220514.8	690-693	15
ENST00000220531.9	188-191	17
ENST00000220562.9	3353-3356	17
ENST00000220584.9	926-929	26
ENST00000220592.10	1069-1072	22
ENST00000220597.4	1404-1407	16
ENST00000220659.11	933-936	23
ENST00000220669.10	151-154	16
ENST00000220751.5	596-599	18
ENST00000220809.9	1481-1484	17
ENST00000220822.12	881-884	20
ENST00000220849.10	657-660	19
ENST00000220853.8	506-509	22
ENST00000220913.10	424-427	14
ENST00000221086.8	244-247	14
ENST00000221114.8	552-555	16
ENST00000221130.11	1070-1073	22
ENST00000221138.9	589-592	15
ENST00000221200.9	343-346	20
ENST00000221232.11	540-543	21
ENST00000221233.9	700-703	20
ENST00000221265.8	1160-1163	24
ENST00000221283.10	796-799	16
ENST00000221418.9	373-376	22
ENST00000221419.10	1001-1004	23
ENST00000221431.11	195-198	16
ENST00000221455.8	435-438	16
ENST00000221462.9	2193-2196	14
ENST00000221466.10	467-470	14
ENST00000221486.6	354-357	18
ENST00000221494.10	595-598	25
ENST00000221543.10	55-58	15
ENST00000221554.13	483-486	17
ENST00000221566.7	235-238	16
ENST00000221573.11	782-785	13
ENST00000221671.8	1564-1567	16
ENST00000221801.8	667-670	22
ENST00000221855.8	816-819	21
ENST00000221856.11	908-911	17
ENST00000221859.9	25-28	18
ENST00000221922.11	582-585	16
ENST00000221930.6	1244-1247	17
ENST00000221943.14	364-367	19
ENST00000221957.9	118-121	20
ENST00000222005.7	780-783	25
ENST00000222008.11	368-371	17
ENST00000222120.8	559-562	14
ENST00000222122.10	1036-1039	11
ENST00000222214.10	224-227	19
ENST00000222219.8	368-371	17
ENST00000222224.4	602-605	15
ENST00000222247.10	293-296	15
ENST00000222250.5	438-441	14
ENST00000222254.13	2220-2223	17
ENST00000222284.10	516-519	17
ENST00000222305.8	362-365	24
ENST00000222307.9	105-108	27
ENST00000222329.9	714-717	19
ENST00000222330.8	635-638	23
ENST00000222345.11	2902-2905	24
ENST00000222374.3	990-993	17
ENST00000222388.6	718-721	20
ENST00000222399.11	389-392	18
ENST00000222511.11	1007-1010	17
ENST00000222547.8	241-244	18
ENST00000222553.8	357-360	22
ENST00000222567.6	648-651	18
ENST00000222572.8	320-323	25
ENST00000222574.9	1665-1668	18
ENST00000222584.8	349-352	18
ENST00000222644.10	1689-1692	17
ENST00000222673.6	954-957	20
ENST00000222693.5	521-524	17
ENST00000222726.4	836-839	20
ENST00000222747.8	923-926	21
ENST00000222800.8	179-182	14
ENST00000222803.10	356-359	15
ENST00000222969.10	688-691	23
ENST00000222990.8	725-728	14
ENST00000223023.5	953-956	14
ENST00000223029.8	902-905	18
ENST00000223073.6	1927-1930	17
ENST00000223127.8	910-913	24
ENST00000223129.8	1346-1349	14
ENST00000223136.5	425-428	17
ENST00000223145.10	1722-1725	23
ENST00000223208.10	728-731	19
ENST00000223273.7	246-249	17
ENST00000223321.9	316-319	19
ENST00000223324.3	338-341	20
ENST00000223336.11	361-364	20
ENST00000223368.7	223-226	16
ENST00000223369.3	644-647	16
ENST00000223459.11	898-901	12
ENST00000223500.9	537-540	18
ENST00000223641.5	178-181	16
ENST00000223864.7	605-608	14
ENST00000224073.6	485-488	18
ENST00000224140.6	4267-4270	18
ENST00000224652.12	238-241	15
ENST00000224949.9	64-67	20
ENST00000224950.8	528-531	15
ENST00000225171.7	732-735	19
ENST00000225174.8	230-233	18
ENST00000225235.5	1627-1630	19
ENST00000225296.8	747-750	18
ENST00000225298.12	42-45	28
ENST00000225388.9	1475-1478	24
ENST00000225394.8	1803-1806	21
ENST00000225430.9	473-476	23
ENST00000225504.8	72-75	17
ENST00000225519.5	340-343	18
ENST00000225525.4	187-190	21
ENST00000225577.9	826-829	16
ENST00000225603.9	737-740	20
ENST00000225609.10	86-89	18
ENST00000225648.4	720-723	19
ENST00000225655.6	448-451	25
ENST00000225665.12	769-772	16
ENST00000225698.8	727-730	21
ENST00000225719.9	981-984	22
ENST00000225726.10	1258-1261	20
ENST00000225728.8	104-107	18
ENST00000225729.8	757-760	16
ENST00000225737.11	572-575	15
ENST00000225777.8	552-555	23
ENST00000225792.10	1847-1850	19
ENST00000225873.9	613-616	14
ENST00000225916.10	1350-1353	18
ENST00000225927.7	2003-2006	19
ENST00000225969.9	242-245	18
ENST00000225972.8	254-257	23
ENST00000226004.8	596-599	17
ENST00000226105.11	485-488	16
ENST00000226225.7	753-756	17
ENST00000226230.8	448-451	27
ENST00000226253.9	629-632	27
ENST00000226299.9	1129-1132	22
ENST00000226319.11	399-402	18
ENST00000226574.9	2705-2708	18
ENST00000226725.11	1036-1039	9
ENST00000226760.5	2348-2351	19
ENST00000226796.7	358-361	21
ENST00000226798.9	690-693	20
ENST00000227135.7	241-244	18
ENST00000227266.10	346-349	17
ENST00000227322.8	627-630	19
ENST00000227471.7	1473-1476	17
ENST00000227474.8	515-518	20
ENST00000227507.3	596-599	19
ENST00000227520.10	726-729	21
ENST00000227524.9	1196-1199	22
ENST00000227525.8	455-458	21
ENST00000227618.9	423-426	16
ENST00000227638.8	1444-1447	20
ENST00000227756.5	1441-1444	14
ENST00000227758.7	2386-2389	17
ENST00000227868.9	944-947	17
ENST00000228136.9	501-504	18
ENST00000228251.9	698-701	23
ENST00000228347.9	624-627	20
ENST00000228425.11	2080-2083	19
ENST00000228437.10	1127-1130	17
ENST00000228495.11	251-254	18
ENST00000228506.8	820-823	26
ENST00000228510.8	1183-1186	16
ENST00000228515.6	719-722	14
ENST00000228705.7	1794-1797	14
ENST00000228740.7	425-428	23
ENST00000228741.8	792-795	13
ENST00000228799.7	402-405	13
ENST00000228825.12	107-110	17
ENST00000228827.8	810-813	21
ENST00000228872.9	880-883	18
ENST00000228922.12	335-338	20
ENST00000229179.9	523-526	25
ENST00000229195.8	251-254	18
ENST00000229214.9	1017-1020	19
ENST00000229238.5	375-378	17
ENST00000229239.10	172-175	17
ENST00000229266.8	351-354	18
ENST00000229268.13	1206-1209	20
ENST00000229277.6	584-587	30
ENST00000229281.6	436-439	17
ENST00000229314.10	324-327	16
ENST00000229328.10	463-466	17
ENST00000229329.7	794-797	17
ENST00000229330.9	162-165	13
ENST00000229340.10	661-664	17
ENST00000229379.3	293-296	17
ENST00000229390.8	493-496	19
ENST00000229395.8	327-330	21
ENST00000229563.6	450-453	17
ENST00000229595.6	511-514	15
ENST00000229633.7	733-736	17
ENST00000229758.8	820-823	19
ENST00000229769.3	1498-1501	18
ENST00000229794.9	1289-1292	19
ENST00000229812.8	1531-1534	19
ENST00000229903.5	442-445	18
ENST00000229922.7	171-174	17
ENST00000230048.5	379-382	17
ENST00000230050.4	421-424	19
ENST00000230056.8	912-915	25
ENST00000230085.13	122-125	16
ENST00000230122.4	936-939	20
ENST00000230124.8	1355-1358	16
ENST00000230340.9	847-850	21
ENST00000230419.9	2812-2815	19
ENST00000230431.11	499-502	16
ENST00000230449.9	2492-2495	18
ENST00000230461.11	535-538	18
ENST00000230538.12	343-346	15
ENST00000230640.10	2182-2185	20
ENST00000230771.9	1199-1202	22
ENST00000230792.7	1167-1170	22
ENST00000230859.8	1110-1113	25
ENST00000230895.11	175-178	22
ENST00000231198.12	354-357	17
ENST00000231238.10	696-699	19
ENST00000231368.10	196-199	26
ENST00000231498.8	396-399	23
ENST00000231512.5	482-485	28
ENST00000231524.14	1421-1424	20
ENST00000231572.8	1000-1003	20
ENST00000231887.8	108-111	16
ENST00000231948.9	433-436	18
ENST00000232424.4	425-428	17
ENST00000232496.5	355-358	17
ENST00000232501.8	297-300	17
ENST00000232564.8	284-287	19
ENST00000232607.7	140-143	20
ENST00000232766.6	55-58	16
ENST00000232854.9	1232-1235	12
ENST00000232888.7	1024-1027	19
ENST00000232905.4	391-394	18
ENST00000232978.13	4223-4226	14
ENST00000233027.10	1040-1043	16
ENST00000233047.9	516-519	15
ENST00000233055.9	276-279	16
ENST00000233057.9	1294-1297	22
ENST00000233078.9	284-287	26
ENST00000233084.8	357-360	23
ENST00000233099.6	2634-2637	19
ENST00000233114.13	675-678	19
ENST00000233121.7	593-596	23
ENST00000233143.6	87-90	21
ENST00000233146.7	1797-1800	26
ENST00000233154.9	1489-1492	18
ENST00000233190.11	1911-1914	24
ENST00000233331.12	519-522	21
ENST00000233336.7	933-936	13
ENST00000233379.9	522-525	20
ENST00000233468.5	136-139	24
ENST00000233575.7	764-767	20
ENST00000233596.8	125-128	12
ENST00000233615.7	534-537	18
ENST00000233623.11	24-27	17
ENST00000233627.14	62-65	14
ENST00000233630.11	705-708	18
ENST00000233741.9	834-837	24
ENST00000233809.9	722-725	15
ENST00000233813.5	1239-1242	18
ENST00000233838.9	158-161	20
ENST00000233893.10	334-337	18
ENST00000234038.11	521-524	27
ENST00000234040.9	2399-2402	17
ENST00000234111.9	1609-1612	20
ENST00000234160.5	595-598	22
ENST00000234170.10	920-923	19
ENST00000234179.8	1930-1933	21
ENST00000234198.9	1190-1193	19
ENST00000234256.4	1556-1559	17
ENST00000234296.7	917-920	19
ENST00000234301.3	272-275	15
ENST00000234310.8	594-597	25
ENST00000234420.11	1532-1535	19
ENST00000234453.10	1241-1244	14
ENST00000234454.6	355-358	20
ENST00000234590.10	905-908	22
ENST00000234626.11	1775-1778	19
ENST00000234677.7	1575-1578	21
ENST00000234827.6	583-586	17
ENST00000234831.10	676-679	18
ENST00000234875.9	157-160	19
ENST00000235090.10	1035-1038	15
ENST00000235150.5	958-961	16
ENST00000235329.10	1798-1801	21
ENST00000235332.6	785-788	18
ENST00000235345.6	237-240	16
ENST00000235382.7	615-618	15
ENST00000235521.5	606-609	16
ENST00000235835.8	725-728	16
ENST00000236051.3	181-184	25
ENST00000236137.10	694-697	16
ENST00000236192.12	547-550	20
ENST00000236273.9	578-581	21
ENST00000236342.12	648-651	21
ENST00000236671.7	1259-1262	21
ENST00000236959.14	1713-1716	28
ENST00000237264.9	459-462	15
ENST00000237281.5	2387-2390	22
ENST00000237283.9	580-583	15
ENST00000237380.12	50-53	18
ENST00000237455.5	2524-2527	17
ENST00000237500.10	627-630	21
ENST00000237530.11	1380-1383	25
ENST00000237596.7	1398-1401	13
ENST00000237654.9	1557-1560	20
ENST00000237822.8	91-94	13
ENST00000237853.9	952-955	14
ENST00000237858.11	310-313	17
ENST00000237889.9	64-67	17
ENST00000238081.8	754-757	22
ENST00000238112.8	1164-1167	20
ENST00000238146.9	884-887	18
ENST00000238156.8	632-635	20
ENST00000238256.8	1036-1039	14
ENST00000238497.10	1414-1417	22
ENST00000238558.5	257-260	13
ENST00000238561.10	160-163	15
ENST00000238609.4	334-337	19
ENST00000238616.10	2698-2701	19
ENST00000238618.8	343-346	13
ENST00000238647.5	1234-1237	20
ENST00000238651.10	1201-1204	20
ENST00000238714.8	757-760	17
ENST00000238721.9	751-754	14
ENST00000238738.9	806-809	12
ENST00000238788.14	2082-2085	21
ENST00000238789.10	989-992	11
ENST00000238823.13	1035-1038	22
ENST00000238831.9	459-462	19
ENST00000238875.10	606-609	13
ENST00000238892.4	110-113	12
ENST00000238936.8	387-390	22
ENST00000238961.9	3232-3235	17
ENST00000239144.5	1143-1146	19
ENST00000239223.4	912-915	14
ENST00000239231.7	625-628	16
ENST00000239243.7	621-624	18
ENST00000239367.7	1791-1794	17
ENST00000239666.9	429-432	19
ENST00000239690.9	791-794	19
ENST00000239830.9	471-474	16
ENST00000239878.9	96-99	15
ENST00000239882.7	1223-1226	16
ENST00000239891.4	589-592	20
ENST00000239906.10	491-494	25
ENST00000239940.12	42-45	26
ENST00000239944.7	421-424	15
ENST00000240050.9	613-616	15
ENST00000240055.8	629-632	21
ENST00000240079.11	551-554	18
ENST00000240093.8	876-879	20
ENST00000240139.10	818-821	16
ENST00000240185.8	741-744	20
ENST00000240285.10	1345-1348	20
ENST00000240316.5	721-724	15
ENST00000240328.4	1189-1192	12
ENST00000240333.12	617-620	21
ENST00000240364.7	1061-1064	22
ENST00000240423.9	1126-1129	20
ENST00000240488.8	488-491	23
ENST00000240587.5	670-673	17
ENST00000240651.14	1402-1405	17
ENST00000240662.3	528-531	17
ENST00000240731.5	236-239	19
ENST00000240851.9	586-589	20
ENST00000240922.8	423-426	21
ENST00000241014.6	458-461	18
ENST00000241051.8	1602-1605	15
ENST00000241052.5	1544-1547	20
ENST00000241416.12	1342-1345	16
ENST00000241436.9	394-397	15
ENST00000241463.5	361-364	16
ENST00000241502.9	425-428	20
ENST00000241600.10	653-656	17
ENST00000241704.8	2744-2747	22
ENST00000242059.10	287-290	18
ENST00000242067.11	2355-2358	15
ENST00000242108.9	2137-2140	10
ENST00000242209.9	1268-1271	23
ENST00000242248.10	1511-1514	14
ENST00000242257.14	477-480	21
ENST00000242261.6	813-816	17
ENST00000242275.7	1007-1010	15
ENST00000242351.10	1829-1832	17
ENST00000242505.11	1673-1676	9
ENST00000242576.7	434-437	17
ENST00000242577.11	263-266	15
ENST00000242591.10	2137-2140	13
ENST00000242592.9	519-522	17
ENST00000242719.4	850-853	13
ENST00000242776.9	874-877	24
ENST00000242783.11	2151-2154	18
ENST00000242784.5	525-528	19
ENST00000242786.6	935-938	17
ENST00000242810.11	2083-2086	18
ENST00000242827.11	623-626	18
ENST00000242839.10	4364-4367	14
ENST00000243045.10	259-262	22
ENST00000243189.12	695-698	16
ENST00000243253.8	419-422	19
ENST00000243298.3	578-581	11
ENST00000243344.8	2759-2762	16
ENST00000243389.8	264-267	18
ENST00000243440.2	225-228	12
ENST00000243498.10	375-378	18
ENST00000243501.10	771-774	14
ENST00000243563.8	1013-1016	19
ENST00000243776.11	1876-1879	16
ENST00000243903.6	784-787	15
ENST00000243918.10	592-595	15
ENST00000243997.8	138-141	13
ENST00000244020.5	699-702	19
ENST00000244040.4	634-637	13
ENST00000244051.3	1042-1045	17
ENST00000244061.6	556-559	19
ENST00000244137.12	1204-1207	20
ENST00000244204.11	627-630	15
ENST00000244217.6	109-112	11
ENST00000244221.9	379-382	17
ENST00000244227.8	221-224	20
ENST00000244230.7	1814-1817	21
ENST00000244496.6	404-407	24
ENST00000244520.10	459-462	23
ENST00000244571.5	198-201	18
ENST00000244711.4	460-463	17
ENST00000244741.10	96-99	13
ENST00000244745.4	1003-1006	23
ENST00000244763.9	844-847	19
ENST00000244766.7	494-497	18
ENST00000245046.7	741-744	18
ENST00000245157.11	1515-1518	19
ENST00000245185.6	207-210	19
ENST00000245206.10	1246-1249	20
ENST00000245222.9	763-766	14
ENST00000245304.5	500-503	20
ENST00000245407.8	1523-1526	18
ENST00000245414.9	363-366	13
ENST00000245451.9	414-417	15
ENST00000245458.11	193-196	17
ENST00000245539.11	595-598	19
ENST00000245543.6	512-515	14
ENST00000245544.9	1724-1727	22
ENST00000245552.7	263-266	15
ENST00000245564.8	238-241	22
ENST00000245615.6	762-765	20
ENST00000245680.7	752-755	21
ENST00000245787.9	383-386	18
ENST00000245816.11	830-833	17
ENST00000245817.5	347-350	21
ENST00000245838.13	4506-4509	29
ENST00000245923.9	1572-1575	20
ENST00000245925.8	1653-1656	19
ENST00000245932.11	1247-1250	16
ENST00000245934.12	3009-3012	18
ENST00000245960.10	1731-1734	22
ENST00000246024.7	664-667	23
ENST00000246069.12	620-623	21
ENST00000246071.8	702-705	17
ENST00000246117.9	962-965	19
ENST00000246151.9	158-161	18
ENST00000246166.3	617-620	13
ENST00000246190.11	1108-1111	16
ENST00000246194.8	967-970	20
ENST00000246229.5	1066-1069	20
ENST00000246337.9	42-45	19
ENST00000246533.8	491-494	21
ENST00000246535.4	1085-1088	21
ENST00000246548.9	1354-1357	17
ENST00000246747.9	117-120	20
ENST00000246784.8	149-152	20
ENST00000246802.10	1334-1337	25
ENST00000246868.7	529-532	18
ENST00000246957.10	1345-1348	23
ENST00000247001.10	1600-1603	20
ENST00000247003.9	153-156	19
ENST00000247020.9	147-150	19
ENST00000247026.10	1573-1576	24
ENST00000247138.11	676-679	14
ENST00000247178.6	257-260	15
ENST00000247191.7	820-823	19
ENST00000247194.9	716-719	16
ENST00000247225.7	949-952	19
ENST00000247226.13	362-365	15
ENST00000247291.8	411-414	25
ENST00000247461.9	997-1000	26
ENST00000247655.4	235-238	14
ENST00000247665.12	187-190	21
ENST00000247668.7	1125-1128	20
ENST00000247833.12	206-209	20
ENST00000247843.7	548-551	29
ENST00000247866.9	337-340	24
ENST00000247930.5	1397-1400	16
ENST00000247956.11	1500-1503	15
ENST00000247970.9	51-54	21
ENST00000247977.9	404-407	19
ENST00000248054.10	1019-1022	18
ENST00000248089.8	400-403	21
ENST00000248098.8	568-571	22
ENST00000248114.7	458-461	18
ENST00000248139.8	667-670	17
ENST00000248248.8	190-193	24
ENST00000248306.8	160-163	14
ENST00000248342.9	480-483	22
ENST00000248378.6	440-443	17
ENST00000248450.9	168-171	22
ENST00000248553.7	520-523	19
ENST00000248566.4	119-122	21
ENST00000248594.11	1839-1842	21
ENST00000248633.9	1327-1330	19
ENST00000248668.5	871-874	21
ENST00000248846.10	3015-3018	17
ENST00000248879.8	723-726	18
ENST00000248924.11	928-931	19
ENST00000248929.14	470-473	19
ENST00000248958.5	686-689	21
ENST00000248975.6	805-808	18
ENST00000249014.5	939-942	25
ENST00000249042.8	705-708	22
ENST00000249064.9	980-983	21
ENST00000249269.9	187-190	21
ENST00000249289.5	79-82	19
ENST00000249299.7	276-279	16
ENST00000249344.7	1016-1019	12
ENST00000249356.4	846-849	15
ENST00000249364.9	505-508	18
ENST00000249373.8	2028-2031	16
ENST00000249396.12	1246-1249	19
ENST00000249442.11	881-884	18
ENST00000249504.7	1027-1030	26
ENST00000249601.9	1723-1726	15
ENST00000249636.11	111-114	19
ENST00000249647.8	718-721	17
ENST00000249700.9	536-539	17
ENST00000249750.9	1360-1363	18
ENST00000249776.13	703-706	20
ENST00000249786.9	225-228	16
ENST00000249806.11	615-618	17
ENST00000249822.9	381-384	21
ENST00000249861.9	599-602	15
ENST00000249883.10	1445-1448	15
ENST00000250024.9	795-798	17
ENST00000250076.8	62-65	15
ENST00000250101.10	260-263	19
ENST00000250113.12	1904-1907	21
ENST00000250124.11	365-368	18
ENST00000250237.10	211-214	14
ENST00000250263.8	479-482	20
ENST00000250340.9	1071-1074	23
ENST00000250454.8	94-97	21
ENST00000250457.9	961-964	17
ENST00000250489.9	820-823	17
ENST00000250495.10	151-154	15
ENST00000250498.9	133-136	21
ENST00000250559.14	597-600	22
ENST00000250617.7	398-401	18
ENST00000250896.9	260-263	18
ENST00000250916.6	556-559	19
ENST00000251020.9	1331-1334	15
ENST00000251038.10	628-631	31
ENST00000251047.6	750-753	20
ENST00000251089.8	346-349	23
ENST00000251166.9	885-888	20
ENST00000251241.9	740-743	20
ENST00000251268.11	1413-1416	17
ENST00000251287.3	248-251	15
ENST00000251303.11	504-507	20
ENST00000251334.7	1397-1400	19
ENST00000251363.10	331-334	17
ENST00000251412.8	1459-1462	25
ENST00000251413.8	1294-1297	22
ENST00000251453.8	393-396	16
ENST00000251496.7	3006-3009	17
ENST00000251588.7	147-150	20
ENST00000251607.11	711-714	17
ENST00000251636.10	2446-2449	17
ENST00000251654.9	261-264	22
ENST00000251775.9	600-603	27
ENST00000251810.8	771-774	16
ENST00000251849.9	574-577	18
ENST00000251871.9	1639-1642	19
ENST00000251900.9	454-457	19
ENST00000251968.4	1281-1284	18
ENST00000251973.10	2483-2486	13
ENST00000252011.8	303-306	13
ENST00000252015.3	215-218	18
ENST00000252102.9	275-278	15
ENST00000252108.8	368-371	22
ENST00000252115.10	851-854	17
ENST00000252136.12	857-860	18
ENST00000252137.11	701-704	20
ENST00000252207.10	549-552	15
ENST00000252211.7	435-438	20
ENST00000252288.8	99-102	19
ENST00000252445.8	85-88	22
ENST00000252483.10	835-838	21
ENST00000252512.14	3304-3307	23
ENST00000252530.10	487-490	13
ENST00000252542.9	859-862	24
ENST00000252599.9	395-398	26
ENST00000252602.2	282-285	19
ENST00000252603.7	729-732	20
ENST00000252622.15	188-191	26
ENST00000252674.9	941-944	21
ENST00000252699.7	328-331	21
ENST00000252711.7	1079-1082	26
ENST00000252713.9	236-239	24
ENST00000252744.6	3621-3624	19
ENST00000252818.5	864-867	22
ENST00000252840.11	1268-1271	14
ENST00000252891.8	1464-1467	24
ENST00000252934.10	974-977	24
ENST00000252936.8	1658-1661	22
ENST00000252971.11	1213-1216	16
ENST00000252979.6	159-162	14
ENST00000252996.9	83-86	17
ENST00000253003.7	171-174	21
ENST00000253023.8	497-500	18
ENST00000253024.10	1750-1753	26
ENST00000253039.9	1165-1168	22
ENST00000253047.7	79-82	17
ENST00000253048.10	467-470	22
ENST00000253063.4	1557-1560	17
ENST00000253083.9	436-439	21
ENST00000253099.11	862-865	19
ENST00000253107.12	588-591	23
ENST00000253108.9	352-355	21
ENST00000253122.10	1021-1024	16
ENST00000253233.6	283-286	19
ENST00000253237.10	59-62	18
ENST00000253247.9	723-726	19
ENST00000253329.3	542-545	17
ENST00000253363.11	345-348	22
ENST00000253413.10	237-240	17
ENST00000253452.8	485-488	23
ENST00000253457.8	738-741	23
ENST00000253458.12	2353-2356	19
ENST00000253462.8	422-425	20
ENST00000253669.10	447-450	18
ENST00000253686.7	187-190	21
ENST00000253693.7	2404-2407	19
ENST00000253699.7	2264-2267	15
ENST00000253727.10	331-334	19
ENST00000253778.13	2156-2159	17
ENST00000253788.12	253-256	19
ENST00000253794.7	81-84	18
ENST00000253814.6	283-286	21
ENST00000253861.5	2871-2874	17
ENST00000253925.12	777-780	19
ENST00000253928.14	1626-1629	24
ENST00000254029.8	2426-2429	21
ENST00000254066.10	1141-1144	13
ENST00000254101.4	572-575	18
ENST00000254108.12	895-898	24
ENST00000254190.4	1078-1081	17
ENST00000254193.11	520-523	21
ENST00000254250.7	792-795	13
ENST00000254260.8	1908-1911	16
ENST00000254286.9	1245-1248	17
ENST00000254322.3	708-711	22
ENST00000254337.11	487-490	17
ENST00000254351.9	350-353	20
ENST00000254436.8	185-188	12
ENST00000254442.8	963-966	17
ENST00000254480.10	2328-2331	18
ENST00000254508.7	1155-1158	24
ENST00000254521.8	888-891	14
ENST00000254528.4	2424-2427	14
ENST00000254605.11	123-126	21
ENST00000254616.11	52-55	16
ENST00000254624.10	1024-1027	18
ENST00000254630.12	1156-1159	23
ENST00000254654.8	295-298	18
ENST00000254663.12	162-165	16
ENST00000254718.9	3564-3567	21
ENST00000254719.10	1745-1748	22
ENST00000254722.9	743-746	16
ENST00000254730.11	1089-1092	23
ENST00000254759.8	871-874	18
ENST00000254770.3	926-929	17
ENST00000254799.11	831-834	22
ENST00000254803.4	566-569	23
ENST00000254806.8	149-152	21
ENST00000254810.8	517-520	17
ENST00000254878.8	396-399	18
ENST00000254900.10	1621-1624	21
ENST00000254908.11	333-336	21
ENST00000254928.10	583-586	16
ENST00000254940.10	589-592	18
ENST00000254942.8	1053-1056	18
ENST00000254950.13	1305-1308	23
ENST00000254998.3	734-737	15
ENST00000255078.8	2534-2537	16
ENST00000255108.8	856-859	16
ENST00000255174.3	588-591	19
ENST00000255194.11	431-434	20
ENST00000255304.9	910-913	21
ENST00000255305.11	938-941	18
ENST00000255389.10	541-544	17
ENST00000255390.10	641-644	19
ENST00000255476.3	652-655	26
ENST00000255499.3	1335-1338	23
ENST00000255559.8	1085-1088	14
ENST00000255608.9	1427-1430	16
ENST00000255641.13	1748-1751	17
ENST00000255681.7	611-614	19
ENST00000255759.11	132-135	16
ENST00000255764.4	412-415	24
ENST00000255784.6	332-335	14
ENST00000255882.11	6056-6059	24
ENST00000255977.7	1589-1592	18
ENST00000256001.13	944-947	17
ENST00000256015.5	758-761	23
ENST00000256079.9	945-948	23
ENST00000256108.10	104-107	28
ENST00000256151.8	284-287	18
ENST00000256190.13	2832-2835	22
ENST00000256196.9	661-664	17
ENST00000256255.11	394-397	19
ENST00000256257.2	591-594	13
ENST00000256319.7	211-214	15
ENST00000256366.6	262-265	19
ENST00000256379.10	504-507	21
ENST00000256383.11	598-601	21
ENST00000256398.13	1081-1084	17
ENST00000256413.8	1078-1081	23
ENST00000256433.6	183-186	15
ENST00000256441.5	277-280	18
ENST00000256442.10	1184-1187	25
ENST00000256443.8	498-501	18
ENST00000256460.8	406-409	20
ENST00000256474.3	694-697	19
ENST00000256495.4	882-885	15
ENST00000256496.8	387-390	18
ENST00000256538.9	237-240	14
ENST00000256544.8	175-178	14
ENST00000256545.9	575-578	19
ENST00000256637.8	1553-1556	20
ENST00000256646.7	343-346	28
ENST00000256649.9	1967-1970	10
ENST00000256682.9	658-661	19
ENST00000256689.10	387-390	20
ENST00000256707.8	4736-4739	17
ENST00000256854.10	1499-1502	19
ENST00000256897.9	274-277	19
ENST00000256925.12	1649-1652	18
ENST00000256996.9	1324-1327	15
ENST00000257013.9	134-137	18
ENST00000257177.9	2784-2787	18
ENST00000257181.10	796-799	19
ENST00000257245.9	244-247	22
ENST00000257287.5	325-328	19
ENST00000257336.6	1191-1194	15
ENST00000257347.9	956-959	21
ENST00000257430.9	6032-6035	21
ENST00000257435.12	228-231	18
ENST00000257548.10	286-289	17
ENST00000257552.7	670-673	15
ENST00000257637.8	466-469	13
ENST00000257663.4	519-522	19
ENST00000257694.13	986-989	21
ENST00000257696.5	376-379	13
ENST00000257700.7	1522-1525	19
ENST00000257787.6	1128-1131	21
ENST00000257829.8	452-455	25
ENST00000257857.9	428-431	19
ENST00000257868.10	1359-1362	14
ENST00000257904.11	851-854	24
ENST00000257909.8	370-373	23
ENST00000257910.8	593-596	21
ENST00000257915.10	1145-1148	19
ENST00000257934.9	4135-4138	21
ENST00000257940.7	322-325	15
ENST00000257963.9	756-759	19
ENST00000258052.8	998-1001	21
ENST00000258080.8	1085-1088	13
ENST00000258091.10	1529-1532	24
ENST00000258105.8	95-98	18
ENST00000258145.8	1273-1276	21
ENST00000258149.11	562-565	20
ENST00000258169.9	328-331	21
ENST00000258173.11	352-355	15
ENST00000258198.7	567-570	24
ENST00000258201.9	509-512	22
ENST00000258214.3	1626-1629	15
ENST00000258243.7	3123-3126	23
ENST00000258281.7	1480-1483	20
ENST00000258301.6	314-317	19
ENST00000258341.5	510-513	23
ENST00000258383.4	943-946	17
ENST00000258399.8	1687-1690	19
ENST00000258416.8	345-348	24
ENST00000258418.10	945-948	20
ENST00000258424.3	199-202	20
ENST00000258428.8	3049-3052	18
ENST00000258436.10	111-114	15
ENST00000258439.8	707-710	17
ENST00000258455.8	1146-1149	20
ENST00000258457.7	219-222	16
ENST00000258484.11	2679-2682	12
ENST00000258530.8	2109-2112	17
ENST00000258607.10	205-208	25
ENST00000258648.7	242-245	13
ENST00000258662.3	174-177	19
ENST00000258729.8	948-951	23
ENST00000258739.9	356-359	18
ENST00000258742.10	77-80	24
ENST00000258761.8	169-172	21
ENST00000258770.8	114-117	17
ENST00000258772.10	943-946	20
ENST00000258774.10	783-786	15
ENST00000258781.11	568-571	12
ENST00000258796.12	989-992	26
ENST00000258821.8	101-104	21
ENST00000258874.4	578-581	16
ENST00000258884.5	1068-1071	22
ENST00000258886.13	482-485	23
ENST00000258947.8	993-996	19
ENST00000258955.7	1000-1003	20
ENST00000258960.7	430-433	18
ENST00000258962.5	181-184	27
ENST00000258975.7	588-591	17
ENST00000259006.8	432-435	14
ENST00000259008.7	614-617	17
ENST00000259021.9	1216-1219	23
ENST00000259037.8	313-316	16
ENST00000259053.6	265-268	25
ENST00000259119.9	1696-1699	20
ENST00000259154.9	922-925	19
ENST00000259199.9	226-229	24
ENST00000259229.7	567-570	21
ENST00000259239.8	666-669	18
ENST00000259241.7	551-554	17
ENST00000259253.11	3716-3719	23
ENST00000259339.7	614-617	17
ENST00000259365.9	732-735	17
ENST00000259400.11	448-451	14
ENST00000259457.8	290-293	18
ENST00000259467.9	699-702	19
ENST00000259470.6	520-523	22
ENST00000259512.9	189-192	23
ENST00000259569.6	2672-2675	23
ENST00000259605.11	1076-1079	15
ENST00000259632.12	235-238	20
ENST00000259667.6	357-360	19
ENST00000259711.11	964-967	15
ENST00000259808.9	1491-1494	15
ENST00000259818.8	1229-1232	26
ENST00000259873.5	539-542	19
ENST00000259874.6	257-260	13
ENST00000259895.9	611-614	17
ENST00000259951.12	996-999	21
ENST00000259963.4	141-144	18
ENST00000260045.8	416-419	17
ENST00000260102.9	658-661	20
ENST00000260118.7	332-335	15
ENST00000260129.6	1598-1601	21
ENST00000260130.9	637-640	24
ENST00000260210.5	392-395	15
ENST00000260247.10	465-468	16
ENST00000260270.3	668-671	15
ENST00000260276.8	377-380	15
ENST00000260327.9	960-963	21
ENST00000260361.9	752-755	15
ENST00000260372.8	311-314	20
ENST00000260379.11	440-443	17
ENST00000260382.10	1959-1962	14
ENST00000260403.7	427-430	13
ENST00000260408.8	1346-1349	19
ENST00000260443.9	213-216	18
ENST00000260447.6	287-290	16
ENST00000260505.13	2730-2733	15
ENST00000260508.9	1186-1189	21
ENST00000260526.11	1576-1579	21
ENST00000260570.8	4908-4911	16
ENST00000260585.12	201-204	22
ENST00000260598.10	1253-1256	20
ENST00000260605.12	625-628	15
ENST00000260641.10	958-961	20
ENST00000260643.7	674-677	16
ENST00000260665.12	1770-1773	20
ENST00000260731.5	2364-2367	22
ENST00000260746.6	572-575	24
ENST00000260762.10	941-944	23
ENST00000260803.9	1485-1488	24
ENST00000260810.10	3783-3786	16
ENST00000260818.11	632-635	20
ENST00000260947.9	2070-2073	14
ENST00000260952.9	569-572	17
ENST00000260953.10	320-323	23
ENST00000260956.9	592-595	20
ENST00000260970.8	1262-1265	20
ENST00000261015.5	857-860	20
ENST00000261018.12	1561-1564	23
ENST00000261023.8	3358-3361	20
ENST00000261038.6	322-325	14
ENST00000261070.7	195-198	13
ENST00000261167.7	412-415	20
ENST00000261168.9	1242-1245	25
ENST00000261183.8	2461-2464	18
ENST00000261191.12	743-746	23
ENST00000261192.12	1186-1189	16
ENST00000261211.8	1323-1326	20
ENST00000261234.11	421-424	25
ENST00000261245.9	522-525	20
ENST00000261249.7	556-559	16
ENST00000261250.8	1163-1166	15
ENST00000261254.8	714-717	22
ENST00000261263.5	714-717	20
ENST00000261296.7	1018-1021	22
ENST00000261303.13	861-864	22
ENST00000261308.10	636-639	18
ENST00000261313.3	296-299	22
ENST00000261318.5	730-733	16
ENST00000261332.11	552-555	21
ENST00000261349.9	1701-1704	18
ENST00000261353.9	134-137	13
ENST00000261366.10	1501-1504	20
ENST00000261369.9	369-372	14
ENST00000261377.11	2236-2239	23
ENST00000261396.6	1901-1904	21
ENST00000261401.8	359-362	18
ENST00000261402.7	1546-1549	15
ENST00000261407.9	832-835	21
ENST00000261413.10	118-121	21
ENST00000261416.12	361-364	21
ENST00000261427.10	759-762	26
ENST00000261435.11	2921-2924	15
ENST00000261438.10	902-905	20
ENST00000261441.9	1081-1084	15
ENST00000261455.9	402-405	24
ENST00000261461.7	950-953	15
ENST00000261464.10	118-121	14
ENST00000261475.10	55-58	20
ENST00000261479.9	260-263	21
ENST00000261483.5	1502-1505	18
ENST00000261497.9	1313-1316	18
ENST00000261499.11	493-496	16
ENST00000261507.11	394-397	17
ENST00000261520.9	1609-1612	19
ENST00000261530.12	890-893	18
ENST00000261531.12	1538-1541	22
ENST00000261534.9	1597-1600	12
ENST00000261537.7	1827-1830	17
ENST00000261556.11	1734-1737	14
ENST00000261558.8	536-539	22
ENST00000261560.10	255-258	17
ENST00000261584.9	3174-3177	15
ENST00000261588.10	3069-3072	13
ENST00000261590.13	396-399	22
ENST00000261593.8	1027-1030	21
ENST00000261597.9	442-445	21
ENST00000261600.11	1423-1426	16
ENST00000261601.8	1204-1207	21
ENST00000261609.13	355-358	22
ENST00000261622.5	1027-1030	18
ENST00000261623.8	394-397	17
ENST00000261636.13	241-244	19
ENST00000261637.5	8491-8494	18
ENST00000261643.8	468-471	19
ENST00000261646.11	178-181	23
ENST00000261647.10	820-823	26
ENST00000261658.7	519-522	17
ENST00000261667.8	491-494	21
ENST00000261674.9	2348-2351	22
ENST00000261681.9	1703-1706	14
ENST00000261692.7	361-364	19
ENST00000261693.11	744-747	25
ENST00000261700.8	259-262	21
ENST00000261708.9	1335-1338	22
ENST00000261712.8	1211-1214	21
ENST00000261714.11	827-830	21
ENST00000261716.8	2034-2037	20
ENST00000261721.9	1139-1142	22
ENST00000261733.7	563-566	20
ENST00000261735.4	325-328	23
ENST00000261739.9	451-454	20
ENST00000261741.10	566-569	17
ENST00000261745.9	1582-1585	18
ENST00000261749.11	914-917	21
ENST00000261758.6	646-649	19
ENST00000261772.13	2432-2435	20
ENST00000261776.10	1695-1698	14
ENST00000261778.2	2811-2814	17
ENST00000261783.4	259-262	20
ENST00000261789.9	734-737	24
ENST00000261797.7	2454-2457	14
ENST00000261811.6	310-313	14
ENST00000261813.9	253-256	14
ENST00000261819.8	1310-1313	22
ENST00000261822.5	319-322	18
ENST00000261837.12	1127-1130	17
ENST00000261839.12	1626-1629	16
ENST00000261842.10	270-273	23
ENST00000261845.7	1071-1074	16
ENST00000261854.10	461-464	19
ENST00000261858.7	1541-1544	18
ENST00000261866.12	2376-2379	14
ENST00000261868.10	348-351	20
ENST00000261875.10	868-871	21
ENST00000261880.10	663-666	21
ENST00000261881.9	88-91	16
ENST00000261884.8	403-406	17
ENST00000261890.7	371-374	17
ENST00000261893.9	1088-1091	20
ENST00000261900.8	125-128	18
ENST00000261908.11	2985-2988	21
ENST00000261937.11	3250-3253	22
ENST00000261942.7	605-608	19
ENST00000261951.9	405-408	23
ENST00000261965.8	1031-1034	15
ENST00000261973.12	2335-2338	23
ENST00000262013.12	2243-2246	19
ENST00000262027.10	1169-1172	21
ENST00000262030.8	834-837	20
ENST00000262031.10	381-384	10
ENST00000262033.11	291-294	17
ENST00000262039.9	217-220	19
ENST00000262043.8	2429-2432	20
ENST00000262052.9	1397-1400	17
ENST00000262053.8	456-459	13
ENST00000262055.9	393-396	16
ENST00000262056.14	649-652	23
ENST00000262061.7	96-99	22
ENST00000262067.5	411-414	21
ENST00000262077.3	2302-2305	23
ENST00000262093.11	1114-1117	17
ENST00000262096.13	617-620	16
ENST00000262109.8	1314-1317	24
ENST00000262120.10	815-818	21
ENST00000262127.7	367-370	23
ENST00000262133.11	2675-2678	15
ENST00000262134.10	1073-1076	17
ENST00000262144.11	634-637	18
ENST00000262146.9	1085-1088	17
ENST00000262160.11	757-760	22
ENST00000262177.9	176-179	24
ENST00000262187.10	573-576	18
ENST00000262188.13	639-642	19
ENST00000262189.11	12298-12301	17
ENST00000262193.7	524-527	22
ENST00000262198.9	422-425	18
ENST00000262207.9	523-526	21
ENST00000262213.7	1219-1222	21
ENST00000262215.8	6008-6011	19
ENST00000262225.8	418-421	22
ENST00000262233.11	1339-1342	19
ENST00000262238.10	809-812	22
ENST00000262241.7	955-958	24
ENST00000262244.6	515-518	11
ENST00000262259.7	1474-1477	13
ENST00000262265.10	696-699	14
ENST00000262288.8	1337-1340	26
ENST00000262291.9	151-154	20
ENST00000262293.9	560-563	28
ENST00000262294.12	3080-3083	20
ENST00000262300.13	524-527	18
ENST00000262302.14	427-430	16
ENST00000262305.9	1099-1102	11
ENST00000262315.14	1604-1607	18
ENST00000262319.11	2430-2433	20
ENST00000262320.8	2914-2917	17
ENST00000262348.9	665-668	19
ENST00000262367.10	3821-3824	20
ENST00000262370.12	672-675	17
ENST00000262374.10	481-484	16
ENST00000262375.11	1142-1145	20
ENST00000262376.11	1390-1393	15
ENST00000262384.4	2887-2890	18
ENST00000262394.7	1134-1137	22
ENST00000262395.10	1482-1485	17
ENST00000262415.8	3162-3165	25
ENST00000262428.5	275-278	23
ENST00000262430.6	846-849	20
ENST00000262432.13	303-306	25
ENST00000262435.14	676-679	19
ENST00000262455.7	631-634	23
ENST00000262457.7	612-615	15
ENST00000262460.5	613-616	20
ENST00000262461.7	1524-1527	24
ENST00000262464.9	7683-7686	20
ENST00000262482.11	618-621	20
ENST00000262498.8	362-365	13
ENST00000262506.8	898-901	16
ENST00000262507.11	579-582	14
ENST00000262518.9	418-421	29
ENST00000262519.14	2200-2203	21
ENST00000262525.6	214-217	20
ENST00000262554.7	472-475	17
ENST00000262570.10	570-573	18
ENST00000262577.6	926-929	20
ENST00000262605.9	142-145	19
ENST00000262608.13	1560-1563	20
ENST00000262613.10	930-933	16
ENST00000262633.9	1249-1252	24
ENST00000262643.8	309-312	16
ENST00000262644.9	1341-1344	19
ENST00000262646.12	356-359	19
ENST00000262713.7	600-603	16
ENST00000262719.10	5120-5123	21
ENST00000262741.10	1640-1643	24
ENST00000262764.11	800-803	16
ENST00000262768.11	803-806	17
ENST00000262776.8	1869-1872	20
ENST00000262803.10	569-572	20
ENST00000262809.9	1374-1377	16
ENST00000262812.9	642-645	19
ENST00000262815.13	1210-1213	15
ENST00000262843.11	1272-1275	13
ENST00000262844.10	497-500	15
ENST00000262854.11	1269-1272	20
ENST00000262879.11	1043-1046	19
ENST00000262887.10	1578-1581	21
ENST00000262890.8	831-834	19
ENST00000262891.9	2199-2202	16
ENST00000262903.9	2920-2923	15
ENST00000262919.10	3642-3645	23
ENST00000262932.5	513-516	14
ENST00000262942.10	661-664	19
ENST00000262947.8	407-410	23
ENST00000262948.10	436-439	25
ENST00000262960.14	2381-2384	18
ENST00000262962.12	340-343	22
ENST00000262963.11	3906-3909	28
ENST00000262965.12	1786-1789	25
ENST00000262971.3	574-577	19
ENST00000262982.3	183-186	23
ENST00000262990.9	445-448	19
ENST00000262994.9	1378-1381	16
ENST00000263025.9	122-125	21
ENST00000263026.10	658-661	21
ENST00000263035.9	2453-2456	18
ENST00000263038.9	505-508	23
ENST00000263063.9	1281-1284	15
ENST00000263073.11	1436-1439	21
ENST00000263083.12	113-116	22
ENST00000263088.11	861-864	19
ENST00000263092.11	178-181	29
ENST00000263097.9	345-348	22
ENST00000263102.7	660-663	20
ENST00000263116.8	327-330	14
ENST00000263119.10	291-294	21
ENST00000263150.9	747-750	15
ENST00000263168.4	247-250	23
ENST00000263181.7	145-148	17
ENST00000263196.12	1205-1208	19
ENST00000263201.7	283-286	25
ENST00000263202.15	858-861	21
ENST00000263205.11	72-75	19
ENST00000263207.8	565-568	13
ENST00000263208.5	2414-2417	25
ENST00000263212.10	855-858	19
ENST00000263228.4	1114-1117	19
ENST00000263233.9	838-841	19
ENST00000263238.7	662-665	19
ENST00000263239.7	279-282	23
ENST00000263245.10	1156-1159	19
ENST00000263246.8	1442-1445	24
ENST00000263253.9	4766-4769	23
ENST00000263256.7	210-213	25
ENST00000263268.11	416-419	12
ENST00000263270.11	152-155	23
ENST00000263274.12	2417-2420	21
ENST00000263275.5	482-485	14
ENST00000263280.11	1577-1580	23
ENST00000263331.10	972-975	18
ENST00000263346.13	259-262	22
ENST00000263354.8	384-387	24
ENST00000263360.11	1086-1089	21
ENST00000263368.9	441-444	17
ENST00000263370.3	366-369	15
ENST00000263382.8	460-463	17
ENST00000263383.8	1608-1611	21
ENST00000263384.12	96-99	17
ENST00000263390.8	1515-1518	19
ENST00000263401.10	528-531	15
ENST00000263440.6	1651-1654	19
ENST00000263461.11	1988-1991	20
ENST00000263559.11	391-394	22
ENST00000263563.7	2278-2281	19
ENST00000263578.10	230-233	19
ENST00000263579.5	411-414	19
ENST00000263620.8	1663-1666	21
ENST00000263629.9	449-452	21
ENST00000263634.8	1382-1385	25
ENST00000263635.8	2077-2080	21
ENST00000263645.10	384-387	18
ENST00000263657.7	56-59	19
ENST00000263663.10	878-881	18
ENST00000263672.11	605-608	18
ENST00000263681.7	884-887	19
ENST00000263688.4	3619-3622	20
ENST00000263694.9	919-922	20
ENST00000263697.6	334-337	23
ENST00000263702.11	178-181	16
ENST00000263713.10	1816-1819	20
ENST00000263733.5	755-758	22
ENST00000263736.5	1462-1465	20
ENST00000263754.5	2177-2180	16
ENST00000263773.10	158-161	18
ENST00000263774.9	447-450	17
ENST00000263780.9	415-418	19
ENST00000263791.10	729-732	14
ENST00000263795.11	340-343	18
ENST00000263798.8	2305-2308	17
ENST00000263847.6	2261-2264	18
ENST00000263849.9	300-303	11
ENST00000263856.9	533-536	19
ENST00000263857.11	233-236	20
ENST00000263881.8	448-451	20
ENST00000263895.9	844-847	25
ENST00000263897.10	811-814	15
ENST00000263904.5	766-769	15
ENST00000263915.8	1517-1520	10
ENST00000263918.9	1585-1588	21
ENST00000263921.8	716-719	22
ENST00000263955.9	995-998	15
ENST00000263956.8	102-105	20
ENST00000263960.7	669-672	15
ENST00000263966.8	552-555	16
ENST00000263967.4	2972-2975	13
ENST00000263985.11	829-832	18
ENST00000263997.11	458-461	15
ENST00000264001.9	557-560	22
ENST00000264010.10	2173-2176	19
ENST00000264021.8	277-280	18
ENST00000264025.8	1910-1913	17
ENST00000264027.9	452-455	17
ENST00000264028.5	997-1000	20
ENST00000264033.6	1783-1786	27
ENST00000264036.6	1436-1439	16
ENST00000264039.7	808-811	18
ENST00000264042.8	419-422	25
ENST00000264057.7	1417-1420	13
ENST00000264059.8	563-566	14
ENST00000264065.12	2587-2590	19
ENST00000264071.7	1306-1309	27
ENST00000264079.11	445-448	17
ENST00000264080.12	169-172	16
ENST00000264093.9	379-382	22
ENST00000264108.5	550-553	24
ENST00000264110.7	1346-1349	22
ENST00000264126.9	843-846	19
ENST00000264151.10	137-140	13
ENST00000264156.3	2172-2175	22
ENST00000264157.10	1104-1107	16
ENST00000264158.13	31-34	22
ENST00000264159.11	153-156	19
ENST00000264161.9	1268-1271	19
ENST00000264167.11	917-920	19
ENST00000264183.9	2311-2314	16
ENST00000264187.7	2141-2144	21
ENST00000264198.5	718-721	21
ENST00000264202.8	299-302	22
ENST00000264218.7	535-538	22
ENST00000264220.6	651-654	21
ENST00000264228.9	824-827	18
ENST00000264230.5	2028-2031	22
ENST00000264233.6	7425-7428	17
ENST00000264235.13	1325-1328	19
ENST00000264249.8	968-971	19
ENST00000264254.11	696-699	16
ENST00000264255.8	133-136	18
ENST00000264258.8	264-267	15
ENST00000264276.11	276-279	21
ENST00000264279.10	563-566	22
ENST00000264312.12	494-497	21
ENST00000264313.11	1942-1945	16
ENST00000264331.9	1249-1252	18
ENST00000264335.13	115-118	17
ENST00000264344.10	266-269	20
ENST00000264350.8	1816-1819	21
ENST00000264377.8	1214-1217	12
ENST00000264380.9	2912-2915	22
ENST00000264389.7	642-645	17
ENST00000264409.5	821-824	15
ENST00000264414.9	891-894	21
ENST00000264424.13	1968-1971	15
ENST00000264433.11	1321-1324	14
ENST00000264436.9	1971-1974	22
ENST00000264447.9	962-965	23
ENST00000264451.12	1586-1589	19
ENST00000264454.8	593-596	18
ENST00000264499.9	1763-1766	19
ENST00000264515.11	552-555	19
ENST00000264538.4	222-225	16
ENST00000264552.14	277-280	26
ENST00000264555.10	3207-3210	19
ENST00000264595.7	764-767	19
ENST00000264596.4	620-623	17
ENST00000264607.9	858-861	13
ENST00000264634.9	1437-1440	15
ENST00000264639.9	563-566	23
ENST00000264645.12	756-759	22
ENST00000264657.10	970-973	16
ENST00000264658.11	1028-1031	13
ENST00000264669.10	475-478	17
ENST00000264670.11	2051-2054	23
ENST00000264689.11	309-312	23
ENST00000264705.9	1239-1242	25
ENST00000264710.5	897-900	21
ENST00000264712.8	2821-2824	14
ENST00000264720.8	560-563	23
ENST00000264723.9	805-808	16
ENST00000264819.7	1253-1256	14
ENST00000264848.10	259-262	15
ENST00000264864.8	800-803	19
ENST00000264883.8	1472-1475	22
ENST00000264893.11	428-431	21
ENST00000264896.8	1463-1466	26
ENST00000264914.10	1499-1502	23
ENST00000264926.7	588-591	18
ENST00000264930.10	2694-2697	19
ENST00000264932.11	1686-1689	22
ENST00000264933.9	579-582	18
ENST00000264935.6	487-490	14
ENST00000264954.5	545-548	22
ENST00000264963.9	444-447	18
ENST00000264982.8	426-429	12
ENST00000264990.11	682-685	18
ENST00000264992.8	828-831	12
ENST00000264993.8	713-716	25
ENST00000264995.8	1113-1116	25
ENST00000265000.9	1243-1246	20
ENST00000265028.8	346-349	20
ENST00000265036.10	178-181	26
ENST00000265044.7	367-370	14
ENST00000265056.12	1412-1415	24
ENST00000265062.8	740-743	22
ENST00000265069.13	2749-2752	23
ENST00000265070.7	438-441	24
ENST00000265073.9	163-166	20
ENST00000265077.8	8440-8443	21
ENST00000265081.7	3310-3313	19
ENST00000265085.10	2888-2891	16
ENST00000265087.9	716-719	19
ENST00000265097.9	578-581	21
ENST00000265100.6	84-87	18
ENST00000265107.9	167-170	21
ENST00000265109.8	1909-1912	19
ENST00000265112.8	650-653	22
ENST00000265113.9	825-828	19
ENST00000265136.12	2441-2444	12
ENST00000265140.10	610-613	17
ENST00000265148.9	6972-6975	18
ENST00000265164.7	146-149	23
ENST00000265165.6	2329-2332	15
ENST00000265174.5	1183-1186	20
ENST00000265175.5	3601-3604	17
ENST00000265192.9	381-384	17
ENST00000265245.10	1319-1322	24
ENST00000265260.8	408-411	19
ENST00000265271.7	1832-1835	18
ENST00000265293.9	3760-3763	14
ENST00000265295.9	758-761	16
ENST00000265304.11	369-372	16
ENST00000265322.8	227-230	14
ENST00000265333.8	198-201	20
ENST00000265339.7	84-87	23
ENST00000265340.12	1166-1169	24
ENST00000265343.10	554-557	21
ENST00000265348.9	1750-1753	15
ENST00000265350.9	718-721	14
ENST00000265351.12	684-687	23
ENST00000265354.6	1123-1126	19
ENST00000265388.10	407-410	22
ENST00000265394.10	863-866	22
ENST00000265395.7	305-308	19
ENST00000265421.9	260-263	17
ENST00000265433.8	1642-1645	18
ENST00000265462.9	683-686	22
ENST00000265465.8	1801-1804	19
ENST00000265471.10	48-51	20
ENST00000265498.6	489-492	20
ENST00000265523.9	736-739	18
ENST00000265560.9	1241-1244	16
ENST00000265563.13	353-356	21
ENST00000265564.8	586-589	19
ENST00000265565.10	244-247	24
ENST00000265594.9	893-896	13
ENST00000265602.11	1529-1532	15
ENST00000265616.10	782-785	19
ENST00000265631.10	1180-1183	18
ENST00000265634.4	639-642	16
ENST00000265641.10	1412-1415	15
ENST00000265651.8	131-134	18
ENST00000265689.9	1132-1135	18
ENST00000265713.8	631-634	19
ENST00000265717.5	1046-1049	18
ENST00000265720.8	868-871	14
ENST00000265728.6	2013-2016	22
ENST00000265729.7	285-288	18
ENST00000265732.10	1057-1060	17
ENST00000265742.8	2445-2448	14
ENST00000265748.7	3219-3222	19
ENST00000265753.13	616-619	17
ENST00000265758.7	674-677	21
ENST00000265807.8	371-374	20
ENST00000265827.8	782-785	23
ENST00000265838.9	1057-1060	17
ENST00000265840.12	699-702	13
ENST00000265849.12	189-192	25
ENST00000265854.12	272-275	17
ENST00000265857.8	197-200	18
ENST00000265866.12	305-308	19
ENST00000265872.11	2824-2827	26
ENST00000265881.10	659-662	16
ENST00000265896.10	947-950	23
ENST00000265960.8	1690-1693	23
ENST00000265963.9	498-501	18
ENST00000265965.10	124-127	20
ENST00000265981.7	491-494	23
ENST00000265986.11	851-854	17
ENST00000265990.12	1369-1372	20
ENST00000266014.11	1413-1416	17
ENST00000266022.9	3229-3232	20
ENST00000266025.4	1337-1340	19
ENST00000266069.5	179-182	18
ENST00000266077.5	530-533	22
ENST00000266079.5	123-126	24
ENST00000266085.7	645-648	16
ENST00000266087.12	1332-1335	19
ENST00000266126.10	937-940	23
ENST00000266263.10	280-283	17
ENST00000266269.10	1974-1977	20
ENST00000266383.10	1158-1161	12
ENST00000266458.10	373-376	20
ENST00000266483.7	218-221	19
ENST00000266508.14	1675-1678	21
ENST00000266517.9	1109-1112	15
ENST00000266529.8	596-599	17
ENST00000266544.10	352-355	18
ENST00000266546.11	359-362	21
ENST00000266604.7	74-77	15
ENST00000266673.10	932-935	18
ENST00000266682.10	549-552	17
ENST00000266712.11	1097-1100	18
ENST00000266735.10	278-281	14
ENST00000266742.9	359-362	20
ENST00000266771.10	765-768	19
ENST00000266970.9	935-938	15
ENST00000266971.8	870-873	18
ENST00000266987.7	924-927	15
ENST00000267023.9	294-297	24
ENST00000267068.6	214-217	19
ENST00000267102.13	313-316	16
ENST00000267103.10	883-886	16
ENST00000267115.10	319-322	22
ENST00000267116.8	2161-2164	19
ENST00000267163.6	1491-1494	23
ENST00000267199.9	1856-1859	23
ENST00000267202.7	479-482	15
ENST00000267294.5	1736-1739	22
ENST00000267339.6	504-507	16
ENST00000267415.12	561-564	12
ENST00000267425.8	207-210	16
ENST00000267430.10	246-249	13
ENST00000267436.9	1312-1315	16
ENST00000267460.9	769-772	17
ENST00000267615.11	1052-1055	24
ENST00000267622.8	4820-4823	17
ENST00000267750.9	606-609	18
ENST00000267812.4	1423-1426	22
ENST00000267814.14	347-350	20
ENST00000267842.10	811-814	16
ENST00000267868.8	611-614	20
ENST00000267884.11	362-365	14
ENST00000267935.13	57-60	20
ENST00000267938.9	463-466	19
ENST00000267970.9	272-275	26
ENST00000267973.7	960-963	21
ENST00000267978.10	2235-2238	25
ENST00000268042.7	525-528	13
ENST00000268057.9	135-138	15
ENST00000268058.8	487-490	17
ENST00000268097.10	1071-1074	22
ENST00000268099.13	575-578	18
ENST00000268124.11	314-317	23
ENST00000268138.12	4120-4123	16
ENST00000268148.13	1730-1733	16
ENST00000268150.13	432-435	21
ENST00000268154.9	700-703	12
ENST00000268171.8	2569-2572	25
ENST00000268182.10	514-517	20
ENST00000268184.11	1979-1982	16
ENST00000268206.12	1061-1064	14
ENST00000268220.12	286-289	16
ENST00000268261.9	593-596	15
ENST00000268314.9	513-516	15
ENST00000268379.9	825-828	21
ENST00000268383.7	877-880	20
ENST00000268482.8	980-983	24
ENST00000268483.8	435-438	16
ENST00000268607.10	149-152	12
ENST00000268655.5	907-910	19
ENST00000268668.11	321-324	20
ENST00000268695.10	535-538	12
ENST00000268699.9	978-981	17
ENST00000268711.4	402-405	12
ENST00000268712.8	6519-6522	21
ENST00000268717.10	1224-1227	23
ENST00000268719.9	633-636	19
ENST00000268797.12	634-637	17
ENST00000268802.10	844-847	20
ENST00000268835.7	1357-1360	19
ENST00000268896.10	314-317	15
ENST00000268989.8	692-695	20
ENST00000269095.9	495-498	20
ENST00000269097.9	1128-1131	19
ENST00000269122.8	1053-1056	24
ENST00000269141.8	213-216	23
ENST00000269142.10	825-828	13
ENST00000269143.8	556-559	22
ENST00000269159.8	535-538	11
ENST00000269187.10	1583-1586	23
ENST00000269195.6	1402-1405	22
ENST00000269214.10	3417-3420	12
ENST00000269216.10	1508-1511	20
ENST00000269221.8	1950-1953	16
ENST00000269228.10	2998-3001	21
ENST00000269260.7	168-171	27
ENST00000269298.10	639-642	17
ENST00000269305.9	175-178	21
ENST00000269321.12	670-673	22
ENST00000269346.9	122-125	16
ENST00000269373.11	752-755	15
ENST00000269383.8	650-653	20
ENST00000269385.9	208-211	21
ENST00000269397.9	318-321	24
ENST00000269468.10	1806-1809	24
ENST00000269499.10	1237-1240	18
ENST00000269571.10	1420-1423	18
ENST00000269601.10	273-276	18
ENST00000269701.7	1193-1196	15
ENST00000269740.9	291-294	16
ENST00000269856.5	2113-2116	24
ENST00000269886.7	1130-1133	21
ENST00000269967.4	175-178	20
ENST00000269973.10	1222-1225	18
ENST00000269980.7	412-415	17
ENST00000270061.12	1085-1088	19
ENST00000270066.11	1566-1569	21
ENST00000270139.8	608-611	17
ENST00000270142.11	191-194	18
ENST00000270176.10	2333-2336	22
ENST00000270221.11	191-194	22
ENST00000270223.7	509-512	18
ENST00000270225.12	321-324	24
ENST00000270257.9	573-576	18
ENST00000270451.6	721-724	24
ENST00000270460.11	1508-1511	24
ENST00000270502.7	555-558	18
ENST00000270517.12	1026-1029	22
ENST00000270538.8	957-960	22
ENST00000270570.8	1781-1784	13
ENST00000270583.10	678-681	17
ENST00000270586.8	349-352	23
ENST00000270617.8	1968-1971	14
ENST00000270625.7	386-389	23
ENST00000270649.11	378-381	19
ENST00000270708.12	1094-1097	22
ENST00000270776.13	549-552	26
ENST00000270792.10	307-310	17
ENST00000270861.10	1940-1943	18
ENST00000271002.15	593-596	19
ENST00000271234.13	515-518	17
ENST00000271277.11	309-312	21
ENST00000271308.9	424-427	19
ENST00000271373.9	377-380	20
ENST00000271375.7	196-199	18
ENST00000271452.8	1113-1116	22
ENST00000271526.9	276-279	21
ENST00000271620.8	1297-1300	18
ENST00000271628.9	590-593	21
ENST00000271638.3	236-239	13
ENST00000271715.7	3317-3320	24
ENST00000271732.8	286-289	18
ENST00000271764.7	1668-1671	15
ENST00000271843.9	656-659	16
ENST00000272065.10	180-183	17
ENST00000272091.8	319-322	22
ENST00000272102.10	296-299	14
ENST00000272139.5	872-875	22
ENST00000272163.9	1842-1845	20
ENST00000272167.10	204-207	23
ENST00000272217.7	618-621	15
ENST00000272227.8	821-824	20
ENST00000272233.6	479-482	19
ENST00000272252.10	753-756	18
ENST00000272298.12	143-146	17
ENST00000272317.11	389-392	21
ENST00000272322.9	3058-3061	13
ENST00000272342.6	2588-2591	15
ENST00000272348.7	106-109	17
ENST00000272369.14	1518-1521	14
ENST00000272418.7	818-821	22
ENST00000272424.11	444-447	15
ENST00000272427.11	768-771	18
ENST00000272430.10	520-523	19
ENST00000272433.7	301-304	16
ENST00000272438.9	512-515	17
ENST00000272444.8	228-231	15
ENST00000272519.10	290-293	24
ENST00000272521.7	209-212	22
ENST00000272542.8	1252-1255	20
ENST00000272638.14	1095-1098	19
ENST00000272645.9	271-274	19
ENST00000272647.10	316-319	17
ENST00000272732.11	997-1000	17
ENST00000272748.9	788-791	23
ENST00000272793.11	726-729	20
ENST00000272902.10	33-36	16
ENST00000272930.9	396-399	14
ENST00000273047.9	950-953	19
ENST00000273062.7	499-502	16
ENST00000273064.11	623-626	20
ENST00000273075.9	286-289	23
ENST00000273077.9	224-227	25
ENST00000273130.9	622-625	21
ENST00000273179.10	920-923	14
ENST00000273258.4	612-615	21
ENST00000273261.8	2568-2571	17
ENST00000273308.9	292-295	22
ENST00000273317.5	1497-1500	16
ENST00000273347.10	1157-1160	17
ENST00000273359.8	843-846	17
ENST00000273375.8	708-711	15
ENST00000273398.8	1481-1484	20
ENST00000273480.4	236-239	19
ENST00000273550.12	653-656	16
ENST00000273590.4	214-217	13
ENST00000273596.8	258-261	13
ENST00000273598.8	340-343	16
ENST00000273668.7	233-236	20
ENST00000273853.11	2377-2380	22
ENST00000273920.8	615-618	21
ENST00000273963.10	1555-1558	21
ENST00000273968.5	190-193	18
ENST00000273986.10	429-432	18
ENST00000274000.10	1118-1121	17
ENST00000274008.5	401-404	16
ENST00000274026.10	561-564	20
ENST00000274031.8	136-139	19
ENST00000274054.3	1192-1195	21
ENST00000274065.9	601-604	22
ENST00000274137.10	197-200	19
ENST00000274140.10	1692-1695	21
ENST00000274217.4	715-718	15
ENST00000274242.10	217-220	15
ENST00000274255.11	356-359	22
ENST00000274311.3	1864-1867	19
ENST00000274364.11	3774-3777	18
ENST00000274376.11	2033-2036	21
ENST00000274400.10	225-228	28
ENST00000274457.5	449-452	19
ENST00000274458.9	436-439	14
ENST00000274496.10	288-291	22
ENST00000274569.9	986-989	17
ENST00000274599.10	460-463	25
ENST00000274606.8	89-92	26
ENST00000274680.9	529-532	16
ENST00000274695.8	1451-1454	21
ENST00000274712.8	50-53	21
ENST00000274787.3	102-105	24
ENST00000274813.4	430-433	22
ENST00000274849.3	72-75	20
ENST00000274853.8	1494-1497	11
ENST00000275034.5	339-342	21
ENST00000275072.5	708-711	20
ENST00000275227.9	1519-1522	16
ENST00000275233.12	4638-4641	19
ENST00000275364.8	444-447	16
ENST00000275418.13	769-772	22
ENST00000275428.9	612-615	22
ENST00000275517.8	758-761	23
ENST00000275603.9	597-600	23
ENST00000275605.8	1033-1036	16
ENST00000275820.4	1481-1484	18
ENST00000276055.4	965-968	19
ENST00000276079.13	345-348	22
ENST00000276201.7	503-506	25
ENST00000276202.9	1513-1516	16
ENST00000276297.9	4506-4509	20
ENST00000276390.7	446-449	24
ENST00000276416.11	715-718	21
ENST00000276431.9	1049-1052	22
ENST00000276533.4	650-653	16
ENST00000276569.8	668-671	20
ENST00000276585.9	446-449	17
ENST00000276590.5	902-905	17
ENST00000276603.10	1133-1136	21
ENST00000276646.14	1312-1315	15
ENST00000276654.10	2263-2266	19
ENST00000276689.8	379-382	20
ENST00000276692.11	498-501	17
ENST00000276704.6	160-163	18
ENST00000276893.10	655-658	19
ENST00000276925.7	637-640	26
ENST00000277010.9	555-558	23
ENST00000277165.11	2130-2133	25
ENST00000277458.5	812-815	17
ENST00000277540.7	502-505	16
ENST00000277554.4	1447-1450	18
ENST00000277570.10	409-412	17
ENST00000277632.8	211-214	26
ENST00000277746.11	212-215	16
ENST00000277865.5	1061-1064	25
ENST00000278025.9	99-102	14
ENST00000278070.7	4094-4097	26
ENST00000278100.11	687-690	19
ENST00000278174.10	1229-1232	15
ENST00000278175.10	562-565	16
ENST00000278193.7	194-197	15
ENST00000278243.9	774-777	20
ENST00000278319.10	960-963	13
ENST00000278353.10	339-342	21
ENST00000278412.7	1602-1605	24
ENST00000278422.9	152-155	22
ENST00000278426.8	332-335	16
ENST00000278460.12	678-681	19
ENST00000278483.8	587-590	14
ENST00000278505.5	622-625	19
ENST00000278612.9	2205-2208	20
ENST00000278618.9	547-550	19
ENST00000278671.10	280-283	15
ENST00000278772.9	541-544	16
ENST00000278823.7	472-475	22
ENST00000278826.11	429-432	17
ENST00000278829.7	857-860	14
ENST00000278840.9	784-787	24
ENST00000278856.9	497-500	25
ENST00000278903.11	254-257	18
ENST00000278935.8	193-196	12
ENST00000278980.11	409-412	15
ENST00000279036.12	373-376	20
ENST00000279068.11	876-879	17
ENST00000279146.8	631-634	19
ENST00000279147.9	423-426	14
ENST00000279206.8	499-502	14
ENST00000279230.12	2661-2664	19
ENST00000279242.7	392-395	16
ENST00000279247.11	1314-1317	24
ENST00000279249.3	537-540	13
ENST00000279263.14	1095-1098	13
ENST00000279281.8	253-256	17
ENST00000279387.12	896-899	19
ENST00000279392.8	1626-1629	19
ENST00000279396.11	379-382	13
ENST00000279839.8	667-670	17
ENST00000279907.12	1736-1739	18
ENST00000280098.9	1571-1574	19
ENST00000280154.12	1182-1185	19
ENST00000280258.6	645-648	17
ENST00000280326.9	1666-1669	25
ENST00000280346.11	512-515	19
ENST00000280362.8	112-115	13
ENST00000280377.10	2270-2273	20
ENST00000280527.7	1541-1544	16
ENST00000280551.11	1982-1985	16
ENST00000280557.11	148-151	25
ENST00000280560.13	399-402	14
ENST00000280571.10	273-276	15
ENST00000280612.9	790-793	18
ENST00000280614.4	882-885	24
ENST00000280665.11	1856-1859	16
ENST00000280700.10	773-776	18
ENST00000280701.8	1040-1043	17
ENST00000280756.9	572-575	20
ENST00000280800.5	713-716	21
ENST00000280871.9	1851-1854	13
ENST00000280886.12	3705-3708	18
ENST00000280904.11	2244-2247	23
ENST00000280987.9	258-261	20
ENST00000281017.8	313-316	20
ENST00000281031.5	415-418	27
ENST00000281038.10	1402-1405	21
ENST00000281081.12	555-558	19
ENST00000281092.9	1704-1707	13
ENST00000281141.9	985-988	18
ENST00000281142.10	457-460	18
ENST00000281172.10	2016-2019	23
ENST00000281182.9	771-774	15
ENST00000281187.10	689-692	23
ENST00000281243.10	99-102	17
ENST00000281273.8	1403-1406	24
ENST00000281382.11	615-618	18
ENST00000281405.9	1929-1932	22
ENST00000281419.8	3134-3137	16
ENST00000281453.10	445-448	16
ENST00000281455.7	1681-1684	16
ENST00000281456.11	386-389	20
ENST00000281471.11	109-112	16
ENST00000281513.10	126-129	19
ENST00000281543.6	806-809	18
ENST00000281623.8	386-389	16
ENST00000281631.10	507-510	23
ENST00000281701.11	54-57	22
ENST00000281708.10	2525-2528	12
ENST00000281741.9	551-554	20
ENST00000281821.7	530-533	22
ENST00000281828.8	433-436	24
ENST00000281871.11	249-252	19
ENST00000281923.4	2186-2189	20
ENST00000281928.9	1702-1705	16
ENST00000281950.8	448-451	20
ENST00000282003.7	1097-1100	20
ENST00000282032.4	561-564	18
ENST00000282058.11	714-717	16
ENST00000282074.7	181-184	21
ENST00000282077.8	694-697	16
ENST00000282096.9	797-800	17
ENST00000282251.10	864-867	20
ENST00000282276.8	1183-1186	18
ENST00000282296.10	415-418	19
ENST00000282344.11	358-361	12
ENST00000282356.9	820-823	21
ENST00000282382.8	594-597	22
ENST00000282388.4	855-858	19
ENST00000282412.9	1017-1020	23
ENST00000282441.10	1104-1107	21
ENST00000282516.13	8376-8379	22
ENST00000282541.10	215-218	19
ENST00000282561.4	716-719	20
ENST00000282570.4	236-239	16
ENST00000282587.9	1351-1354	20
ENST00000282633.10	3811-3814	18
ENST00000282841.9	991-994	19
ENST00000282892.4	250-253	16
ENST00000282903.10	1494-1497	18
ENST00000283006.7	88-91	22
ENST00000283027.10	505-508	19
ENST00000283033.10	826-829	16
ENST00000283109.8	1016-1019	26
ENST00000283122.8	428-431	16
ENST00000283131.4	1615-1618	22
ENST00000283147.7	1064-1067	10
ENST00000283148.12	1305-1308	19
ENST00000283195.11	2648-2651	26
ENST00000283206.9	1589-1592	15
ENST00000283290.10	437-440	18
ENST00000283351.10	1606-1609	24
ENST00000283415.4	1178-1181	22
ENST00000283474.12	556-559	18
ENST00000283629.8	1454-1457	17
ENST00000283632.5	836-839	20
ENST00000283646.5	362-365	20
ENST00000283875.6	90-93	19
ENST00000283882.4	961-964	16
ENST00000283921.5	1175-1178	20
ENST00000283928.10	908-911	14
ENST00000284000.9	451-454	22
ENST00000284031.13	756-759	21
ENST00000284037.10	3559-3562	22
ENST00000284061.8	1307-1310	13
ENST00000284073.7	1195-1198	20
ENST00000284110.2	1601-1604	17
ENST00000284116.9	810-813	16
ENST00000284202.9	219-222	16
ENST00000284268.8	415-418	17
ENST00000284274.5	624-627	17
ENST00000284292.11	212-215	20
ENST00000284320.6	716-719	21
ENST00000284376.8	2107-2110	18
ENST00000284440.9	649-652	19
ENST00000284551.11	808-811	17
ENST00000284617.7	892-895	19
ENST00000284637.14	322-325	16
ENST00000284690.4	2571-2574	24
ENST00000284719.8	279-282	22
ENST00000284727.9	218-221	17
ENST00000284767.12	316-319	19
ENST00000284878.12	741-744	19
ENST00000284881.9	493-496	15
ENST00000284957.9	929-932	17
ENST00000284971.8	167-170	18
ENST00000284984.8	2291-2294	22
ENST00000284995.11	445-448	21
ENST00000285021.12	2172-2175	16
ENST00000285071.9	1606-1609	14
ENST00000285083.10	584-587	15
ENST00000285093.15	421-424	20
ENST00000285106.11	1171-1174	25
ENST00000285116.8	490-493	24
ENST00000285208.9	737-740	19
ENST00000285243.7	359-362	22
ENST00000285279.10	541-544	25
ENST00000285298.9	302-305	21
ENST00000285379.10	363-366	18
ENST00000285398.7	2400-2403	18
ENST00000285407.11	1504-1507	16
ENST00000285518.11	837-840	17
ENST00000285599.8	73-76	17
ENST00000285605.8	645-648	13
ENST00000285667.4	999-1002	21
ENST00000285697.9	448-451	18
ENST00000285737.9	1952-1955	24
ENST00000285814.9	691-694	21
ENST00000285873.8	2295-2298	22
ENST00000285896.11	856-859	15
ENST00000285930.9	347-350	18
ENST00000285947.5	665-668	13
ENST00000285968.11	2386-2389	21
ENST00000286070.10	1244-1247	15
ENST00000286096.9	244-247	11
ENST00000286201.3	1192-1195	19
ENST00000286298.5	1207-1210	19
ENST00000286307.6	933-936	16
ENST00000286317.6	657-660	15
ENST00000286353.9	1379-1382	19
ENST00000286364.9	2430-2433	18
ENST00000286371.8	474-477	20
ENST00000286428.7	239-242	19
ENST00000286548.9	990-993	21
ENST00000286648.10	658-661	22
ENST00000286657.10	2661-2664	11
ENST00000286713.7	333-336	17
ENST00000286760.5	423-426	21
ENST00000286788.9	397-400	24
ENST00000286800.8	119-122	17
ENST00000286835.12	3630-3633	22
ENST00000286953.8	180-183	21
ENST00000287022.10	240-243	16
ENST00000287025.4	564-567	20
ENST00000287038.8	364-367	27
ENST00000287078.7	1236-1239	18
ENST00000287169.8	3079-3082	19
ENST00000287218.9	474-477	19
ENST00000287239.10	4528-4531	16
ENST00000287295.8	701-704	19
ENST00000287322.5	984-987	19
ENST00000287380.6	219-222	20
ENST00000287387.7	208-211	22
ENST00000287394.10	2682-2685	22
ENST00000287437.8	941-944	19
ENST00000287461.8	606-609	18
ENST00000287482.6	1409-1412	17
ENST00000287598.11	623-626	20
ENST00000287600.9	345-348	17
ENST00000287667.12	1538-1541	20
ENST00000287675.10	1042-1045	18
ENST00000287706.8	781-784	12
ENST00000287727.8	727-730	16
ENST00000287844.7	757-760	20
ENST00000287859.11	1251-1254	15
ENST00000287878.9	1776-1779	18
ENST00000287934.4	1048-1051	22
ENST00000287936.9	1196-1199	19
ENST00000287957.5	560-563	18
ENST00000287996.8	1571-1574	19
ENST00000288014.7	721-724	21
ENST00000288022.2	726-729	20
ENST00000288050.9	2570-2573	21
ENST00000288071.11	1057-1060	21
ENST00000288078.11	1432-1435	16
ENST00000288087.12	180-183	13
ENST00000288111.12	488-491	14
ENST00000288135.6	238-241	18
ENST00000288167.8	564-567	19
ENST00000288207.7	669-672	16
ENST00000288235.9	836-839	23
ENST00000288266.8	1715-1718	17
ENST00000288422.4	805-808	14
ENST00000288502.9	730-733	11
ENST00000288532.11	944-947	17
ENST00000288607.3	702-705	20
ENST00000288670.14	562-565	20
ENST00000288699.11	1708-1711	23
ENST00000288757.7	19-22	16
ENST00000288828.9	1000-1003	18
ENST00000288937.7	227-230	16
ENST00000289081.8	883-886	18
ENST00000289119.7	877-880	17
ENST00000289228.7	658-661	18
ENST00000289359.6	431-434	15
ENST00000289361.11	660-663	20
ENST00000289371.11	2926-2929	22
ENST00000289373.5	100-103	15
ENST00000289382.8	1339-1342	24
ENST00000289431.10	432-435	20
ENST00000289528.10	416-419	21
ENST00000289805.10	202-205	14
ENST00000289921.8	542-545	16
ENST00000289968.11	999-1002	19
ENST00000290079.9	189-192	15
ENST00000290130.4	572-575	18
ENST00000290155.8	284-287	21
ENST00000290158.9	1985-1988	24
ENST00000290200.7	585-588	20
ENST00000290216.14	594-597	17
ENST00000290219.11	554-557	22
ENST00000290231.11	679-682	25
ENST00000290246.11	2113-2116	17
ENST00000290291.10	1612-1615	20
ENST00000290295.8	619-622	20
ENST00000290299.7	47-50	18
ENST00000290341.8	1075-1078	21
ENST00000290349.11	281-284	25
ENST00000290354.6	330-333	20
ENST00000290429.11	791-794	17
ENST00000290510.10	1804-1807	18
ENST00000290541.7	798-801	25
ENST00000290551.5	304-307	18
ENST00000290573.7	670-673	16
ENST00000290649.10	1766-1769	21
ENST00000290650.9	4684-4687	26
ENST00000290759.9	486-489	18
ENST00000290776.13	1170-1173	19
ENST00000290810.8	1268-1271	25
ENST00000290913.8	703-706	17
ENST00000290949.8	1028-1031	22
ENST00000291041.6	1205-1208	22
ENST00000291281.9	894-897	18
ENST00000291295.14	387-390	18
ENST00000291358.11	104-107	16
ENST00000291386.4	564-567	20
ENST00000291439.8	626-629	23
ENST00000291442.4	1845-1848	19
ENST00000291458.9	196-199	14
ENST00000291539.11	995-998	15
ENST00000291547.10	1008-1011	18
ENST00000291552.9	772-775	21
ENST00000291565.9	349-352	18
ENST00000291568.7	219-222	17
ENST00000291572.13	999-1002	16
ENST00000291574.9	827-830	15
ENST00000291576.12	1722-1725	23
ENST00000291577.11	258-261	20
ENST00000291634.11	398-401	19
ENST00000291688.6	1255-1258	21
ENST00000291842.10	1758-1761	17
ENST00000291900.7	2112-2115	24
ENST00000291906.5	2504-2507	17
ENST00000292035.10	188-191	18
ENST00000292090.8	430-433	16
ENST00000292114.8	153-156	17
ENST00000292140.10	1867-1870	15
ENST00000292147.7	579-582	19
ENST00000292180.8	903-906	20
ENST00000292211.5	475-478	17
ENST00000292246.8	882-885	20
ENST00000292330.3	741-744	23
ENST00000292363.10	618-621	17
ENST00000292408.9	837-840	13
ENST00000292431.5	1282-1285	21
ENST00000292433.4	1006-1009	14
ENST00000292450.9	551-554	19
ENST00000292475.8	293-296	18
ENST00000292476.10	488-491	19
ENST00000292478.9	2050-2053	17
ENST00000292494.11	247-250	20
ENST00000292510.6	457-460	17
ENST00000292524.6	392-395	23
ENST00000292535.12	164-167	18
ENST00000292562.12	1672-1675	15
ENST00000292566.4	336-339	20
ENST00000292577.12	1058-1061	15
ENST00000292586.11	432-435	19
ENST00000292591.12	433-436	21
ENST00000292599.4	3285-3288	21
ENST00000292614.10	71-74	23
ENST00000292616.10	742-745	18
ENST00000292644.5	468-471	21
ENST00000292778.11	101-104	24
ENST00000292782.9	775-778	19
ENST00000292807.9	1363-1366	23
ENST00000293195.10	296-299	18
ENST00000293217.10	336-339	20
ENST00000293261.8	791-794	16
ENST00000293328.8	2161-2164	18
ENST00000293350.9	2111-2114	17
ENST00000293379.9	1859-1862	19
ENST00000293406.8	597-600	17
ENST00000293443.12	457-460	18
ENST00000293760.10	1013-1016	19
ENST00000293771.10	440-443	14
ENST00000293777.6	98-101	20
ENST00000293831.13	602-605	23
ENST00000293860.6	154-157	25
ENST00000293872.13	1076-1079	18
ENST00000293883.9	1910-1913	16
ENST00000293971.11	208-211	22
ENST00000294008.4	775-778	12
ENST00000294016.8	2059-2062	19
ENST00000294064.9	1388-1391	20
ENST00000294072.9	390-393	16
ENST00000294129.7	2022-2025	17
ENST00000294168.8	1155-1158	15
ENST00000294172.7	1578-1581	20
ENST00000294179.8	120-123	20
ENST00000294189.11	248-251	18
ENST00000294244.9	894-897	21
ENST00000294258.8	1050-1053	17
ENST00000294304.12	1555-1558	22
ENST00000294309.8	291-294	12
ENST00000294353.7	897-900	21
ENST00000294360.5	476-479	24
ENST00000294383.7	5570-5573	19
ENST00000294428.8	398-401	22
ENST00000294618.12	273-276	14
ENST00000294785.10	1967-1970	19
ENST00000294811.2	992-995	18
ENST00000294889.6	376-379	12
ENST00000294952.13	530-533	11
ENST00000295006.6	1014-1017	21
ENST00000295030.6	547-550	19
ENST00000295050.12	997-1000	22
ENST00000295087.13	692-695	14
ENST00000295119.9	252-255	17
ENST00000295121.11	864-867	16
ENST00000295124.9	502-505	20
ENST00000295148.9	930-933	20
ENST00000295190.9	1296-1299	17
ENST00000295240.8	936-939	13
ENST00000295304.5	323-326	22
ENST00000295317.4	1265-1268	19
ENST00000295321.9	2507-2510	23
ENST00000295324.4	1097-1100	14
ENST00000295414.8	1061-1064	14
ENST00000295417.4	1872-1875	20
ENST00000295448.8	589-592	20
ENST00000295470.10	1126-1129	27
ENST00000295488.8	688-691	19
ENST00000295491.9	395-398	20
ENST00000295588.9	707-710	16
ENST00000295598.10	1984-1987	20
ENST00000295628.4	957-960	24
ENST00000295633.8	777-780	22
ENST00000295640.9	721-724	21
ENST00000295682.6	392-395	17
ENST00000295688.8	429-432	19
ENST00000295702.9	577-580	16
ENST00000295704.7	794-797	14
ENST00000295709.8	2952-2955	15
ENST00000295746.13	1401-1404	21
ENST00000295770.4	1823-1826	21
ENST00000295797.5	1434-1437	21
ENST00000295802.9	936-939	16
ENST00000295822.7	550-553	12
ENST00000295830.13	331-334	16
ENST00000295872.8	323-326	18
ENST00000295886.5	1904-1907	15
ENST00000295887.6	689-692	15
ENST00000295888.9	2771-2774	11
ENST00000295899.10	297-300	18
ENST00000295901.9	513-516	22
ENST00000295924.12	1700-1703	19
ENST00000295926.8	410-413	16
ENST00000295955.14	597-600	15
ENST00000295956.9	479-482	18
ENST00000295958.10	450-453	17
ENST00000295959.10	419-422	19
ENST00000295992.8	613-616	22
ENST00000296003.9	535-538	20
ENST00000296015.9	1512-1515	17
ENST00000296043.7	5885-5888	19
ENST00000296051.7	1706-1709	21
ENST00000296088.12	2452-2455	18
ENST00000296102.8	224-227	18
ENST00000296121.6	329-332	16
ENST00000296135.11	662-665	19
ENST00000296137.7	422-425	22
ENST00000296149.9	125-128	18
ENST00000296181.9	2753-2756	20
ENST00000296214.10	44-47	17
ENST00000296215.8	1108-1111	14
ENST00000296220.6	2002-2005	20
ENST00000296255.8	384-387	21
ENST00000296257.10	1073-1076	23
ENST00000296273.7	534-537	19
ENST00000296277.9	511-514	24
ENST00000296292.8	1100-1103	17
ENST00000296315.8	529-532	14
ENST00000296328.9	1210-1213	23
ENST00000296343.10	2198-2201	12
ENST00000296388.10	567-570	19
ENST00000296411.11	516-519	18
ENST00000296412.14	523-526	19
ENST00000296417.6	300-303	15
ENST00000296424.9	747-750	16
ENST00000296425.10	536-539	25
ENST00000296444.7	575-578	22
ENST00000296456.10	684-687	25
ENST00000296464.9	1183-1186	19
ENST00000296473.8	564-567	13
ENST00000296484.7	630-633	15
ENST00000296490.8	681-684	19
ENST00000296503.10	590-593	18
ENST00000296504.4	628-631	16
ENST00000296509.11	720-723	20
ENST00000296511.10	402-405	25
ENST00000296529.11	382-385	10
ENST00000296543.10	1098-1101	21
ENST00000296564.9	2303-2306	21
ENST00000296577.9	544-547	25
ENST00000296581.11	233-236	11
ENST00000296582.8	1865-1868	15
ENST00000296595.11	296-299	19
ENST00000296597.10	132-135	14
ENST00000296603.5	2393-2396	19
ENST00000296632.8	532-535	18
ENST00000296658.4	981-984	21
ENST00000296666.13	1477-1480	23
ENST00000296674.13	181-184	17
ENST00000296677.5	465-468	24
ENST00000296679.9	162-165	24
ENST00000296684.10	378-381	20
ENST00000296721.9	485-488	14
ENST00000296755.12	1989-1992	22
ENST00000296785.8	1350-1353	15
ENST00000296786.8	381-384	19
ENST00000296792.9	265-268	24
ENST00000296805.8	351-354	17
ENST00000296824.4	788-791	20
ENST00000296849.10	649-652	12
ENST00000296861.2	2350-2353	14
ENST00000296930.10	103-106	23
ENST00000297056.11	220-223	14
ENST00000297071.9	769-772	18
ENST00000297107.11	1127-1130	17
ENST00000297135.9	1785-1788	18
ENST00000297145.9	824-827	17
ENST00000297151.9	1746-1749	21
ENST00000297156.4	430-433	21
ENST00000297157.8	92-95	20
ENST00000297185.9	1865-1868	21
ENST00000297205.7	328-331	14
ENST00000297258.11	114-117	22
ENST00000297265.5	569-572	13
ENST00000297290.4	140-143	20
ENST00000297293.6	3103-3106	17
ENST00000297338.7	414-417	25
ENST00000297347.7	650-653	19
ENST00000297375.4	1140-1143	20
ENST00000297423.9	90-93	25
ENST00000297431.9	1108-1111	18
ENST00000297440.11	2254-2257	20
ENST00000297532.11	457-460	15
ENST00000297533.9	510-513	17
ENST00000297534.7	354-357	16
ENST00000297540.5	1063-1066	17
ENST00000297565.9	1066-1069	11
ENST00000297578.9	1097-1100	21
ENST00000297591.10	2914-2917	20
ENST00000297598.5	567-570	21
ENST00000297632.8	1069-1072	16
ENST00000297661.9	397-400	24
ENST00000297689.4	857-860	16
ENST00000297933.11	4361-4364	24
ENST00000297990.9	2518-2521	17
ENST00000297994.4	293-296	13
ENST00000298048.7	160-163	21
ENST00000298097.8	1264-1267	19
ENST00000298125.7	1120-1123	12
ENST00000298130.5	123-126	20
ENST00000298139.7	1557-1560	16
ENST00000298159.11	530-533	16
ENST00000298198.5	1373-1376	16
ENST00000298229.7	587-590	23
ENST00000298248.12	927-930	18
ENST00000298288.11	324-327	17
ENST00000298289.7	398-401	25
ENST00000298292.13	1838-1841	20
ENST00000298307.10	577-580	17
ENST00000298310.10	1712-1715	22
ENST00000298316.7	707-710	18
ENST00000298317.9	1101-1104	16
ENST00000298428.14	414-417	21
ENST00000298492.6	587-590	16
ENST00000298510.4	376-379	23
ENST00000298552.9	3694-3697	17
ENST00000298556.8	186-189	19
ENST00000298569.9	1035-1038	17
ENST00000298573.9	1775-1778	14
ENST00000298585.3	429-432	16
ENST00000298630.8	795-798	16
ENST00000298717.9	948-951	22
ENST00000298743.9	1516-1519	16
ENST00000298746.5	374-377	24
ENST00000298767.10	1326-1329	22
ENST00000298786.5	194-197	16
ENST00000298832.14	282-285	13
ENST00000298838.11	969-972	17
ENST00000298852.8	457-460	25
ENST00000298875.9	1366-1369	21
ENST00000298894.5	888-891	19
ENST00000298966.7	287-290	20
ENST00000298999.8	500-503	22
ENST00000299106.9	651-654	21
ENST00000299138.12	753-756	23
ENST00000299157.5	864-867	14
ENST00000299163.7	673-676	27
ENST00000299166.9	320-323	17
ENST00000299192.8	2181-2184	22
ENST00000299204.6	1234-1237	23
ENST00000299213.10	327-330	20
ENST00000299238.7	2247-2250	19
ENST00000299299.4	218-221	21
ENST00000299300.11	450-453	23
ENST00000299314.12	1529-1532	17
ENST00000299335.8	71-74	17
ENST00000299353.6	294-297	15
ENST00000299381.5	385-388	20
ENST00000299413.7	370-373	20
ENST00000299421.9	1425-1428	18
ENST00000299424.9	414-417	16
ENST00000299427.12	1003-1006	18
ENST00000299505.8	3208-3211	14
ENST00000299506.3	1665-1668	16
ENST00000299518.7	474-477	22
ENST00000299563.5	1622-1625	19
ENST00000299565.9	542-545	26
ENST00000299575.5	2036-2039	12
ENST00000299601.10	1737-1740	19
ENST00000299608.7	835-838	21
ENST00000299626.10	215-218	18
ENST00000299633.7	985-988	15
ENST00000299667.9	913-916	16
ENST00000299705.10	480-483	22
ENST00000299736.5	438-441	20
ENST00000299767.10	1306-1309	23
ENST00000299853.10	2099-2102	21
ENST00000299886.9	1701-1704	16
ENST00000299957.11	1580-1583	21
ENST00000299980.9	459-462	21
ENST00000300026.4	189-192	20
ENST00000300030.8	541-544	19
ENST00000300035.9	76-79	16
ENST00000300056.8	743-746	15
ENST00000300086.5	806-809	24
ENST00000300087.7	335-338	20
ENST00000300093.9	473-476	20
ENST00000300101.3	2139-2142	16
ENST00000300107.7	1512-1515	16
ENST00000300128.9	274-277	20
ENST00000300141.11	1451-1454	18
ENST00000300145.4	819-822	15
ENST00000300146.10	1420-1423	18
ENST00000300151.5	789-792	18
ENST00000300176.9	546-549	14
ENST00000300181.7	954-957	16
ENST00000300213.9	654-657	16
ENST00000300249.10	676-679	25
ENST00000300289.10	903-906	23
ENST00000300291.10	547-550	20
ENST00000300403.11	923-926	25
ENST00000300408.8	279-282	20
ENST00000300413.10	260-263	21
ENST00000300417.11	633-636	15
ENST00000300441.9	134-137	16
ENST00000300452.8	629-632	11
ENST00000300456.5	633-636	29
ENST00000300527.9	914-917	20
ENST00000300571.7	1254-1257	17
ENST00000300574.3	436-439	21
ENST00000300584.8	2099-2102	18
ENST00000300605.11	184-187	14
ENST00000300648.7	303-306	23
ENST00000300650.9	983-986	16
ENST00000300651.11	4737-4740	24
ENST00000300688.8	240-243	18
ENST00000300738.10	1135-1138	22
ENST00000300747.10	751-754	13
ENST00000300811.8	319-322	15
ENST00000300835.9	533-536	22
ENST00000300849.5	1990-1993	18
ENST00000300853.8	501-504	14
ENST00000300870.15	256-259	16
ENST00000300896.9	2618-2621	16
ENST00000300917.10	71-74	19
ENST00000300935.8	169-172	16
ENST00000300976.9	1629-1632	19
ENST00000301011.10	235-238	18
ENST00000301012.8	926-929	20
ENST00000301015.14	5680-5683	19
ENST00000301019.9	1516-1519	23
ENST00000301030.10	2165-2168	19
ENST00000301057.8	538-541	18
ENST00000301067.12	3925-3928	19
ENST00000301071.12	581-584	22
ENST00000301072.11	580-583	22
ENST00000301159.14	842-845	14
ENST00000301180.10	3594-3597	19
ENST00000301215.8	1975-1978	18
ENST00000301280.10	2211-2214	22
ENST00000301281.11	802-805	17
ENST00000301327.5	924-927	16
ENST00000301329.11	766-769	19
ENST00000301335.10	243-246	12
ENST00000301364.10	447-450	24
ENST00000301391.8	868-871	14
ENST00000301454.9	677-680	17
ENST00000301457.3	344-347	16
ENST00000301458.10	542-545	20
ENST00000301463.9	858-861	20
ENST00000301488.8	236-239	17
ENST00000301522.3	625-628	17
ENST00000301585.10	455-458	18
ENST00000301587.9	450-453	14
ENST00000301634.12	613-616	16
ENST00000301686.13	480-483	25
ENST00000301727.9	230-233	16
ENST00000301729.9	906-909	27
ENST00000301738.9	602-605	18
ENST00000301740.13	639-642	22
ENST00000301761.7	491-494	14
ENST00000301764.12	3377-3380	20
ENST00000301765.10	51-54	14
ENST00000301785.7	2506-2509	23
ENST00000301788.12	480-483	16
ENST00000301821.11	864-867	20
ENST00000301838.5	749-752	19
ENST00000301843.13	1647-1650	20
ENST00000301886.3	95-98	20
ENST00000301905.9	492-495	18
ENST00000301919.9	1552-1555	17
ENST00000301935.10	288-291	20
ENST00000301964.7	699-702	19
ENST00000301981.8	499-502	15
ENST00000301998.5	898-901	19
ENST00000302060.10	689-692	13
ENST00000302085.9	1589-1592	19
ENST00000302165.5	976-979	20
ENST00000302174.9	987-990	23
ENST00000302182.8	337-340	20
ENST00000302190.9	600-603	23
ENST00000302243.12	821-824	21
ENST00000302262.8	1560-1563	23
ENST00000302271.11	446-449	22
ENST00000302274.8	721-724	23
ENST00000302278.8	2264-2267	20
ENST00000302279.8	771-774	21
ENST00000302291.9	3193-3196	19
ENST00000302313.10	931-934	16
ENST00000302327.4	762-765	17
ENST00000302362.11	366-369	21
ENST00000302386.10	239-242	17
ENST00000302392.5	265-268	11
ENST00000302418.5	3068-3071	23
ENST00000302422.4	256-259	16
ENST00000302445.8	1064-1067	21
ENST00000302450.11	293-296	20
ENST00000302503.8	466-469	27
ENST00000302506.8	749-752	20
ENST00000302516.10	3219-3222	22
ENST00000302517.8	1059-1062	15
ENST00000302538.10	1739-1742	21
ENST00000302550.16	437-440	15
ENST00000302558.8	2715-2718	26
ENST00000302631.8	971-974	19
ENST00000302692.7	1136-1139	16
ENST00000302708.9	1082-1085	21
ENST00000302746.11	647-650	24
ENST00000302754.6	688-691	17
ENST00000302759.11	2198-2201	24
ENST00000302763.12	688-691	19
ENST00000302764.9	382-385	16
ENST00000302787.3	482-485	21
ENST00000302850.10	2452-2455	20
ENST00000302851.8	404-407	23
ENST00000302874.9	444-447	19
ENST00000302907.9	368-371	18
ENST00000302979.5	389-392	19
ENST00000303004.5	579-582	20
ENST00000303052.13	1457-1460	11
ENST00000303071.10	982-985	16
ENST00000303077.7	711-714	28
ENST00000303088.9	524-527	23
ENST00000303127.12	168-171	18
ENST00000303142.11	119-122	12
ENST00000303151.5	305-308	16
ENST00000303204.9	553-556	19
ENST00000303210.9	909-912	21
ENST00000303221.10	827-830	16
ENST00000303236.9	2173-2176	14
ENST00000303251.11	878-881	17
ENST00000303296.9	3427-3430	16
ENST00000303305.11	1196-1199	19
ENST00000303319.10	335-338	22
ENST00000303334.9	1389-1392	14
ENST00000303372.7	929-932	17
ENST00000303383.8	1085-1088	18
ENST00000303400.9	635-638	16
ENST00000303407.12	1368-1371	27
ENST00000303436.11	711-714	14
ENST00000303450.5	637-640	21
ENST00000303538.13	4311-4314	19
ENST00000303545.4	1046-1049	22
ENST00000303575.9	669-672	22
ENST00000303577.7	1059-1062	21
ENST00000303596.3	1042-1045	19
ENST00000303694.6	986-989	22
ENST00000303714.9	645-648	15
ENST00000303731.9	147-150	22
ENST00000303775.10	97-100	16
ENST00000303887.10	406-409	21
ENST00000303904.8	952-955	19
ENST00000303961.9	327-330	20
ENST00000303991.5	2214-2217	21
ENST00000304031.8	836-839	21
ENST00000304032.13	2279-2282	17
ENST00000304043.10	303-306	18
ENST00000304046.7	329-332	15
ENST00000304056.9	1580-1583	20
ENST00000304177.10	179-182	16
ENST00000304191.4	554-557	18
ENST00000304222.3	578-581	17
ENST00000304271.11	468-471	18
ENST00000304283.9	1934-1937	14
ENST00000304301.11	318-321	16
ENST00000304312.5	35-38	22
ENST00000304330.9	2101-2104	24
ENST00000304363.9	1129-1132	25
ENST00000304411.3	1047-1050	16
ENST00000304414.12	374-377	20
ENST00000304430.10	379-382	12
ENST00000304434.11	499-502	20
ENST00000304478.9	683-686	20
ENST00000304494.10	285-288	19
ENST00000304511.7	697-700	14
ENST00000304543.10	2472-2475	19
ENST00000304567.10	318-321	23
ENST00000304593.14	695-698	23
ENST00000304611.13	286-289	11
ENST00000304658.10	2799-2802	20
ENST00000304661.6	653-656	19
ENST00000304698.10	1902-1905	14
ENST00000304743.7	758-761	17
ENST00000304786.12	358-361	16
ENST00000304788.4	417-420	20
ENST00000304800.14	497-500	19
ENST00000304842.6	560-563	13
ENST00000304858.7	892-895	24
ENST00000304863.6	507-510	25
ENST00000304874.14	1083-1086	16
ENST00000304895.9	1803-1806	19
ENST00000304952.11	136-139	20
ENST00000304979.8	129-132	21
ENST00000304987.4	2854-2857	16
ENST00000304992.11	3105-3108	24
ENST00000305103.4	306-309	19
ENST00000305105.3	268-271	22
ENST00000305135.10	1998-2001	17
ENST00000305188.13	1579-1582	16
ENST00000305218.9	1399-1402	20
ENST00000305264.8	1286-1289	17
ENST00000305364.9	1498-1501	17
ENST00000305386.4	1592-1595	18
ENST00000305476.10	2417-2420	19
ENST00000305494.6	283-286	12
ENST00000305510.4	1201-1204	20
ENST00000305513.12	2106-2109	17
ENST00000305533.10	1015-1018	18
ENST00000305536.11	931-934	18
ENST00000305544.9	726-729	20
ENST00000305560.11	2047-2050	19
ENST00000305596.8	774-777	20
ENST00000305626.6	459-462	14
ENST00000305632.11	180-183	26
ENST00000305641.7	1920-1923	20
ENST00000305747.11	456-459	24
ENST00000305768.10	87-90	20
ENST00000305783.13	806-809	15
ENST00000305784.7	176-179	23
ENST00000305786.7	321-324	14
ENST00000305798.8	904-907	14
ENST00000305850.10	86-89	25
ENST00000305866.10	375-378	16
ENST00000305877.13	3488-3491	17
ENST00000305883.6	1037-1040	14
ENST00000305885.3	793-796	23
ENST00000305921.8	885-888	16
ENST00000305949.6	580-583	17
ENST00000305963.3	655-658	15
ENST00000305978.7	161-164	22
ENST00000305997.8	1531-1534	17
ENST00000306014.10	2340-2343	20
ENST00000306024.4	56-59	27
ENST00000306052.12	2720-2723	17
ENST00000306065.9	1250-1253	23
ENST00000306077.5	1159-1162	19
ENST00000306103.3	1354-1357	15
ENST00000306107.9	746-749	17
ENST00000306108.10	767-770	17
ENST00000306121.8	161-164	18
ENST00000306125.12	723-726	25
ENST00000306177.10	3543-3546	18
ENST00000306185.8	569-572	27
ENST00000306193.8	649-652	16
ENST00000306200.7	690-693	20
ENST00000306243.7	917-920	14
ENST00000306270.12	2028-2031	16
ENST00000306306.8	506-509	19
ENST00000306336.6	403-406	17
ENST00000306357.9	96-99	15
ENST00000306368.9	49-52	18
ENST00000306378.11	3114-3117	23
ENST00000306433.9	554-557	25
ENST00000306434.8	153-156	21
ENST00000306442.5	469-472	20
ENST00000306467.10	765-768	18
ENST00000306480.11	693-696	15
ENST00000306601.9	336-339	11
ENST00000306627.8	356-359	21
ENST00000306645.10	403-406	16
ENST00000306688.8	456-459	25
ENST00000306708.11	570-573	16
ENST00000306721.8	842-845	20
ENST00000306730.8	1223-1226	16
ENST00000306735.10	188-191	16
ENST00000306739.9	879-882	16
ENST00000306749.4	282-285	24
ENST00000306773.5	830-833	15
ENST00000306796.10	1387-1390	20
ENST00000306801.8	1005-1008	21
ENST00000306846.8	1128-1131	19
ENST00000306851.10	812-815	17
ENST00000306862.7	1564-1567	18
ENST00000306869.7	606-609	19
ENST00000306875.10	465-468	18
ENST00000306897.9	264-267	19
ENST00000306908.10	205-208	13
ENST00000306917.5	748-751	18
ENST00000306954.5	292-295	16
ENST00000306984.8	493-496	21
ENST00000306999.7	1267-1270	18
ENST00000307017.9	651-654	23
ENST00000307063.9	1007-1010	16
ENST00000307102.10	916-919	19
ENST00000307126.10	1686-1689	16
ENST00000307149.10	225-228	16
ENST00000307179.9	835-838	17
ENST00000307227.10	218-221	19
ENST00000307259.9	695-698	14
ENST00000307296.8	612-615	25
ENST00000307355.12	795-798	17
ENST00000307363.10	310-313	18
ENST00000307365.4	458-461	24
ENST00000307366.8	594-597	15
ENST00000307450.11	526-529	16
ENST00000307471.8	727-730	10
ENST00000307522.5	883-886	19
ENST00000307526.4	473-476	16
ENST00000307534.10	813-816	18
ENST00000307546.14	522-525	19
ENST00000307602.9	955-958	20
ENST00000307630.5	783-786	23
ENST00000307659.6	1413-1416	16
ENST00000307677.5	726-729	17
ENST00000307712.11	954-957	23
ENST00000307719.9	172-175	13
ENST00000307720.4	1095-1098	19
ENST00000307729.12	1000-1003	16
ENST00000307731.2	1650-1653	21
ENST00000307741.11	1339-1342	20
ENST00000307750.5	966-969	16
ENST00000307767.13	405-408	18
ENST00000307771.8	114-117	17
ENST00000307790.8	1149-1152	19
ENST00000307826.5	1111-1114	20
ENST00000307839.10	586-589	16
ENST00000307845.8	627-630	19
ENST00000307864.3	951-954	17
ENST00000307877.7	302-305	24
ENST00000307892.13	323-326	17
ENST00000307897.10	130-133	20
ENST00000307961.11	788-791	24
ENST00000307972.10	2144-2147	17
ENST00000307980.7	974-977	14
ENST00000308018.9	452-455	22
ENST00000308020.6	258-261	23
ENST00000308025.8	587-590	23
ENST00000308108.9	1176-1179	18
ENST00000308110.9	387-390	21
ENST00000308153.9	323-326	20
ENST00000308158.10	516-519	15
ENST00000308159.10	1645-1648	22
ENST00000308162.10	465-468	16
ENST00000308167.10	1453-1456	21
ENST00000308197.10	414-417	17
ENST00000308249.4	285-288	15
ENST00000308259.10	453-456	19
ENST00000308271.14	318-321	18
ENST00000308275.8	1163-1166	17
ENST00000308278.13	304-307	20
ENST00000308317.12	79-82	18
ENST00000308330.3	2204-2207	22
ENST00000308360.8	1684-1687	22
ENST00000308388.7	1227-1230	17
ENST00000308394.9	319-322	17
ENST00000308418.10	49-52	18
ENST00000308482.14	1411-1414	20
ENST00000308488.11	2564-2567	24
ENST00000308511.9	2287-2290	19
ENST00000308527.6	2811-2814	13
ENST00000308580.12	603-606	22
ENST00000308588.10	398-401	25
ENST00000308595.10	1019-1022	20
ENST00000308660.6	997-1000	10
ENST00000308677.9	872-875	20
ENST00000308683.3	1437-1440	15
ENST00000308696.11	642-645	19
ENST00000308736.7	1933-1936	22
ENST00000308742.9	234-237	21
ENST00000308775.7	2683-2686	24
ENST00000308824.11	972-975	17
ENST00000308874.12	929-932	15
ENST00000308893.9	1095-1098	24
ENST00000308924.9	331-334	24
ENST00000308961.5	226-229	17
ENST00000308982.12	1299-1302	15
ENST00000308987.6	245-248	15
ENST00000309033.5	956-959	22
ENST00000309042.12	743-746	28
ENST00000309061.12	190-193	18
ENST00000309083.8	349-352	16
ENST00000309117.11	517-520	20
ENST00000309137.13	648-651	23
ENST00000309166.8	471-474	12
ENST00000309241.10	339-342	16
ENST00000309244.9	692-695	24
ENST00000309268.11	156-159	20
ENST00000309311.7	530-533	26
ENST00000309318.8	561-564	16
ENST00000309324.9	375-378	18
ENST00000309328.8	57-60	24
ENST00000309352.4	228-231	19
ENST00000309366.9	456-459	14
ENST00000309377.9	596-599	15
ENST00000309395.7	462-465	14
ENST00000309424.8	842-845	22
ENST00000309428.10	683-686	22
ENST00000309451.7	249-252	19
ENST00000309469.9	361-364	15
ENST00000309522.8	749-752	21
ENST00000309558.8	1003-1006	19
ENST00000309594.5	335-338	22
ENST00000309657.8	72-75	16
ENST00000309660.10	957-960	17
ENST00000309683.11	171-174	22
ENST00000309733.6	229-232	13
ENST00000309777.11	382-385	16
ENST00000309784.9	431-434	19
ENST00000309794.16	87-90	21
ENST00000309822.7	818-821	17
ENST00000309859.8	506-509	24
ENST00000309863.11	4734-4737	17
ENST00000309922.7	1120-1123	18
ENST00000309951.8	2572-2575	25
ENST00000309955.8	674-677	14
ENST00000309971.9	876-879	21
ENST00000309983.5	752-755	18
ENST00000309993.3	1285-1288	19
ENST00000310015.12	1813-1816	27
ENST00000310046.9	253-256	25
ENST00000310053.10	983-986	21
ENST00000310074.8	1312-1315	18
ENST00000310078.13	1151-1154	18
ENST00000310092.12	179-182	23
ENST00000310109.5	120-123	17
ENST00000310118.9	809-812	23
ENST00000310137.5	2044-2047	20
ENST00000310144.11	354-357	22
ENST00000310164.3	1664-1667	21
ENST00000310256.7	393-396	20
ENST00000310300.11	1631-1634	12
ENST00000310301.9	575-578	21
ENST00000310380.11	1139-1142	16
ENST00000310389.6	602-605	16
ENST00000310392.5	841-844	16
ENST00000310418.9	725-728	18
ENST00000310421.5	1953-1956	17
ENST00000310430.11	3844-3847	16
ENST00000310441.12	6468-6471	20
ENST00000310442.5	879-882	18
ENST00000310447.10	771-774	20
ENST00000310496.9	327-330	21
ENST00000310512.4	1283-1286	24
ENST00000310528.9	946-949	20
ENST00000310571.8	1157-1160	20
ENST00000310574.8	2241-2244	22
ENST00000310597.6	288-291	21
ENST00000310614.12	272-275	22
ENST00000310775.12	146-149	21
ENST00000310786.10	257-260	21
ENST00000310806.9	3556-3559	17
ENST00000310823.8	834-837	17
ENST00000310826.10	3340-3343	16
ENST00000310836.11	728-731	18
ENST00000310842.9	756-759	20
ENST00000310850.9	584-587	13
ENST00000310864.11	1498-1501	20
ENST00000310924.7	185-188	15
ENST00000310931.10	3142-3145	20
ENST00000310942.9	322-325	20
ENST00000310955.11	372-375	23
ENST00000310999.11	457-460	21
ENST00000311008.16	410-413	18
ENST00000311048.11	255-258	24
ENST00000311052.10	459-462	15
ENST00000311066.10	3931-3934	16
ENST00000311083.10	233-236	16
ENST00000311086.9	508-511	22
ENST00000311111.11	175-178	24
ENST00000311117.8	4491-4494	13
ENST00000311124.9	167-170	17
ENST00000311128.10	533-536	18
ENST00000311141.7	425-428	14
ENST00000311148.9	1266-1269	21
ENST00000311177.7	719-722	23
ENST00000311180.9	859-862	17
ENST00000311181.5	1053-1056	24
ENST00000311189.8	730-733	18
ENST00000311212.9	442-445	18
ENST00000311234.9	2443-2446	15
ENST00000311277.9	370-373	17
ENST00000311337.11	510-513	16
ENST00000311350.8	1457-1460	22
ENST00000311351.9	212-215	21
ENST00000311381.8	244-247	16
ENST00000311413.5	929-932	16
ENST00000311417.7	371-374	14
ENST00000311481.11	197-200	19
ENST00000311487.9	504-507	27
ENST00000311502.12	819-822	25
ENST00000311506.10	291-294	25
ENST00000311528.10	81-84	18
ENST00000311549.11	112-115	25
ENST00000311601.6	1880-1883	14
ENST00000311630.7	1162-1165	20
ENST00000311635.12	242-245	16
ENST00000311638.7	122-125	19
ENST00000311672.10	96-99	19
ENST00000311765.4	756-759	18
ENST00000311772.10	138-141	25
ENST00000311806.8	1069-1072	24
ENST00000311832.6	308-311	17
ENST00000311893.14	150-153	16
ENST00000311895.8	1509-1512	17
ENST00000311916.8	1556-1559	19
ENST00000311922.4	1259-1262	18
ENST00000311936.8	733-736	18
ENST00000311956.9	679-682	17
ENST00000312026.6	238-241	18
ENST00000312175.7	282-285	18
ENST00000312184.6	609-612	17
ENST00000312196.10	120-123	15
ENST00000312251.8	678-681	16
ENST00000312280.9	672-675	19
ENST00000312377.10	218-221	20
ENST00000312397.10	842-845	26
ENST00000312475.5	284-287	19
ENST00000312499.6	175-178	21
ENST00000312515.7	121-124	28
ENST00000312521.9	1838-1841	20
ENST00000312541.10	1034-1037	16
ENST00000312547.7	580-583	18
ENST00000312561.9	4138-4141	14
ENST00000312579.4	672-675	18
ENST00000312629.10	1177-1180	16
ENST00000312637.5	640-643	13
ENST00000312814.11	2135-2138	18
ENST00000312838.9	725-728	20
ENST00000312865.10	1589-1592	24
ENST00000312912.10	1400-1403	17
ENST00000312916.12	1128-1131	24
ENST00000312938.5	1361-1364	16
ENST00000312960.4	635-638	12
ENST00000312962.12	116-119	25
ENST00000313005.11	1685-1688	22
ENST00000313010.8	1162-1165	20
ENST00000313040.12	286-289	17
ENST00000313056.10	776-779	17
ENST00000313071.7	1237-1240	16
ENST00000313115.11	200-203	18
ENST00000313117.11	285-288	25
ENST00000313143.9	1141-1144	21
ENST00000313182.7	1371-1374	28
ENST00000313236.10	991-994	16
ENST00000313244.14	181-184	19
ENST00000313250.10	784-787	20
ENST00000313288.9	2155-2158	21
ENST00000313324.9	836-839	10
ENST00000313334.13	197-200	21
ENST00000313349.3	349-352	20
ENST00000313367.7	2395-2398	23
ENST00000313368.8	1196-1199	21
ENST00000313386.9	1177-1180	14
ENST00000313401.4	423-426	8
ENST00000313468.10	314-317	20
ENST00000313486.12	934-937	22
ENST00000313511.8	280-283	20
ENST00000313525.4	389-392	13
ENST00000313546.8	668-671	17
ENST00000313552.11	66-69	18
ENST00000313582.6	280-283	21
ENST00000313597.10	113-116	21
ENST00000313601.11	711-714	15
ENST00000313608.13	514-517	22
ENST00000313655.5	810-813	22
ENST00000313698.9	1931-1934	13
ENST00000313732.9	851-854	16
ENST00000313733.9	1009-1012	14
ENST00000313777.9	357-360	22
ENST00000313806.9	609-612	19
ENST00000313833.5	2233-2236	14
ENST00000313835.14	524-527	21
ENST00000313843.8	998-1001	17
ENST00000313899.12	670-673	24
ENST00000314011.9	600-603	15
ENST00000314028.11	1105-1108	22
ENST00000314067.11	312-315	15
ENST00000314103.6	158-161	17
ENST00000314128.9	663-666	16
ENST00000314133.4	148-151	23
ENST00000314134.4	1619-1622	17
ENST00000314138.11	241-244	19
ENST00000314163.12	495-498	21
ENST00000314167.9	2286-2289	21
ENST00000314191.7	3820-3823	22
ENST00000314222.5	65-68	21
ENST00000314256.12	340-343	16
ENST00000314289.13	628-631	18
ENST00000314328.14	1656-1659	20
ENST00000314340.10	541-544	16
ENST00000314355.7	131-134	19
ENST00000314358.10	1833-1836	21
ENST00000314392.13	250-253	16
ENST00000314393.6	2575-2578	16
ENST00000314400.10	1506-1509	21
ENST00000314423.12	2029-2032	19
ENST00000314425.9	830-833	24
ENST00000314485.12	1098-1101	18
ENST00000314529.10	437-440	23
ENST00000314531.5	218-221	18
ENST00000314565.9	776-779	14
ENST00000314574.5	1673-1676	21
ENST00000314595.6	936-939	23
ENST00000314606.9	753-756	23
ENST00000314607.11	4877-4880	23
ENST00000314616.11	526-529	26
ENST00000314622.9	285-288	13
ENST00000314636.3	503-506	27
ENST00000314666.11	535-538	21
ENST00000314673.8	1004-1007	20
ENST00000314728.10	720-723	18
ENST00000314742.13	1097-1100	15
ENST00000314752.12	691-694	15
ENST00000314759.6	477-480	16
ENST00000314761.9	1783-1786	23
ENST00000314797.10	1808-1811	24
ENST00000314888.10	3391-3394	22
ENST00000314891.11	1629-1632	15
ENST00000314940.7	384-387	24
ENST00000314970.11	419-422	19
ENST00000315005.8	561-564	18
ENST00000315073.10	1688-1691	16
ENST00000315082.9	239-242	22
ENST00000315127.9	373-376	20
ENST00000315150.10	345-348	17
ENST00000315212.4	418-421	18
ENST00000315251.11	653-656	13
ENST00000315285.9	1887-1890	25
ENST00000315286.13	56-59	18
ENST00000315322.10	559-562	20
ENST00000315323.5	1660-1663	20
ENST00000315367.4	500-503	15
ENST00000315368.8	269-272	20
ENST00000315423.12	869-872	23
ENST00000315436.8	677-680	16
ENST00000315467.9	495-498	21
ENST00000315491.12	1269-1272	28
ENST00000315567.13	190-193	18
ENST00000315571.6	190-193	17
ENST00000315579.10	631-634	25
ENST00000315580.10	163-166	15
ENST00000315588.11	543-546	17
ENST00000315596.15	3914-3917	19
ENST00000315616.12	483-486	23
ENST00000315691.8	783-786	21
ENST00000315717.10	686-689	26
ENST00000315732.3	178-181	22
ENST00000315758.10	310-313	22
ENST00000315796.5	260-263	22
ENST00000315869.8	158-161	20
ENST00000315870.10	183-186	22
ENST00000315872.11	2921-2924	18
ENST00000315927.9	1213-1216	20
ENST00000315939.11	2082-2085	21
ENST00000315948.11	286-289	18
ENST00000315970.12	1458-1461	23
ENST00000316045.10	4808-4811	15
ENST00000316052.6	303-306	22
ENST00000316059.7	1308-1311	20
ENST00000316077.14	678-681	19
ENST00000316084.10	203-206	24
ENST00000316097.13	514-517	17
ENST00000316149.8	582-585	20
ENST00000316157.8	1235-1238	20
ENST00000316218.12	581-584	16
ENST00000316273.11	832-835	17
ENST00000316308.9	246-249	15
ENST00000316334.5	1677-1680	21
ENST00000316341.8	2706-2709	14
ENST00000316355.10	579-582	13
ENST00000316403.15	1332-1335	21
ENST00000316423.11	1364-1367	20
ENST00000316448.10	701-704	21
ENST00000316461.9	723-726	15
ENST00000316491.14	207-210	20
ENST00000316509.11	255-258	18
ENST00000316519.11	342-345	18
ENST00000316586.9	647-650	21
ENST00000316594.6	292-295	28
ENST00000316610.7	533-536	18
ENST00000316634.6	190-193	18
ENST00000316660.7	296-299	22
ENST00000316694.8	462-465	18
ENST00000316715.9	501-504	17
ENST00000316731.13	231-234	19
ENST00000316738.12	337-340	16
ENST00000316757.4	626-629	20
ENST00000316763.8	1115-1118	18
ENST00000316788.12	379-382	19
ENST00000316804.10	360-363	19
ENST00000316824.4	972-975	15
ENST00000316836.5	1279-1282	18
ENST00000316843.9	3054-3057	19
ENST00000316851.12	1621-1624	18
ENST00000316881.9	1153-1156	24
ENST00000316891.10	547-550	14
ENST00000316937.8	707-710	16
ENST00000316939.3	581-584	22
ENST00000316948.9	521-524	11
ENST00000316963.8	358-361	20
ENST00000317025.13	751-754	20
ENST00000317040.12	389-392	19
ENST00000317058.8	421-424	15
ENST00000317089.10	306-309	20
ENST00000317096.9	274-277	15
ENST00000317135.13	784-787	17
ENST00000317147.10	3273-3276	26
ENST00000317178.10	298-301	19
ENST00000317204.11	497-500	17
ENST00000317357.10	527-530	16
ENST00000317459.11	623-626	19
ENST00000317479.8	378-381	22
ENST00000317502.11	691-694	19
ENST00000317506.8	792-795	14
ENST00000317534.6	433-436	22
ENST00000317551.12	378-381	20
ENST00000317552.9	2041-2044	17
ENST00000317568.10	1469-1472	13
ENST00000317571.8	250-253	19
ENST00000317578.7	1224-1227	14
ENST00000317582.10	1248-1251	21
ENST00000317615.11	369-372	17
ENST00000317633.14	375-378	22
ENST00000317635.6	561-564	17
ENST00000317683.4	1824-1827	15
ENST00000317697.8	192-195	18
ENST00000317702.10	1171-1174	29
ENST00000317799.10	726-729	19
ENST00000317811.6	1248-1251	21
ENST00000317827.9	1601-1604	22
ENST00000317868.9	402-405	15
ENST00000317881.9	858-861	19
ENST00000317897.5	582-585	21
ENST00000317905.10	815-818	16
ENST00000317907.9	423-426	18
ENST00000317968.9	906-909	20
ENST00000317991.10	2163-2166	19
ENST00000317995.5	454-457	16
ENST00000318003.11	1774-1777	20
ENST00000318006.10	2302-2305	19
ENST00000318008.11	840-843	15
ENST00000318037.3	1909-1912	21
ENST00000318059.8	426-429	19
ENST00000318066.7	141-144	16
ENST00000318080.7	1883-1886	13
ENST00000318121.8	1593-1596	21
ENST00000318129.6	677-680	22
ENST00000318130.13	2597-2600	22
ENST00000318158.11	181-184	21
ENST00000318217.10	525-528	20
ENST00000318240.8	224-227	17
ENST00000318249.10	399-402	25
ENST00000318312.12	421-424	13
ENST00000318348.9	329-332	15
ENST00000318364.13	366-369	17
ENST00000318388.11	111-114	17
ENST00000318410.12	1658-1661	18
ENST00000318443.10	516-519	22
ENST00000318471.5	230-233	24
ENST00000318522.10	1021-1024	28
ENST00000318560.6	2002-2005	16
ENST00000318584.10	1579-1582	19
ENST00000318607.10	943-946	21
ENST00000318631.8	519-522	13
ENST00000318636.8	340-343	16
ENST00000318709.9	2147-2150	18
ENST00000318782.9	471-474	15
ENST00000318887.8	1033-1036	15
ENST00000318911.5	945-948	20
ENST00000318948.7	3004-3007	16
ENST00000318950.11	769-772	23
ENST00000318967.7	2832-2835	24
ENST00000318978.6	192-195	10
ENST00000319004.6	482-485	23
ENST00000319006.8	402-405	18
ENST00000319017.5	475-478	21
ENST00000319023.7	208-211	18
ENST00000319074.6	248-251	20
ENST00000319080.12	170-173	17
ENST00000319119.5	1530-1533	18
ENST00000319121.4	809-812	25
ENST00000319170.10	224-227	15
ENST00000319172.10	1605-1608	18
ENST00000319190.11	342-345	11
ENST00000319211.5	332-335	17
ENST00000319212.9	185-188	27
ENST00000319217.12	1607-1610	13
ENST00000319248.13	655-658	18
ENST00000319283.8	998-1001	17
ENST00000319285.5	185-188	20
ENST00000319296.10	188-191	19
ENST00000319357.6	1273-1276	18
ENST00000319363.11	704-707	19
ENST00000319380.12	2852-2855	20
ENST00000319394.8	1193-1196	16
ENST00000319449.9	1006-1009	20
ENST00000319466.9	357-360	20
ENST00000319481.8	2374-2377	18
ENST00000319540.9	742-745	14
ENST00000319550.9	921-924	21
ENST00000319562.11	782-785	14
ENST00000319715.10	1184-1187	21
ENST00000319725.10	983-986	19
ENST00000319769.10	572-575	20
ENST00000319778.11	1833-1836	18
ENST00000319863.13	451-454	14
ENST00000319933.7	784-787	16
ENST00000319942.8	58-61	23
ENST00000319974.6	1262-1265	16
ENST00000320027.10	2275-2278	23
ENST00000320033.5	446-449	14
ENST00000320081.10	1484-1487	16
ENST00000320172.11	450-453	15
ENST00000320211.10	1444-1447	17
ENST00000320225.10	825-828	21
ENST00000320246.10	241-244	16
ENST00000320270.4	472-475	21
ENST00000320285.9	999-1002	25
ENST00000320316.8	712-715	20
ENST00000320330.8	437-440	27
ENST00000320356.7	699-702	20
ENST00000320393.9	1148-1151	17
ENST00000320451.7	371-374	18
ENST00000320560.13	2666-2669	17
ENST00000320574.10	765-768	20
ENST00000320578.3	439-442	18
ENST00000320580.9	2423-2426	18
ENST00000320585.11	299-302	23
ENST00000320623.10	376-379	12
ENST00000320631.8	1204-1207	24
ENST00000320640.11	1047-1050	20
ENST00000320676.11	1016-1019	19
ENST00000320717.8	783-786	26
ENST00000320740.12	1060-1063	13
ENST00000320743.8	3587-3590	17
ENST00000320756.7	491-494	18
ENST00000320776.5	639-642	20
ENST00000320785.10	2038-2041	26
ENST00000320805.9	1293-1296	19
ENST00000320848.7	326-329	22
ENST00000320849.9	827-830	19
ENST00000320876.11	2438-2441	17
ENST00000320892.11	1154-1157	13
ENST00000320895.10	1194-1197	21
ENST00000320934.8	2369-2372	21
ENST00000320954.11	589-592	25
ENST00000321027.8	1896-1899	24
ENST00000321030.9	901-904	21
ENST00000321037.5	873-876	13
ENST00000321105.10	3075-3078	23
ENST00000321117.10	1867-1870	17
ENST00000321153.9	386-389	21
ENST00000321169.10	436-439	15
ENST00000321250.13	480-483	22
ENST00000321256.10	337-340	18
ENST00000321264.9	1385-1388	12
ENST00000321265.10	679-682	22
ENST00000321301.7	209-212	18
ENST00000321331.12	326-329	20
ENST00000321337.12	1466-1469	24
ENST00000321341.11	971-974	20
ENST00000321356.9	1349-1352	19
ENST00000321358.12	1069-1072	20
ENST00000321394.12	1235-1238	18
ENST00000321407.3	2133-2136	26
ENST00000321437.9	445-448	18
ENST00000321442.10	608-611	21
ENST00000321464.7	1945-1948	13
ENST00000321556.5	1525-1528	23
ENST00000321560.4	659-662	20
ENST00000321562.9	286-289	21
ENST00000321599.9	1610-1613	21
ENST00000321612.8	437-440	21
ENST00000321617.8	2029-2032	14
ENST00000321680.11	2765-2768	14
ENST00000321757.11	257-260	19
ENST00000321765.10	1345-1348	18
ENST00000321867.6	506-509	21
ENST00000321878.10	684-687	17
ENST00000321895.7	1230-1233	19
ENST00000321919.14	176-179	23
ENST00000321945.12	337-340	16
ENST00000321990.5	4714-4717	19
ENST00000321998.10	150-153	22
ENST00000322028.5	174-177	19
ENST00000322030.13	802-805	23
ENST00000322048.12	761-764	19
ENST00000322054.10	1517-1520	19
ENST00000322067.12	990-993	17
ENST00000322088.11	1758-1761	19
ENST00000322090.8	574-577	24
ENST00000322157.9	2692-2695	22
ENST00000322166.10	518-521	19
ENST00000322177.6	756-759	13
ENST00000322203.7	106-109	22
ENST00000322209.5	353-356	17
ENST00000322213.9	3000-3003	28
ENST00000322244.10	2664-2667	23
ENST00000322310.10	372-375	19
ENST00000322313.9	1446-1449	21
ENST00000322329.5	579-582	16
ENST00000322342.4	762-765	20
ENST00000322344.8	949-952	15
ENST00000322347.11	248-251	17
ENST00000322349.13	1738-1741	17
ENST00000322354.4	520-523	18
ENST00000322357.9	1673-1676	13
ENST00000322396.7	1520-1523	19
ENST00000322428.10	1021-1024	19
ENST00000322434.8	349-352	22
ENST00000322444.7	194-197	15
ENST00000322535.11	1836-1839	22
ENST00000322536.8	388-391	17
ENST00000322623.10	421-424	22
ENST00000322652.10	1494-1497	21
ENST00000322723.9	1877-1880	24
ENST00000322753.7	241-244	18
ENST00000322764.10	923-926	17
ENST00000322776.11	1146-1149	23
ENST00000322886.12	2829-2832	16
ENST00000322897.11	775-778	12
ENST00000322927.3	2193-2196	12
ENST00000322940.11	171-174	15
ENST00000322945.11	1277-1280	24
ENST00000322954.11	1495-1498	19
ENST00000322989.8	432-435	22
ENST00000323013.7	97-100	25
ENST00000323019.9	692-695	14
ENST00000323037.5	1445-1448	15
ENST00000323039.10	496-499	16
ENST00000323116.10	1840-1843	20
ENST00000323206.2	668-671	20
ENST00000323267.11	2573-2576	19
ENST00000323274.15	423-426	18
ENST00000323303.9	96-99	26
ENST00000323345.11	509-512	23
ENST00000323348.10	686-689	16
ENST00000323460.10	998-1001	18
ENST00000323468.10	1458-1461	19
ENST00000323469.5	573-576	13
ENST00000323482.9	832-835	15
ENST00000323523.8	1102-1105	13
ENST00000323534.5	666-669	20
ENST00000323557.12	1679-1682	15
ENST00000323563.8	57-60	18
ENST00000323570.8	419-422	19
ENST00000323571.9	336-339	22
ENST00000323578.13	556-559	25
ENST00000323584.10	62-65	14
ENST00000323666.10	85-88	24
ENST00000323670.14	387-390	22
ENST00000323699.9	541-544	19
ENST00000323701.11	802-805	20
ENST00000323703.11	568-571	13
ENST00000323716.8	205-208	16
ENST00000323760.11	1505-1508	18
ENST00000323786.10	20-23	22
ENST00000323798.8	1469-1472	17
ENST00000323848.14	2503-2506	22
ENST00000323851.13	488-491	22
ENST00000323853.10	3589-3592	21
ENST00000323927.3	619-622	19
ENST00000323929.8	603-606	19
ENST00000323959.9	308-311	23
ENST00000323963.10	823-826	18
ENST00000323984.8	1324-1327	21
ENST00000324096.9	164-167	19
ENST00000324103.11	2553-2556	14
ENST00000324109.9	1476-1479	13
ENST00000324194.12	561-564	18
ENST00000324198.11	399-402	13
ENST00000324210.10	1505-1508	17
ENST00000324219.9	4070-4073	21
ENST00000324225.9	605-608	16
ENST00000324229.11	452-455	12
ENST00000324238.7	1016-1019	14
ENST00000324262.9	1085-1088	17
ENST00000324266.10	2191-2194	18
ENST00000324306.11	447-450	22
ENST00000324324.12	586-589	20
ENST00000324344.9	917-920	15
ENST00000324364.4	277-280	9
ENST00000324366.13	921-924	24
ENST00000324379.10	142-145	17
ENST00000324439.10	399-402	16
ENST00000324453.13	283-286	13
ENST00000324460.7	2050-2053	20
ENST00000324464.8	1602-1605	16
ENST00000324501.10	941-944	16
ENST00000324557.9	266-269	22
ENST00000324559.9	2841-2844	19
ENST00000324607.8	1660-1663	17
ENST00000324679.5	1050-1053	14
ENST00000324685.11	326-329	17
ENST00000324765.13	778-781	21
ENST00000324787.10	339-342	21
ENST00000324816.11	725-728	22
ENST00000324817.6	1852-1855	24
ENST00000324849.9	1151-1154	19
ENST00000324856.13	6371-6374	23
ENST00000324862.7	1692-1695	19
ENST00000324868.13	1235-1238	20
ENST00000324871.12	628-631	21
ENST00000324894.13	683-686	23
ENST00000324913.10	264-267	15
ENST00000324932.12	2010-2013	17
ENST00000325006.8	1574-1577	16
ENST00000325083.13	4887-4890	21
ENST00000325102.13	786-789	18
ENST00000325110.11	1467-1470	26
ENST00000325144.5	1685-1688	15
ENST00000325167.9	162-165	18
ENST00000325212.11	7385-7388	14
ENST00000325222.9	1092-1095	21
ENST00000325285.8	216-219	26
ENST00000325301.7	1498-1501	20
ENST00000325303.9	846-849	12
ENST00000325307.12	113-116	19
ENST00000325318.10	325-328	14
ENST00000325324.11	2816-2819	21
ENST00000325327.4	308-311	19
ENST00000325333.10	701-704	16
ENST00000325366.14	692-695	20
ENST00000325385.12	410-413	14
ENST00000325404.3	790-793	11
ENST00000325418.5	219-222	20
ENST00000325421.7	1586-1589	16
ENST00000325464.6	1581-1584	18
ENST00000325495.9	2040-2043	25
ENST00000325542.10	1608-1611	18
ENST00000325551.9	1722-1725	22
ENST00000325599.13	198-201	17
ENST00000325617.10	754-757	20
ENST00000325680.12	1266-1269	19
ENST00000325722.8	1914-1917	15
ENST00000325748.9	808-811	22
ENST00000325752.8	625-628	19
ENST00000325805.13	481-484	21
ENST00000325844.9	208-211	18
ENST00000325954.9	495-498	21
ENST00000325974.9	220-223	19
ENST00000326005.10	296-299	19
ENST00000326019.11	185-188	18
ENST00000326043.5	1900-1903	26
ENST00000326047.9	2178-2181	18
ENST00000326132.11	377-380	18
ENST00000326181.11	1867-1870	18
ENST00000326194.11	1292-1295	13
ENST00000326195.13	1804-1807	22
ENST00000326232.14	1163-1166	13
ENST00000326266.13	439-442	20
ENST00000326291.11	1281-1284	15
ENST00000326397.10	650-653	15
ENST00000326402.9	171-174	24
ENST00000326427.11	546-549	19
ENST00000326446.10	224-227	19
ENST00000326448.12	228-231	20
ENST00000326505.4	1211-1214	15
ENST00000326577.9	324-327	14
ENST00000326587.12	1474-1477	25
ENST00000326631.7	480-483	19
ENST00000326639.11	329-332	21
ENST00000326648.5	2665-2668	16
ENST00000326674.10	507-510	13
ENST00000326735.13	472-475	28
ENST00000326737.3	1208-1211	14
ENST00000326739.9	87-90	23
ENST00000326756.4	3013-3016	15
ENST00000326764.10	2177-2180	15
ENST00000326775.10	382-385	20
ENST00000326793.11	1808-1811	18
ENST00000326840.11	2037-2040	22
ENST00000326873.12	2075-2078	21
ENST00000326925.11	162-165	26
ENST00000326974.9	282-285	19
ENST00000327031.9	1518-1521	20
ENST00000327040.13	1908-1911	14
ENST00000327044.7	274-277	30
ENST00000327064.9	1623-1626	21
ENST00000327111.8	2981-2984	17
ENST00000327134.7	727-730	19
ENST00000327141.9	376-379	17
ENST00000327155.10	2309-2312	22
ENST00000327158.5	308-311	16
ENST00000327237.7	516-519	17
ENST00000327299.8	658-661	17
ENST00000327300.12	956-959	21
ENST00000327304.10	656-659	19
ENST00000327347.10	588-591	22
ENST00000327367.9	1261-1264	17
ENST00000327374.9	275-278	14
ENST00000327423.11	5153-5156	23
ENST00000327428.10	320-323	18
ENST00000327435.11	71-74	17
ENST00000327443.9	2120-2123	19
ENST00000327490.8	167-170	15
ENST00000327492.4	791-794	17
ENST00000327619.10	977-980	13
ENST00000327628.10	1994-1997	15
ENST00000327671.10	437-440	14
ENST00000327680.7	338-341	23
ENST00000327697.11	128-131	19
ENST00000327772.7	263-266	20
ENST00000327787.13	1406-1409	20
ENST00000327827.12	800-803	19
ENST00000327835.7	268-271	9
ENST00000327858.11	1009-1012	20
ENST00000327877.10	959-962	21
ENST00000327892.13	353-356	22
ENST00000327949.15	463-466	11
ENST00000328024.11	348-351	18
ENST00000328046.8	1948-1951	25
ENST00000328078.3	1062-1065	26
ENST00000328086.12	2374-2377	18
ENST00000328089.11	816-819	12
ENST00000328111.6	1281-1284	26
ENST00000328194.8	3785-3788	16
ENST00000328195.8	483-486	18
ENST00000328257.13	496-499	17
ENST00000328268.9	1102-1105	19
ENST00000328299.4	463-466	12
ENST00000328300.11	2829-2832	17
ENST00000328345.8	693-696	18
ENST00000328379.6	419-422	18
ENST00000328381.10	518-521	19
ENST00000328434.8	284-287	18
ENST00000328459.11	1176-1179	13
ENST00000328554.9	930-933	14
ENST00000328599.4	657-660	18
ENST00000328631.10	258-261	13
ENST00000328649.11	413-416	19
ENST00000328666.11	456-459	16
ENST00000328697.11	246-249	21
ENST00000328703.12	623-626	20
ENST00000328709.8	242-245	14
ENST00000328747.12	659-662	18
ENST00000328771.9	630-633	18
ENST00000328827.9	864-867	20
ENST00000328834.10	1488-1491	19
ENST00000328848.6	213-216	19
ENST00000328879.9	1470-1473	25
ENST00000328914.5	1052-1055	22
ENST00000328923.8	212-215	20
ENST00000328933.10	290-293	24
ENST00000328965.9	476-479	22
ENST00000329082.12	855-858	19
ENST00000329138.9	755-758	18
ENST00000329153.10	725-728	12
ENST00000329198.5	717-720	24
ENST00000329214.13	198-201	15
ENST00000329245.9	595-598	20
ENST00000329251.5	1237-1240	21
ENST00000329271.8	185-188	26
ENST00000329276.10	290-293	20
ENST00000329399.7	955-958	25
ENST00000329421.8	491-494	17
ENST00000329474.7	2420-2423	16
ENST00000329492.6	701-704	21
ENST00000329516.8	2721-2724	26
ENST00000329517.11	481-484	22
ENST00000329548.5	657-660	22
ENST00000329600.8	1182-1185	16
ENST00000329665.5	700-703	14
ENST00000329713.5	1015-1018	16
ENST00000329734.4	2114-2117	16
ENST00000329875.13	714-717	22
ENST00000329957.7	628-631	13
ENST00000329967.11	226-229	19
ENST00000329970.8	532-535	20
ENST00000330029.6	144-147	19
ENST00000330045.12	263-266	17
ENST00000330062.8	873-876	16
ENST00000330125.10	236-239	16
ENST00000330133.5	193-196	16
ENST00000330137.12	263-266	21
ENST00000330143.8	396-399	13
ENST00000330149.10	466-469	15
ENST00000330181.10	504-507	20
ENST00000330236.7	1073-1076	18
ENST00000330263.5	163-166	15
ENST00000330288.6	114-117	16
ENST00000330333.11	1649-1652	21
ENST00000330342.8	822-825	17
ENST00000330374.7	142-145	20
ENST00000330387.11	852-855	21
ENST00000330398.9	473-476	16
ENST00000330452.8	1935-1938	18
ENST00000330459.8	741-744	24
ENST00000330494.12	1760-1763	16
ENST00000330501.12	1518-1521	23
ENST00000330503.12	106-109	21
ENST00000330560.8	265-268	24
ENST00000330574.2	3101-3104	20
ENST00000330579.6	998-1001	20
ENST00000330636.9	334-337	18
ENST00000330688.9	1693-1696	12
ENST00000330689.6	807-810	12
ENST00000330720.7	694-697	21
ENST00000330775.9	280-283	22
ENST00000330817.11	305-308	20
ENST00000330843.9	701-704	19
ENST00000330852.10	283-286	13
ENST00000330899.5	607-610	19
ENST00000330938.8	599-602	19
ENST00000330964.10	108-111	14
ENST00000330978.4	233-236	11
ENST00000331079.11	985-988	17
ENST00000331134.11	785-788	21
ENST00000331173.6	1057-1060	19
ENST00000331200.8	615-618	19
ENST00000331222.6	961-964	17
ENST00000331242.12	486-489	18
ENST00000331244.10	246-249	19
ENST00000331272.9	1127-1130	16
ENST00000331314.11	458-461	20
ENST00000331320.12	2168-2171	25
ENST00000331327.5	457-460	18
ENST00000331334.5	418-421	23
ENST00000331366.10	789-792	20
ENST00000331373.10	846-849	19
ENST00000331434.7	682-685	23
ENST00000331444.12	706-709	18
ENST00000331456.7	951-954	19
ENST00000331457.9	920-923	19
ENST00000331479.4	342-345	15
ENST00000331483.9	1228-1231	18
ENST00000331536.8	399-402	19
ENST00000331552.12	447-450	18
ENST00000331569.6	210-213	25
ENST00000331573.8	510-513	15
ENST00000331581.11	408-411	17
ENST00000331666.11	2476-2479	24
ENST00000331683.10	332-335	22
ENST00000331710.10	1857-1860	17
ENST00000331728.9	279-282	16
ENST00000331738.12	212-215	21
ENST00000331758.8	247-250	17
ENST00000331768.10	1262-1265	17
ENST00000331782.8	3680-3683	19
ENST00000331808.5	712-715	14
ENST00000331825.11	547-550	16
ENST00000331835.10	294-297	21
ENST00000331872.11	746-749	25
ENST00000331890.6	1045-1048	13
ENST00000331923.9	2178-2181	18
ENST00000331968.11	2870-2873	15
ENST00000332118.11	427-430	24
ENST00000332131.9	252-255	17
ENST00000332160.5	195-198	14
ENST00000332180.10	1927-1930	21
ENST00000332211.11	408-411	22
ENST00000332290.4	604-607	17
ENST00000332303.6	786-789	17
ENST00000332312.4	490-493	16
ENST00000332349.5	1698-1701	18
ENST00000332395.7	1194-1197	17
ENST00000332435.10	608-611	20
ENST00000332439.5	252-255	15
ENST00000332499.4	1586-1589	22
ENST00000332512.8	65-68	19
ENST00000332556.5	847-850	22
ENST00000332598.7	135-138	19
ENST00000332624.8	584-587	16
ENST00000332629.7	876-879	18
ENST00000332674.9	798-801	15
ENST00000332687.11	1213-1216	25
ENST00000332707.10	2524-2527	20
ENST00000332783.12	1369-1372	20
ENST00000332810.4	1022-1025	19
ENST00000332830.9	609-612	17
ENST00000332859.11	106-109	17
ENST00000332896.8	317-320	16
ENST00000333003.10	249-252	18
ENST00000333050.7	619-622	17
ENST00000333119.8	186-189	24
ENST00000333130.4	568-571	20
ENST00000333137.12	2871-2874	16
ENST00000333167.13	1175-1178	23
ENST00000333188.10	1501-1504	19
ENST00000333202.8	410-413	18
ENST00000333213.11	1464-1467	18
ENST00000333219.9	1179-1182	17
ENST00000333256.11	1117-1120	21
ENST00000333274.11	717-720	15
ENST00000333371.8	1587-1590	19
ENST00000333421.7	650-653	16
ENST00000333432.9	71-74	23
ENST00000333449.9	480-483	15
ENST00000333479.12	878-881	21
ENST00000333503.8	789-792	21
ENST00000333511.9	1080-1083	26
ENST00000333590.6	304-307	14
ENST00000333610.4	459-462	18
ENST00000333628.4	1200-1203	26
ENST00000333651.11	255-258	20
ENST00000333676.8	417-420	17
ENST00000333725.10	2370-2373	18
ENST00000333762.6	618-621	26
ENST00000333868.10	405-408	14
ENST00000333916.8	696-699	14
ENST00000333924.6	370-373	15
ENST00000333926.6	361-364	12
ENST00000334049.11	1449-1452	15
ENST00000334062.8	392-395	14
ENST00000334082.11	2188-2191	11
ENST00000334121.11	1325-1328	20
ENST00000334126.12	2826-2829	21
ENST00000334136.11	559-562	17
ENST00000334163.4	610-613	19
ENST00000334186.9	3620-3623	15
ENST00000334205.9	92-95	18
ENST00000334220.9	1322-1325	19
ENST00000334232.9	510-513	12
ENST00000334256.9	1756-1759	20
ENST00000334270.3	271-274	17
ENST00000334274.9	1208-1211	13
ENST00000334295.9	361-364	21
ENST00000334304.10	645-648	19
ENST00000334307.10	141-144	22
ENST00000334344.11	5243-5246	19
ENST00000334351.8	656-659	11
ENST00000334379.11	473-476	18
ENST00000334398.8	1062-1065	18
ENST00000334418.6	708-711	17
ENST00000334444.11	503-506	18
ENST00000334462.10	256-259	12
ENST00000334463.4	3713-3716	18
ENST00000334464.7	3360-3363	22
ENST00000334478.9	389-392	16
ENST00000334504.12	2041-2044	14
ENST00000334527.12	276-279	21
ENST00000334553.11	1407-1410	28
ENST00000334571.7	505-508	15
ENST00000334598.12	620-623	17
ENST00000334635.10	492-495	21
ENST00000334660.10	397-400	21
ENST00000334678.8	187-190	20
ENST00000334690.11	344-347	18
ENST00000334705.12	936-939	21
ENST00000334731.7	171-174	14
ENST00000334746.10	3488-3491	18
ENST00000334805.11	1496-1499	12
ENST00000334816.12	306-309	13
ENST00000334828.6	363-366	20
ENST00000334869.9	1455-1458	19
ENST00000334955.13	20-23	23
ENST00000334956.15	848-851	18
ENST00000334976.11	221-224	24
ENST00000334982.9	548-551	17
ENST00000334983.10	279-282	13
ENST00000335007.10	649-652	18
ENST00000335125.11	370-373	18
ENST00000335181.10	436-439	25
ENST00000335183.11	113-116	16
ENST00000335209.12	434-437	12
ENST00000335251.11	1590-1593	14
ENST00000335255.10	979-982	22
ENST00000335272.10	767-770	23
ENST00000335312.8	561-564	15
ENST00000335325.9	1308-1311	19
ENST00000335327.6	1718-1721	16
ENST00000335350.10	1739-1742	21
ENST00000335420.10	449-452	23
ENST00000335472.12	802-805	16
ENST00000335504.10	1504-1507	21
ENST00000335508.11	836-839	19
ENST00000335509.11	792-795	15
ENST00000335514.10	162-165	21
ENST00000335606.11	820-823	16
ENST00000335659.7	833-836	18
ENST00000335693.9	400-403	15
ENST00000335725.9	2002-2005	25
ENST00000335754.8	900-903	20
ENST00000335756.9	552-555	17
ENST00000335757.10	1662-1665	16
ENST00000335765.9	655-658	17
ENST00000335783.4	480-483	18
ENST00000335791.10	477-480	13
ENST00000335793.4	890-893	16
ENST00000335815.7	278-281	20
ENST00000335870.7	512-515	22
ENST00000335877.11	373-376	17
ENST00000335965.11	894-897	13
ENST00000335968.8	1898-1901	23
ENST00000335972.11	1129-1132	25
ENST00000336023.9	575-578	22
ENST00000336032.4	1029-1032	17
ENST00000336083.8	811-814	14
ENST00000336125.6	309-312	20
ENST00000336126.6	660-663	15
ENST00000336133.8	251-254	22
ENST00000336138.4	244-247	14
ENST00000336148.10	197-200	20
ENST00000336156.10	197-200	27
ENST00000336174.12	877-880	17
ENST00000336180.7	448-451	16
ENST00000336216.9	469-472	20
ENST00000336219.4	583-586	18
ENST00000336233.10	1078-1081	18
ENST00000336273.8	1763-1766	19
ENST00000336278.9	693-696	15
ENST00000336283.9	42-45	22
ENST00000336294.10	820-823	23
ENST00000336308.10	454-457	17
ENST00000336349.6	1498-1501	21
ENST00000336418.9	579-582	19
ENST00000336431.10	1481-1484	20
ENST00000336458.13	530-533	18
ENST00000336498.8	2563-2566	21
ENST00000336520.8	645-648	26
ENST00000336564.5	608-611	21
ENST00000336576.10	495-498	15
ENST00000336596.7	182-185	16
ENST00000336614.9	392-395	15
ENST00000336615.9	496-499	22
ENST00000336617.8	985-988	17
ENST00000336643.10	1080-1083	19
ENST00000336686.9	1800-1803	19
ENST00000336689.8	2137-2140	12
ENST00000336715.11	618-621	18
ENST00000336735.9	1771-1774	20
ENST00000336737.8	956-959	20
ENST00000336755.10	107-110	16
ENST00000336767.6	664-667	17
ENST00000336783.9	978-981	22
ENST00000336787.6	732-735	9
ENST00000336812.5	1475-1478	22
ENST00000336854.9	831-834	15
ENST00000336868.8	1169-1172	21
ENST00000336926.11	351-354	15
ENST00000336985.11	622-625	14
ENST00000337002.9	814-817	20
ENST00000337057.8	996-999	24
ENST00000337080.8	870-873	17
ENST00000337109.9	430-433	17
ENST00000337130.10	1097-1100	17
ENST00000337132.10	74-77	15
ENST00000337137.9	188-191	17
ENST00000337138.9	514-517	21
ENST00000337190.7	630-633	15
ENST00000337195.11	465-468	21
ENST00000337198.10	899-902	19
ENST00000337227.9	205-208	15
ENST00000337231.5	1210-1213	17
ENST00000337233.9	291-294	18
ENST00000337248.9	741-744	13
ENST00000337273.10	1517-1520	21
ENST00000337288.10	1287-1290	17
ENST00000337318.8	1176-1179	12
ENST00000337331.10	681-684	20
ENST00000337338.9	722-725	18
ENST00000337344.9	683-686	19
ENST00000337386.10	1844-1847	17
ENST00000337392.10	865-868	24
ENST00000337393.10	81-84	21
ENST00000337432.9	300-303	23
ENST00000337435.9	661-664	15
ENST00000337451.8	1051-1054	19
ENST00000337488.11	1617-1620	22
ENST00000337491.7	99-102	20
ENST00000337523.10	1284-1287	25
ENST00000337526.11	3436-3439	25
ENST00000337530.11	406-409	13
ENST00000337537.8	1359-1362	20
ENST00000337554.8	294-297	20
ENST00000337573.10	757-760	14
ENST00000337619.11	105-108	19
ENST00000337659.11	2352-2355	23
ENST00000337664.9	1193-1196	13
ENST00000337673.7	494-497	19
ENST00000337682.9	396-399	19
ENST00000337702.5	301-304	17
ENST00000337714.8	258-261	22
ENST00000337743.9	152-155	15
ENST00000337768.10	1515-1518	25
ENST00000337815.9	1302-1305	15
ENST00000337859.11	213-216	22
ENST00000337910.10	537-540	16
ENST00000337963.9	767-770	19
ENST00000337975.6	1424-1427	17
ENST00000337979.9	650-653	25
ENST00000338034.9	983-986	18
ENST00000338121.10	410-413	18
ENST00000338128.13	1166-1169	26
ENST00000338134.8	419-422	15
ENST00000338146.7	422-425	15
ENST00000338148.8	213-216	17
ENST00000338154.11	1146-1149	19
ENST00000338165.9	1774-1777	21
ENST00000338167.10	1212-1215	21
ENST00000338193.11	31-34	27
ENST00000338222.7	529-532	20
ENST00000338244.6	1394-1397	21
ENST00000338272.9	190-193	13
ENST00000338338.10	676-679	19
ENST00000338343.10	1710-1713	18
ENST00000338366.6	71-74	19
ENST00000338376.8	617-620	15
ENST00000338382.11	2221-2224	18
ENST00000338399.9	982-985	19
ENST00000338415.8	900-903	19
ENST00000338448.10	905-908	14
ENST00000338523.9	251-254	14
ENST00000338591.8	524-527	14
ENST00000338625.9	728-731	15
ENST00000338639.10	538-541	19
ENST00000338641.10	1836-1839	21
ENST00000338663.12	404-407	18
ENST00000338700.10	1546-1549	19
ENST00000338728.10	894-897	21
ENST00000338733.10	137-140	21
ENST00000338754.9	708-711	12
ENST00000338758.12	1046-1049	16
ENST00000338779.11	2140-2143	16
ENST00000338791.11	468-471	24
ENST00000338821.6	1605-1608	21
ENST00000338825.5	217-220	17
ENST00000338891.12	1655-1658	12
ENST00000338910.9	404-407	23
ENST00000338961.11	885-888	21
ENST00000338965.9	833-836	17
ENST00000338971.10	650-653	19
ENST00000339020.8	627-630	17
ENST00000339077.10	512-515	20
ENST00000339083.12	246-249	13
ENST00000339157.10	924-927	18
ENST00000339209.9	806-809	23
ENST00000339235.4	1541-1544	16
ENST00000339249.5	1487-1490	15
ENST00000339374.11	329-332	20
ENST00000339397.5	166-169	19
ENST00000339399.5	269-272	24
ENST00000339413.11	357-360	16
ENST00000339450.10	1164-1167	20
ENST00000339486.8	618-621	18
ENST00000339594.9	2541-2544	23
ENST00000339600.6	225-228	15
ENST00000339647.6	241-244	23
ENST00000339656.8	237-240	18
ENST00000339664.7	1140-1143	13
ENST00000339697.5	1168-1171	18
ENST00000339728.6	699-702	16
ENST00000339754.11	663-666	14
ENST00000339818.9	211-214	10
ENST00000339834.10	307-310	15
ENST00000339950.5	1954-1957	21
ENST00000340020.11	540-543	19
ENST00000340080.9	511-514	13
ENST00000340093.8	763-766	17
ENST00000340096.11	411-414	19
ENST00000340099.10	874-877	14
ENST00000340124.9	1025-1028	16
ENST00000340139.10	976-979	20
ENST00000340157.9	1019-1022	19
ENST00000340253.10	697-700	19
ENST00000340281.9	157-160	18
ENST00000340368.9	715-718	19
ENST00000340381.11	245-248	18
ENST00000340384.5	1256-1259	23
ENST00000340385.6	417-420	26
ENST00000340413.7	178-181	19
ENST00000340417.8	2448-2451	17
ENST00000340434.5	286-289	18
ENST00000340473.8	674-677	25
ENST00000340487.5	115-118	15
ENST00000340533.9	370-373	28
ENST00000340553.8	1573-1576	17
ENST00000340578.10	1546-1549	18
ENST00000340611.9	1899-1902	18
ENST00000340648.6	180-183	24
ENST00000340692.10	774-777	16
ENST00000340811.9	1855-1858	13
ENST00000340828.7	357-360	19
ENST00000340857.4	805-808	21
ENST00000340866.10	540-543	14
ENST00000340912.6	175-178	13
ENST00000340913.11	451-454	24
ENST00000340934.10	674-677	22
ENST00000340941.11	644-647	22
ENST00000340990.10	315-318	26
ENST00000341049.7	219-222	13
ENST00000341068.8	2796-2799	20
ENST00000341084.7	648-651	18
ENST00000341105.7	468-471	19
ENST00000341119.10	763-766	10
ENST00000341162.8	630-633	21
ENST00000341170.5	203-206	13
ENST00000341181.11	435-438	22
ENST00000341247.9	928-931	17
ENST00000341255.4	835-838	20
ENST00000341285.8	1651-1654	18
ENST00000341318.9	361-364	17
ENST00000341333.10	332-335	21
ENST00000341356.10	345-348	21
ENST00000341376.11	1174-1177	23
ENST00000341394.9	720-723	24
ENST00000341423.10	638-641	23
ENST00000341426.9	711-714	19
ENST00000341446.9	887-890	17
ENST00000341469.7	121-124	22
ENST00000341491.9	417-420	14
ENST00000341514.11	176-179	16
ENST00000341516.10	2310-2313	22
ENST00000341541.8	830-833	21
ENST00000341550.9	54-57	18
ENST00000341567.8	855-858	17
ENST00000341590.8	601-604	20
ENST00000341657.9	3317-3320	18
ENST00000341695.10	465-468	24
ENST00000341698.2	717-720	27
ENST00000341744.8	442-445	10
ENST00000341776.7	804-807	20
ENST00000341832.11	107-110	23
ENST00000341864.6	384-387	23
ENST00000341893.8	2022-2025	16
ENST00000341928.7	564-567	22
ENST00000341942.10	262-265	21
ENST00000341949.9	961-964	13
ENST00000341976.5	1549-1552	18
ENST00000342016.8	195-198	15
ENST00000342085.9	638-641	17
ENST00000342136.9	767-770	20
ENST00000342166.10	337-340	17
ENST00000342192.9	262-265	19
ENST00000342203.8	1062-1065	22
ENST00000342232.5	277-280	18
ENST00000342245.9	776-779	15
ENST00000342374.5	986-989	21
ENST00000342415.6	993-996	24
ENST00000342435.9	1015-1018	14
ENST00000342449.8	546-549	25
ENST00000342480.7	797-800	27
ENST00000342483.5	1543-1546	13
ENST00000342494.8	636-639	19
ENST00000342505.5	2097-2100	20
ENST00000342624.10	379-382	21
ENST00000342649.9	119-122	24
ENST00000342665.5	682-685	21
ENST00000342669.8	368-371	18
ENST00000342679.9	1188-1191	17
ENST00000342683.6	523-526	15
ENST00000342702.8	777-780	21
ENST00000342704.11	481-484	12
ENST00000342745.5	322-325	17
ENST00000342782.4	759-762	18
ENST00000342784.7	1044-1047	19
ENST00000342907.3	1467-1470	23
ENST00000342932.8	325-328	19
ENST00000342988.8	1519-1522	17
ENST00000343004.10	1030-1033	18
ENST00000343028.9	822-825	24
ENST00000343067.9	396-399	24
ENST00000343090.11	1226-1229	22
ENST00000343150.10	905-908	17
ENST00000343242.9	343-346	14
ENST00000343262.9	686-689	19
ENST00000343307.5	1364-1367	19
ENST00000343325.9	1546-1549	18
ENST00000343348.11	2117-2120	16
ENST00000343380.6	1390-1393	14
ENST00000343411.8	2488-2491	20
ENST00000343455.8	2724-2727	21
ENST00000343470.9	889-892	18
ENST00000343483.7	98-101	20
ENST00000343484.10	589-592	17
ENST00000343526.9	3404-3407	25
ENST00000343537.12	2301-2304	21
ENST00000343619.9	1924-1927	22
ENST00000343629.11	135-138	17
ENST00000343632.9	123-126	21
ENST00000343677.4	276-279	17
ENST00000343730.10	344-347	21
ENST00000343776.10	1118-1121	16
ENST00000343810.9	223-226	21
ENST00000343813.10	791-794	20
ENST00000343818.11	368-371	18
ENST00000343820.10	846-849	15
ENST00000343823.11	745-748	19
ENST00000343938.9	886-889	14
ENST00000343986.9	64-67	23
ENST00000344034.5	1402-1405	23
ENST00000344063.7	123-126	17
ENST00000344096.4	1688-1691	14
ENST00000344111.4	253-256	14
ENST00000344147.10	810-813	21
ENST00000344157.9	871-874	20
ENST00000344175.10	522-525	18
ENST00000344204.9	672-675	17
ENST00000344293.6	400-403	20
ENST00000344302.9	230-233	26
ENST00000344318.4	364-367	16
ENST00000344337.11	1781-1784	22
ENST00000344347.6	792-795	29
ENST00000344387.9	435-438	21
ENST00000344417.10	1040-1043	15
ENST00000344420.10	915-918	19
ENST00000344423.10	897-900	18
ENST00000344442.10	1584-1587	22
ENST00000344517.5	856-859	19
ENST00000344529.5	398-401	17
ENST00000344537.10	417-420	17
ENST00000344595.10	666-669	19
ENST00000344624.8	1931-1934	20
ENST00000344626.10	4472-4475	21
ENST00000344629.12	374-377	19
ENST00000344641.8	700-703	17
ENST00000344646.10	913-916	15
ENST00000344651.5	614-617	15
ENST00000344683.10	59-62	17
ENST00000344697.3	1798-1801	19
ENST00000344768.10	1952-1955	11
ENST00000344795.8	302-305	18
ENST00000344836.9	3165-3168	23
ENST00000344843.12	301-304	24
ENST00000344862.10	548-551	27
ENST00000344877.10	259-262	17
ENST00000344920.9	2928-2931	22
ENST00000344922.10	5198-5201	17
ENST00000344924.8	563-566	14
ENST00000344936.7	421-424	18
ENST00000345003.9	440-443	20
ENST00000345046.12	296-299	23
ENST00000345057.9	851-854	13
ENST00000345080.5	279-282	21
ENST00000345093.9	1154-1157	21
ENST00000345122.8	4161-4164	17
ENST00000345146.7	835-838	24
ENST00000345254.9	2485-2488	25
ENST00000345264.10	278-281	24
ENST00000345317.7	950-953	19
ENST00000345330.9	1104-1107	24
ENST00000345358.12	471-474	18
ENST00000345365.11	1186-1189	15
ENST00000345496.7	129-132	22
ENST00000345519.10	472-475	21
ENST00000345716.9	1418-1421	19
ENST00000345851.8	2108-2111	17
ENST00000346027.10	1275-1278	20
ENST00000346169.7	1357-1360	21
ENST00000346183.8	3321-3324	21
ENST00000346213.9	743-746	18
ENST00000346234.7	260-263	17
ENST00000346246.10	830-833	23
ENST00000346249.9	168-171	22
ENST00000346299.10	378-381	22
ENST00000346416.7	1207-1210	18
ENST00000346436.11	384-387	13
ENST00000346618.8	1314-1317	20
ENST00000346798.8	1293-1296	22
ENST00000347055.4	454-457	13
ENST00000347136.11	168-171	19
ENST00000347162.10	554-557	19
ENST00000347230.9	3755-3758	19
ENST00000347364.7	1516-1519	11
ENST00000347454.9	1401-1404	25
ENST00000347512.8	284-287	16
ENST00000347519.12	94-97	19
ENST00000347635.9	1270-1273	24
ENST00000347708.5	881-884	23
ENST00000347869.8	755-758	20
ENST00000348035.9	713-716	21
ENST00000348165.10	1910-1913	19
ENST00000348227.4	1051-1054	19
ENST00000348332.8	1350-1353	17
ENST00000348335.7	770-773	16
ENST00000348354.7	271-274	24
ENST00000348367.9	503-506	20
ENST00000348370.9	908-911	18
ENST00000348403.10	1007-1010	27
ENST00000348411.3	609-612	18
ENST00000348417.7	3542-3545	15
ENST00000348459.10	1391-1394	21
ENST00000348462.6	60-63	20
ENST00000348513.12	625-628	25
ENST00000348547.7	416-419	20
ENST00000348831.9	1612-1615	13
ENST00000348849.8	1278-1281	20
ENST00000348956.7	239-242	19
ENST00000349004.6	1156-1159	17
ENST00000349048.9	752-755	20
ENST00000349062.7	135-138	15
ENST00000349129.7	3816-3819	17
ENST00000349139.6	2281-2284	19
ENST00000349155.7	1446-1449	17
ENST00000349215.8	2500-2503	19
ENST00000349431.11	489-492	20
ENST00000349456.9	177-180	19
ENST00000349485.10	303-306	15
ENST00000349496.11	670-673	22
ENST00000349533.11	1537-1540	18
ENST00000349703.7	1231-1234	17
ENST00000349721.8	4777-4780	18
ENST00000349780.9	774-777	17
ENST00000349841.10	902-905	23
ENST00000349945.7	375-378	19
ENST00000349995.10	1313-1316	23
ENST00000350028.5	814-817	20
ENST00000350030.8	1765-1768	19
ENST00000350033.8	710-713	16
ENST00000350051.8	205-208	23
ENST00000350302.8	437-440	13
ENST00000350320.11	426-429	22
ENST00000350427.5	1428-1431	19
ENST00000350498.8	547-550	18
ENST00000350612.11	640-643	20
ENST00000350669.5	1064-1067	24
ENST00000350690.10	959-962	20
ENST00000350697.8	267-270	21
ENST00000350721.9	5642-5645	21
ENST00000350777.7	349-352	21
ENST00000350796.8	870-873	14
ENST00000350997.12	989-992	17
ENST00000351018.5	488-491	15
ENST00000351030.8	185-188	19
ENST00000351111.7	801-804	20
ENST00000351193.7	428-431	19
ENST00000351328.8	1506-1509	19
ENST00000351486.10	531-534	17
ENST00000351677.7	1050-1053	18
ENST00000351698.5	519-522	20
ENST00000351797.9	1529-1532	20
ENST00000351829.9	1002-1005	18
ENST00000351870.8	1078-1081	27
ENST00000351989.8	1143-1146	17
ENST00000352035.7	470-473	20
ENST00000352066.8	1479-1482	25
ENST00000352171.12	1801-1804	21
ENST00000352241.9	623-626	13
ENST00000352251.8	1102-1105	15
ENST00000352397.10	668-671	28
ENST00000352410.9	821-824	20
ENST00000352433.10	51-54	16
ENST00000352480.10	118-121	23
ENST00000352511.5	925-928	23
ENST00000352618.9	602-605	23
ENST00000352645.5	434-437	26
ENST00000352689.11	1494-1497	27
ENST00000352732.10	1150-1153	16
ENST00000352766.11	1062-1065	19
ENST00000352861.9	144-147	17
ENST00000352957.9	408-411	21
ENST00000352967.9	455-458	17
ENST00000352983.7	27-30	14
ENST00000353047.11	1114-1117	22
ENST00000353107.8	224-227	17
ENST00000353214.6	1303-1306	15
ENST00000353234.5	136-139	19
ENST00000353258.8	788-791	18
ENST00000353265.8	271-274	15
ENST00000353267.8	970-973	15
ENST00000353379.12	94-97	16
ENST00000353383.6	979-982	17
ENST00000353411.11	486-489	25
ENST00000353442.10	322-325	20
ENST00000353487.7	1295-1298	20
ENST00000353533.10	277-280	20
ENST00000353617.7	1098-1101	19
ENST00000353703.9	788-791	22
ENST00000353704.3	149-152	20
ENST00000354105.10	147-150	20
ENST00000354161.8	2103-2106	21
ENST00000354171.13	260-263	22
ENST00000354181.8	2172-2175	17
ENST00000354185.9	245-248	23
ENST00000354193.5	251-254	16
ENST00000354200.5	833-836	18
ENST00000354202.9	1161-1164	20
ENST00000354216.11	719-722	19
ENST00000354250.7	34-37	20
ENST00000354258.5	1655-1658	17
ENST00000354268.9	1446-1449	20
ENST00000354293.10	787-790	22
ENST00000354300.5	752-755	14
ENST00000354336.8	1422-1425	24
ENST00000354366.8	379-382	16
ENST00000354371.7	691-694	23
ENST00000354420.7	1185-1188	19
ENST00000354421.8	1069-1072	17
ENST00000354452.8	1339-1342	21
ENST00000354464.11	3137-3140	23
ENST00000354475.5	498-501	15
ENST00000354488.8	742-745	20
ENST00000354532.8	1307-1310	19
ENST00000354546.10	989-992	22
ENST00000354570.8	1169-1172	16
ENST00000354586.5	969-972	15
ENST00000354611.9	555-558	14
ENST00000354618.10	728-731	20
ENST00000354619.10	289-292	15
ENST00000354650.7	1696-1699	24
ENST00000354666.4	555-558	18
ENST00000354694.12	392-395	24
ENST00000354698.8	257-260	21
ENST00000354700.10	1765-1768	13
ENST00000354724.8	977-980	18
ENST00000354725.8	2475-2478	23
ENST00000354764.9	1174-1177	18
ENST00000354775.5	781-784	18
ENST00000354817.8	1682-1685	26
ENST00000354868.10	1612-1615	19
ENST00000354882.10	880-883	16
ENST00000354883.11	307-310	13
ENST00000354910.10	268-271	13
ENST00000354911.9	843-846	21
ENST00000354919.11	260-263	18
ENST00000354926.9	1256-1259	20
ENST00000354947.10	974-977	18
ENST00000354957.8	315-318	19
ENST00000354981.7	278-281	16
ENST00000355029.9	670-673	22
ENST00000355072.11	6868-6871	22
ENST00000355083.11	521-524	22
ENST00000355091.9	367-370	22
ENST00000355105.8	1705-1708	17
ENST00000355112.8	1491-1494	22
ENST00000355123.9	3254-3257	20
ENST00000355209.9	696-699	16
ENST00000355235.8	2443-2446	20
ENST00000355264.9	833-836	23
ENST00000355280.11	1036-1039	17
ENST00000355286.12	1958-1961	13
ENST00000355295.5	584-587	20
ENST00000355312.8	1854-1857	16
ENST00000355315.8	95-98	20
ENST00000355341.8	1560-1563	16
ENST00000355346.9	506-509	16
ENST00000355371.9	438-441	18
ENST00000355415.7	984-987	19
ENST00000355431.8	2999-3002	13
ENST00000355443.9	300-303	16
ENST00000355451.8	643-646	21
ENST00000355467.6	212-215	19
ENST00000355472.10	1769-1772	23
ENST00000355476.8	1206-1209	22
ENST00000355485.7	1619-1622	20
ENST00000355499.9	1218-1221	22
ENST00000355526.10	869-872	15
ENST00000355527.8	1087-1090	22
ENST00000355528.9	2763-2766	22
ENST00000355552.8	449-452	15
ENST00000355585.9	2982-2985	15
ENST00000355610.9	2973-2976	19
ENST00000355619.10	403-406	18
ENST00000355621.8	639-642	24
ENST00000355624.8	2272-2275	16
ENST00000355653.8	795-798	24
ENST00000355680.8	546-549	20
ENST00000355693.5	142-145	21
ENST00000355697.7	1039-1042	19
ENST00000355703.4	4829-4832	17
ENST00000355749.7	341-344	18
ENST00000355758.9	289-292	26
ENST00000355765.11	687-690	27
ENST00000355773.6	1540-1543	13
ENST00000355832.10	1152-1155	22
ENST00000355841.7	1312-1315	21
ENST00000355849.10	849-852	14
ENST00000355857.8	327-330	14
ENST00000355898.6	2055-2058	17
ENST00000355899.8	512-515	22
ENST00000355904.9	1072-1075	19
ENST00000355937.9	65-68	25
ENST00000355943.8	707-710	18
ENST00000355969.11	735-738	17
ENST00000355999.5	625-628	18
ENST00000356056.10	7301-7304	21
ENST00000356079.9	1032-1035	14
ENST00000356080.9	543-546	18
ENST00000356099.11	895-898	18
ENST00000356126.8	484-487	20
ENST00000356136.8	1503-1506	13
ENST00000356151.7	1144-1147	21
ENST00000356166.11	1565-1568	16
ENST00000356183.9	5474-5477	23
ENST00000356189.6	114-117	17
ENST00000356205.9	498-501	17
ENST00000356208.10	354-357	22
ENST00000356221.8	1010-1013	19
ENST00000356231.4	1055-1058	13
ENST00000356232.10	758-761	20
ENST00000356239.8	11908-11911	18
ENST00000356244.8	1680-1683	21
ENST00000356245.8	720-723	24
ENST00000356260.10	383-386	17
ENST00000356286.10	495-498	13
ENST00000356309.8	1884-1887	22
ENST00000356317.8	794-797	18
ENST00000356321.4	1368-1371	22
ENST00000356341.8	1515-1518	24
ENST00000356357.9	766-769	21
ENST00000356401.9	1158-1161	19
ENST00000356406.10	2151-2154	12
ENST00000356413.5	631-634	19
ENST00000356432.8	820-823	17
ENST00000356433.10	1726-1729	25
ENST00000356450.3	180-183	18
ENST00000356455.9	280-283	17
ENST00000356467.5	406-409	16
ENST00000356487.11	1121-1124	21
ENST00000356493.10	664-667	19
ENST00000356521.9	135-138	23
ENST00000356537.9	199-202	23
ENST00000356554.7	1014-1017	21
ENST00000356577.10	3064-3067	24
ENST00000356607.9	326-329	17
ENST00000356628.4	505-508	11
ENST00000356638.8	1292-1295	25
ENST00000356663.8	1561-1564	23
ENST00000356692.10	923-926	22
ENST00000356708.12	463-466	18
ENST00000356709.9	500-503	16
ENST00000356714.6	391-394	29
ENST00000356736.5	1435-1438	15
ENST00000356763.8	1149-1152	19
ENST00000356792.9	3396-3399	17
ENST00000356805.9	995-998	19
ENST00000356839.10	1373-1376	20
ENST00000356840.8	789-792	14
ENST00000356853.10	567-570	19
ENST00000356860.8	2997-3000	16
ENST00000356884.11	953-956	17
ENST00000356891.4	1061-1064	22
ENST00000356924.9	250-253	13
ENST00000356929.3	771-774	18
ENST00000356940.11	159-162	23
ENST00000356948.11	1411-1414	20
ENST00000356950.2	330-333	29
ENST00000356955.7	140-143	22
ENST00000356956.6	825-828	19
ENST00000356976.8	250-253	17
ENST00000356978.9	487-490	17
ENST00000356994.7	590-593	23
ENST00000357037.6	1038-1041	20
ENST00000357039.9	308-311	27
ENST00000357066.8	530-533	20
ENST00000357081.8	1290-1293	22
ENST00000357082.8	127-130	18
ENST00000357103.5	337-340	16
ENST00000357137.9	412-415	24
ENST00000357156.7	280-283	25
ENST00000357162.7	283-286	14
ENST00000357164.4	197-200	18
ENST00000357166.11	1447-1450	21
ENST00000357172.9	1205-1208	18
ENST00000357179.10	1623-1626	16
ENST00000357214.6	1440-1443	24
ENST00000357227.9	434-437	24
ENST00000357235.6	608-611	16
ENST00000357244.7	1544-1547	15
ENST00000357266.9	704-707	17
ENST00000357276.9	2981-2984	20
ENST00000357308.9	201-204	24
ENST00000357324.11	1477-1480	23
ENST00000357325.10	435-438	21
ENST00000357332.8	360-363	22
ENST00000357348.10	749-752	19
ENST00000357360.5	375-378	16
ENST00000357365.8	904-907	19
ENST00000357387.8	550-553	20
ENST00000357388.8	1284-1287	20
ENST00000357430.8	726-729	20
ENST00000357440.7	1192-1195	15
ENST00000357460.7	732-735	14
ENST00000357479.10	1076-1079	20
ENST00000357484.10	270-273	15
ENST00000357485.8	348-351	15
ENST00000357495.5	524-527	25
ENST00000357500.5	154-157	17
ENST00000357519.9	131-134	18
ENST00000357559.9	1429-1432	21
ENST00000357578.8	1597-1600	24
ENST00000357582.3	1411-1414	15
ENST00000357586.7	1476-1479	19
ENST00000357604.10	2875-2878	16
ENST00000357628.8	599-602	14
ENST00000357635.10	396-399	19
ENST00000357641.10	682-685	23
ENST00000357650.9	320-323	23
ENST00000357654.9	3560-3563	20
ENST00000357681.10	2238-2241	16
ENST00000357700.11	743-746	14
ENST00000357720.9	1644-1647	23
ENST00000357727.7	1147-1150	14
ENST00000357736.9	714-717	19
ENST00000357743.9	615-618	18
ENST00000357749.7	38-41	20
ENST00000357750.9	637-640	22
ENST00000357765.7	493-496	18
ENST00000357785.10	1441-1444	16
ENST00000357799.9	1056-1059	17
ENST00000357814.8	622-625	13
ENST00000357847.9	595-598	18
ENST00000357849.9	722-725	22
ENST00000357869.8	2777-2780	17
ENST00000357877.7	1825-1828	21
ENST00000357899.9	1682-1685	19
ENST00000357949.5	207-210	18
ENST00000357967.9	102-105	19
ENST00000357997.10	262-265	20
ENST00000357998.10	650-653	17
ENST00000358007.7	1000-1003	16
ENST00000358015.8	1482-1485	23
ENST00000358039.9	424-427	21
ENST00000358056.8	164-167	18
ENST00000358065.5	1649-1652	16
ENST00000358149.8	685-688	23
ENST00000358154.8	1078-1081	16
ENST00000358171.8	527-530	19
ENST00000358173.8	1633-1636	21
ENST00000358201.9	486-489	15
ENST00000358204.9	1075-1078	16
ENST00000358227.5	344-347	20
ENST00000358230.8	660-663	14
ENST00000358232.11	452-455	21
ENST00000358252.8	3625-3628	18
ENST00000358273.9	1197-1200	21
ENST00000358290.9	832-835	22
ENST00000358296.11	270-273	21
ENST00000358303.9	680-683	17
ENST00000358314.12	344-347	17
ENST00000358337.10	60-63	21
ENST00000358344.8	726-729	19
ENST00000358350.9	1338-1341	15
ENST00000358359.8	1021-1024	21
ENST00000358368.5	231-234	17
ENST00000358377.7	352-355	18
ENST00000358387.9	1080-1083	26
ENST00000358395.11	369-372	15
ENST00000358406.10	454-457	15
ENST00000358410.8	385-388	25
ENST00000358432.8	575-578	19
ENST00000358435.9	184-187	20
ENST00000358465.7	2176-2179	19
ENST00000358487.10	1875-1878	14
ENST00000358495.8	954-957	12
ENST00000358502.10	721-724	15
ENST00000358528.9	2520-2523	28
ENST00000358531.9	142-145	18
ENST00000358572.10	391-394	20
ENST00000358595.10	2363-2366	22
ENST00000358602.9	5515-5518	25
ENST00000358607.11	148-151	20
ENST00000358625.4	621-624	18
ENST00000358654.2	1589-1592	20
ENST00000358656.9	229-232	16
ENST00000358664.9	400-403	20
ENST00000358689.9	689-692	17
ENST00000358691.10	5694-5697	24
ENST00000358701.10	879-882	14
ENST00000358704.4	209-212	17
ENST00000358731.9	758-761	19
ENST00000358746.7	3836-3839	18
ENST00000358755.5	664-667	15
ENST00000358757.5	404-407	20
ENST00000358776.7	1086-1089	20
ENST00000358780.10	487-490	17
ENST00000358812.9	709-712	24
ENST00000358823.7	4298-4301	19
ENST00000358849.9	1026-1029	20
ENST00000358867.11	666-669	18
ENST00000358901.11	2465-2468	20
ENST00000358912.5	721-724	12
ENST00000358932.9	501-504	21
ENST00000358933.10	2154-2157	21
ENST00000358935.3	826-829	18
ENST00000358951.7	2261-2264	20
ENST00000359003.7	3097-3100	18
ENST00000359015.5	1541-1544	13
ENST00000359039.5	1772-1775	20
ENST00000359044.5	2742-2745	22
ENST00000359114.9	578-581	21
ENST00000359154.7	567-570	17
ENST00000359204.5	920-923	21
ENST00000359209.11	2264-2267	17
ENST00000359237.9	343-346	10
ENST00000359238.7	866-869	19
ENST00000359246.9	811-814	22
ENST00000359273.8	449-452	16
ENST00000359276.9	830-833	14
ENST00000359314.5	2364-2367	17
ENST00000359315.6	139-142	19
ENST00000359321.2	125-128	20
ENST00000359326.9	2336-2339	19
ENST00000359337.9	437-440	15
ENST00000359365.9	760-763	21
ENST00000359426.7	194-197	21
ENST00000359428.10	2522-2525	20
ENST00000359429.11	312-315	17
ENST00000359467.8	261-264	25
ENST00000359511.5	886-889	15
ENST00000359520.12	323-326	14
ENST00000359523.7	587-590	20
ENST00000359526.9	753-756	23
ENST00000359530.7	1051-1054	21
ENST00000359543.8	509-512	15
ENST00000359568.10	448-451	25
ENST00000359591.9	2160-2163	16
ENST00000359593.9	843-846	13
ENST00000359600.6	819-822	11
ENST00000359623.9	529-532	19
ENST00000359626.10	497-500	16
ENST00000359634.10	820-823	22
ENST00000359653.4	1808-1811	20
ENST00000359655.9	2362-2365	19
ENST00000359678.10	838-841	19
ENST00000359697.8	466-469	22
ENST00000359707.9	1104-1107	18
ENST00000359774.9	1402-1405	14
ENST00000359788.9	197-200	25
ENST00000359794.11	750-753	25
ENST00000359843.8	437-440	20
ENST00000359856.11	472-475	19
ENST00000359858.9	441-444	18
ENST00000359866.9	143-146	13
ENST00000359878.8	1734-1737	15
ENST00000359890.8	176-179	26
ENST00000359904.8	1581-1584	25
ENST00000359933.6	2537-2540	18
ENST00000359943.8	347-350	15
ENST00000359947.9	4413-4416	26
ENST00000359957.8	185-188	18
ENST00000359995.10	375-378	20
ENST00000360001.12	716-719	19
ENST00000360004.6	859-862	18
ENST00000360079.8	1092-1095	24
ENST00000360110.9	1256-1259	27
ENST00000360128.11	547-550	22
ENST00000360131.5	205-208	22
ENST00000360150.9	167-170	18
ENST00000360171.11	97-100	24
ENST00000360184.10	785-788	23
ENST00000360203.11	499-502	18
ENST00000360270.7	587-590	18
ENST00000360280.8	1305-1308	22
ENST00000360299.10	649-652	17
ENST00000360310.6	1541-1544	27
ENST00000360321.7	377-380	16
ENST00000360359.5	1225-1228	19
ENST00000360370.9	65-68	19
ENST00000360388.9	997-1000	18
ENST00000360403.7	235-238	20
ENST00000360416.8	1084-1087	21
ENST00000360423.12	650-653	19
ENST00000360428.9	1876-1879	20
ENST00000360442.8	1762-1765	18
ENST00000360467.7	3556-3559	21
ENST00000360472.9	324-327	18
ENST00000360476.8	170-173	13
ENST00000360507.10	898-901	16
ENST00000360525.9	211-214	16
ENST00000360538.7	1038-1041	19
ENST00000360541.10	167-170	18
ENST00000360565.8	1597-1600	20
ENST00000360568.8	610-613	16
ENST00000360570.8	657-660	23
ENST00000360586.8	661-664	19
ENST00000360596.7	1600-1603	20
ENST00000360612.5	1112-1115	24
ENST00000360614.8	2852-2855	21
ENST00000360632.8	717-720	22
ENST00000360647.9	2725-2728	19
ENST00000360663.10	1230-1233	22
ENST00000360768.5	775-778	18
ENST00000360793.8	414-417	14
ENST00000360803.9	1645-1648	21
ENST00000360814.9	567-570	17
ENST00000360816.8	1138-1141	11
ENST00000360820.7	1964-1967	23
ENST00000360839.7	681-684	21
ENST00000360840.9	302-305	20
ENST00000360845.3	278-281	23
ENST00000360864.9	347-350	21
ENST00000360871.8	1843-1846	16
ENST00000360876.9	1514-1517	25
ENST00000360900.11	246-249	19
ENST00000360905.9	1213-1216	23
ENST00000360909.8	229-232	16
ENST00000360938.8	1308-1311	16
ENST00000360943.10	460-463	18
ENST00000360954.3	1194-1197	17
ENST00000360961.11	382-385	14
ENST00000361055.9	1269-1272	20
ENST00000361066.7	676-679	23
ENST00000361070.9	1996-1999	21
ENST00000361078.7	344-347	30
ENST00000361099.8	1977-1980	20
ENST00000361113.10	1384-1387	20
ENST00000361114.10	488-491	23
ENST00000361127.6	2522-2525	20
ENST00000361131.5	371-374	16
ENST00000361138.7	2555-2558	17
ENST00000361143.10	254-257	22
ENST00000361157.11	183-186	19
ENST00000361170.7	285-288	21
ENST00000361171.8	563-566	17
ENST00000361183.8	100-103	21
ENST00000361189.7	1144-1147	15
ENST00000361193.8	418-421	14
ENST00000361204.9	1564-1567	19
ENST00000361217.9	3132-3135	19
ENST00000361219.11	495-498	24
ENST00000361234.10	554-557	19
ENST00000361242.9	1695-1698	21
ENST00000361246.7	1489-1492	18
ENST00000361247.9	342-345	17
ENST00000361256.10	731-734	15
ENST00000361264.9	276-279	23
ENST00000361271.8	551-554	14
ENST00000361272.9	530-533	17
ENST00000361288.9	88-91	21
ENST00000361297.7	2243-2246	15
ENST00000361298.9	281-284	15
ENST00000361309.6	717-720	21
ENST00000361337.3	483-486	25
ENST00000361346.6	2018-2021	17
ENST00000361354.9	3517-3520	22
ENST00000361360.4	2326-2329	18
ENST00000361361.7	612-615	25
ENST00000361367.7	389-392	19
ENST00000361368.7	1633-1636	15
ENST00000361371.10	354-357	17
ENST00000361383.11	99-102	25
ENST00000361384.7	1833-1836	16
ENST00000361413.8	1985-1988	18
ENST00000361418.10	1212-1215	16
ENST00000361427.6	179-182	19
ENST00000361428.3	6861-6864	19
ENST00000361432.3	894-897	14
ENST00000361434.8	985-988	21
ENST00000361436.10	350-353	16
ENST00000361439.9	312-315	18
ENST00000361441.5	268-271	16
ENST00000361445.9	1078-1081	24
ENST00000361464.8	1799-1802	23
ENST00000361479.10	492-495	18
ENST00000361490.9	576-579	19
ENST00000361505.10	266-269	25
ENST00000361510.8	1988-1991	20
ENST00000361518.10	180-183	19
ENST00000361521.9	473-476	22
ENST00000361531.6	221-224	18
ENST00000361547.7	938-941	29
ENST00000361564.9	120-123	24
ENST00000361565.9	398-401	28
ENST00000361573.3	761-764	14
ENST00000361574.10	416-419	18
ENST00000361575.4	135-138	16
ENST00000361580.7	663-666	20
ENST00000361582.8	2416-2419	20
ENST00000361605.4	128-131	19
ENST00000361611.11	172-175	23
ENST00000361618.4	844-847	18
ENST00000361627.8	1530-1533	18
ENST00000361671.10	2254-2257	18
ENST00000361675.7	2504-2507	21
ENST00000361677.6	438-441	16
ENST00000361682.11	802-805	22
ENST00000361717.4	817-820	18
ENST00000361720.10	739-742	17
ENST00000361725.5	714-717	20
ENST00000361729.3	809-812	17
ENST00000361731.4	235-238	16
ENST00000361733.8	1021-1024	15
ENST00000361735.4	353-356	20
ENST00000361752.8	1025-1028	18
ENST00000361756.8	787-790	14
ENST00000361757.8	3811-3814	17
ENST00000361781.7	1962-1965	12
ENST00000361786.7	1344-1347	17
ENST00000361794.7	850-853	23
ENST00000361799.7	1410-1413	22
ENST00000361804.5	446-449	24
ENST00000361807.8	1351-1354	22
ENST00000361813.5	1669-1672	20
ENST00000361822.8	397-400	17
ENST00000361837.9	282-285	19
ENST00000361840.8	474-477	15
ENST00000361847.7	865-868	16
ENST00000361866.8	573-576	21
ENST00000361871.8	94-97	25
ENST00000361891.9	611-614	22
ENST00000361906.8	1073-1076	17
ENST00000361910.9	1211-1214	16
ENST00000361915.8	2163-2166	20
ENST00000361924.7	3808-3811	18
ENST00000361952.5	1038-1041	16
ENST00000361956.8	1169-1172	19
ENST00000361983.7	1773-1776	18
ENST00000362003.10	697-700	19
ENST00000362007.6	523-526	16
ENST00000362031.10	647-650	24
ENST00000362034.7	562-565	22
ENST00000362042.8	700-703	19
ENST00000362065.9	267-270	16
ENST00000362091.9	2617-2620	21
ENST00000366510.4	539-542	17
ENST00000366513.9	1507-1510	15
ENST00000366514.5	486-489	18
ENST00000366523.6	581-584	12
ENST00000366535.4	1133-1136	20
ENST00000366541.8	550-553	15
ENST00000366542.6	2932-2935	23
ENST00000366548.8	1370-1373	20
ENST00000366553.3	2232-2235	16
ENST00000366560.4	1320-1323	20
ENST00000366577.10	1159-1162	20
ENST00000366582.8	637-640	23
ENST00000366592.8	1197-1200	14
ENST00000366600.8	398-401	20
ENST00000366607.5	230-233	22
ENST00000366609.4	1923-1926	23
ENST00000366615.10	452-455	26
ENST00000366621.8	690-693	19
ENST00000366624.8	1814-1817	20
ENST00000366628.10	307-310	19
ENST00000366639.9	298-301	21
ENST00000366641.4	558-561	21
ENST00000366645.1	1508-1511	20
ENST00000366647.9	1769-1772	20
ENST00000366649.7	304-307	18
ENST00000366654.5	382-385	17
ENST00000366661.9	1942-1945	22
ENST00000366663.10	966-969	19
ENST00000366669.9	798-801	18
ENST00000366672.5	1579-1582	20
ENST00000366690.5	358-361	19
ENST00000366691.4	972-975	18
ENST00000366711.4	667-670	22
ENST00000366766.8	4727-4730	18
ENST00000366773.8	1956-1959	14
ENST00000366777.4	1027-1030	21
ENST00000366779.6	1499-1502	18
ENST00000366783.8	1211-1214	18
ENST00000366794.10	2408-2411	25
ENST00000366812.6	381-384	20
ENST00000366815.10	281-284	23
ENST00000366835.8	1101-1104	18
ENST00000366843.7	1849-1852	21
ENST00000366847.9	874-877	17
ENST00000366862.10	1090-1093	16
ENST00000366903.8	1273-1276	18
ENST00000366910.10	935-938	22
ENST00000366913.8	588-591	13
ENST00000366917.6	2400-2403	15
ENST00000366922.3	382-385	28
ENST00000366923.8	930-933	23
ENST00000366928.10	100-103	18
ENST00000366932.4	429-432	20
ENST00000366935.8	368-371	23
ENST00000366955.8	3948-3951	23
ENST00000366956.10	3007-3010	15
ENST00000366957.10	399-402	23
ENST00000366960.8	971-974	14
ENST00000366962.8	463-466	14
ENST00000366971.9	1639-1642	20
ENST00000366974.9	253-256	28
ENST00000366977.8	50-53	20
ENST00000366988.5	342-345	19
ENST00000366991.5	2309-2312	22
ENST00000366994.8	231-234	20
ENST00000366997.9	722-725	19
ENST00000366999.9	922-925	25
ENST00000367001.5	1989-1992	25
ENST00000367012.4	1184-1187	15
ENST00000367034.5	652-655	18
ENST00000367042.6	411-414	23
ENST00000367048.5	364-367	23
ENST00000367064.9	616-619	19
ENST00000367069.7	1222-1225	11
ENST00000367075.4	560-563	20
ENST00000367080.8	724-727	15
ENST00000367089.8	164-167	19
ENST00000367103.4	1279-1282	19
ENST00000367109.8	480-483	16
ENST00000367123.8	1967-1970	19
ENST00000367128.8	955-958	16
ENST00000367137.4	2177-2180	13
ENST00000367139.8	790-793	18
ENST00000367142.5	272-275	21
ENST00000367162.8	2219-2222	17
ENST00000367166.5	821-824	16
ENST00000367178.8	3830-3833	19
ENST00000367182.8	388-391	15
ENST00000367188.5	2512-2515	17
ENST00000367202.9	369-372	17
ENST00000367204.6	1792-1795	12
ENST00000367210.3	3637-3640	22
ENST00000367233.10	402-405	18
ENST00000367242.4	95-98	20
ENST00000367249.9	559-562	21
ENST00000367261.8	1826-1829	18
ENST00000367262.4	306-309	23
ENST00000367265.9	1610-1613	20
ENST00000367287.5	288-291	22
ENST00000367294.4	1232-1235	23
ENST00000367311.5	708-711	18
ENST00000367321.8	514-517	25
ENST00000367330.6	1082-1085	25
ENST00000367339.7	667-670	18
ENST00000367350.5	1845-1848	20
ENST00000367351.4	545-548	16
ENST00000367353.2	1108-1111	16
ENST00000367385.9	703-706	23
ENST00000367393.8	353-356	13
ENST00000367405.5	950-953	12
ENST00000367409.9	1216-1219	19
ENST00000367411.7	1213-1216	20
ENST00000367419.10	583-586	17
ENST00000367435.5	1067-1070	18
ENST00000367439.8	377-380	17
ENST00000367454.6	277-280	23
ENST00000367463.5	1184-1187	14
ENST00000367466.4	276-279	18
ENST00000367467.8	272-275	22
ENST00000367478.9	756-759	24
ENST00000367498.8	771-774	18
ENST00000367506.10	1873-1876	16
ENST00000367510.8	523-526	17
ENST00000367545.8	4977-4980	17
ENST00000367549.4	2808-2811	21
ENST00000367553.6	167-170	12
ENST00000367558.6	259-262	17
ENST00000367559.7	2117-2120	14
ENST00000367569.4	238-241	18
ENST00000367576.6	602-605	24
ENST00000367577.7	608-611	22
ENST00000367590.9	675-678	27
ENST00000367591.5	955-958	16
ENST00000367595.4	677-680	18
ENST00000367602.8	1776-1779	24
ENST00000367607.8	5125-5128	19
ENST00000367619.8	490-493	20
ENST00000367627.8	716-719	25
ENST00000367630.9	349-352	19
ENST00000367635.8	1843-1846	21
ENST00000367649.8	968-971	19
ENST00000367651.4	970-973	17
ENST00000367658.3	1055-1058	15
ENST00000367660.4	260-263	17
ENST00000367669.8	1373-1376	18
ENST00000367679.7	873-876	18
ENST00000367696.7	1192-1195	15
ENST00000367739.9	1090-1093	15
ENST00000367763.8	121-124	17
ENST00000367771.11	321-324	14
ENST00000367806.8	699-702	17
ENST00000367808.8	798-801	19
ENST00000367811.8	318-321	27
ENST00000367815.9	524-527	17
ENST00000367833.7	818-821	20
ENST00000367837.10	1616-1619	21
ENST00000367840.4	2743-2746	22
ENST00000367866.7	1062-1065	16
ENST00000367874.5	430-433	15
ENST00000367876.9	513-516	20
ENST00000367879.9	688-691	17
ENST00000367881.11	498-501	18
ENST00000367889.8	202-205	19
ENST00000367925.6	182-185	18
ENST00000367941.7	189-192	19
ENST00000367942.4	1703-1706	18
ENST00000367943.5	724-727	22
ENST00000367963.8	1747-1750	20
ENST00000367975.7	106-109	21
ENST00000367988.8	773-776	14
ENST00000367999.9	1275-1278	18
ENST00000368002.8	515-518	16
ENST00000368003.6	23-26	23
ENST00000368006.8	370-373	18
ENST00000368009.7	552-555	15
ENST00000368010.4	362-365	20
ENST00000368021.7	880-883	17
ENST00000368026.11	376-379	20
ENST00000368068.8	592-595	20
ENST00000368072.10	171-174	18
ENST00000368074.6	1839-1842	17
ENST00000368090.5	1505-1508	21
ENST00000368097.9	431-434	19
ENST00000368149.3	170-173	17
ENST00000368192.9	975-978	19
ENST00000368194.8	2429-2432	14
ENST00000368216.9	1920-1923	16
ENST00000368219.2	496-499	20
ENST00000368222.8	425-428	15
ENST00000368226.9	499-502	24
ENST00000368235.8	614-617	23
ENST00000368277.3	204-207	18
ENST00000368300.9	1807-1810	19
ENST00000368305.9	216-219	16
ENST00000368309.4	1867-1870	18
ENST00000368314.6	611-614	17
ENST00000368321.8	1756-1759	25
ENST00000368323.8	516-519	16
ENST00000368328.5	345-348	17
ENST00000368331.6	2812-2815	25
ENST00000368336.10	556-559	18
ENST00000368356.9	1247-1250	21
ENST00000368361.9	439-442	21
ENST00000368364.4	1132-1135	17
ENST00000368373.8	911-914	20
ENST00000368376.8	995-998	21
ENST00000368400.5	247-250	17
ENST00000368404.9	159-162	17
ENST00000368407.8	228-231	18
ENST00000368452.7	513-516	9
ENST00000368455.9	770-773	18
ENST00000368457.3	884-887	20
ENST00000368463.8	1717-1720	15
ENST00000368467.4	601-604	18
ENST00000368468.4	2074-2077	15
ENST00000368474.9	1479-1482	22
ENST00000368489.6	3623-3626	17
ENST00000368491.8	814-817	18
ENST00000368494.4	961-964	22
ENST00000368498.7	1351-1354	21
ENST00000368521.10	486-489	23
ENST00000368547.4	855-858	24
ENST00000368564.7	1621-1624	16
ENST00000368575.5	247-250	18
ENST00000368576.8	765-768	17
ENST00000368594.8	1255-1258	14
ENST00000368607.8	1443-1446	15
ENST00000368608.4	1024-1027	22
ENST00000368633.2	526-529	17
ENST00000368636.9	375-378	14
ENST00000368654.8	7620-7623	18
ENST00000368655.5	1618-1621	19
ENST00000368656.7	509-512	20
ENST00000368662.10	447-450	15
ENST00000368685.6	344-347	18
ENST00000368694.8	361-364	18
ENST00000368797.10	421-424	20
ENST00000368802.8	3960-3963	18
ENST00000368811.8	228-231	22
ENST00000368814.8	296-299	15
ENST00000368824.8	829-832	19
ENST00000368830.8	281-284	24
ENST00000368836.7	216-219	18
ENST00000368842.10	415-418	19
ENST00000368845.6	437-440	18
ENST00000368849.8	586-589	11
ENST00000368851.10	1270-1273	18
ENST00000368865.9	870-873	25
ENST00000368868.10	754-757	15
ENST00000368873.6	684-687	20
ENST00000368884.8	568-571	21
ENST00000368885.8	810-813	17
ENST00000368886.10	1094-1097	14
ENST00000368888.9	1753-1756	21
ENST00000368892.9	340-343	20
ENST00000368905.9	678-681	27
ENST00000368908.10	779-782	20
ENST00000368911.8	1419-1422	11
ENST00000368918.8	603-606	13
ENST00000368921.5	418-421	13
ENST00000368926.6	682-685	11
ENST00000368954.10	1349-1352	20
ENST00000368990.8	329-332	17
ENST00000369002.9	535-538	23
ENST00000369014.10	400-403	17
ENST00000369023.8	232-235	21
ENST00000369026.3	977-980	21
ENST00000369037.9	1002-1005	19
ENST00000369042.6	458-461	19
ENST00000369046.8	650-653	18
ENST00000369063.8	801-804	23
ENST00000369064.8	2078-2081	20
ENST00000369068.5	1504-1507	21
ENST00000369075.8	920-923	21
ENST00000369076.8	365-368	19
ENST00000369077.4	1033-1036	18
ENST00000369085.8	920-923	18
ENST00000369103.3	120-123	22
ENST00000369109.8	989-992	16
ENST00000369124.5	1368-1371	17
ENST00000369144.8	720-723	21
ENST00000369146.8	2454-2457	17
ENST00000369151.8	610-613	17
ENST00000369152.6	542-545	15
ENST00000369159.3	433-436	23
ENST00000369162.7	907-910	23
ENST00000369183.9	564-567	16
ENST00000369209.8	472-475	16
ENST00000369239.10	2074-2077	23
ENST00000369244.7	737-740	20
ENST00000369248.9	638-641	15
ENST00000369258.8	1031-1034	19
ENST00000369278.5	926-929	19
ENST00000369287.8	1381-1384	15
ENST00000369301.3	2156-2159	18
ENST00000369303.9	563-566	19
ENST00000369306.8	794-797	14
ENST00000369318.8	706-709	16
ENST00000369329.8	1635-1638	25
ENST00000369367.8	1173-1176	19
ENST00000369390.7	992-995	16
ENST00000369393.8	1096-1099	25
ENST00000369405.7	1138-1141	15
ENST00000369415.9	1429-1432	14
ENST00000369443.10	523-526	21
ENST00000369452.9	1209-1212	16
ENST00000369466.9	306-309	22
ENST00000369484.8	570-573	15
ENST00000369485.9	1547-1550	18
ENST00000369486.8	1466-1469	17
ENST00000369489.10	504-507	15
ENST00000369498.8	473-476	20
ENST00000369519.4	1172-1175	14
ENST00000369534.8	634-637	17
ENST00000369535.5	548-551	16
ENST00000369536.10	87-90	24
ENST00000369541.4	330-333	19
ENST00000369550.10	1533-1536	20
ENST00000369552.9	258-261	15
ENST00000369569.6	766-769	15
ENST00000369577.8	4239-4242	15
ENST00000369603.10	818-821	17
ENST00000369604.6	1331-1334	13
ENST00000369622.8	1323-1326	23
ENST00000369626.8	914-917	20
ENST00000369645.6	1600-1603	20
ENST00000369660.9	466-469	26
ENST00000369663.10	873-876	20
ENST00000369681.10	1585-1588	13
ENST00000369702.5	2418-2421	20
ENST00000369705.4	484-487	27
ENST00000369709.4	599-602	23
ENST00000369713.10	256-259	19
ENST00000369722.8	621-624	22
ENST00000369724.5	893-896	16
ENST00000369727.4	640-643	18
ENST00000369747.8	942-945	12
ENST00000369750.4	983-986	24
ENST00000369755.4	3612-3615	18
ENST00000369762.7	781-784	18
ENST00000369763.5	2430-2433	21
ENST00000369774.9	799-802	14
ENST00000369784.9	89-92	24
ENST00000369795.8	2243-2246	18
ENST00000369797.8	5720-5723	19
ENST00000369798.7	1924-1927	21
ENST00000369799.10	975-978	22
ENST00000369807.6	722-725	16
ENST00000369815.6	369-372	17
ENST00000369816.5	478-481	19
ENST00000369817.7	572-575	20
ENST00000369838.6	376-379	16
ENST00000369839.4	2252-2255	19
ENST00000369842.9	469-472	26
ENST00000369847.4	980-983	22
ENST00000369849.9	701-704	14
ENST00000369850.10	2120-2123	26
ENST00000369851.7	235-238	25
ENST00000369878.9	1456-1459	18
ENST00000369880.8	1203-1206	18
ENST00000369888.6	299-302	22
ENST00000369893.10	956-959	17
ENST00000369902.8	1444-1447	20
ENST00000369905.9	74-77	18
ENST00000369909.7	232-235	20
ENST00000369937.5	791-794	16
ENST00000369956.8	582-585	19
ENST00000369962.8	2347-2350	14
ENST00000369969.7	632-635	23
ENST00000369977.8	1171-1174	25
ENST00000369980.8	912-915	22
ENST00000369983.5	4322-4325	21
ENST00000370008.4	553-556	17
ENST00000370025.9	573-576	21
ENST00000370033.9	2035-2038	15
ENST00000370035.8	350-353	15
ENST00000370053.3	100-103	17
ENST00000370077.2	866-869	21
ENST00000370078.2	1158-1161	18
ENST00000370086.8	404-407	17
ENST00000370109.8	857-860	18
ENST00000370110.6	65-68	19
ENST00000370114.8	500-503	16
ENST00000370128.9	715-718	19
ENST00000370132.8	998-1001	17
ENST00000370141.8	204-207	15
ENST00000370151.9	106-109	18
ENST00000370152.8	1128-1131	18
ENST00000370162.8	494-497	16
ENST00000370179.8	392-395	23
ENST00000370187.8	784-787	20
ENST00000370202.5	660-663	17
ENST00000370203.9	889-892	15
ENST00000370205.6	113-116	18
ENST00000370206.9	1041-1044	21
ENST00000370211.10	349-352	23
ENST00000370214.9	1740-1743	19
ENST00000370238.8	855-858	20
ENST00000370272.9	814-817	17
ENST00000370274.8	1166-1169	17
ENST00000370277.5	119-122	18
ENST00000370282.8	717-720	22
ENST00000370283.9	358-361	19
ENST00000370298.9	1546-1549	17
ENST00000370310.5	522-525	18
ENST00000370321.8	618-621	19
ENST00000370339.8	245-248	20
ENST00000370355.3	1310-1313	26
ENST00000370360.8	603-606	20
ENST00000370372.7	114-117	19
ENST00000370377.8	461-464	22
ENST00000370396.7	166-169	16
ENST00000370397.8	1048-1051	18
ENST00000370406.8	773-776	22
ENST00000370435.5	552-555	18
ENST00000370454.9	966-969	22
ENST00000370455.8	504-507	21
ENST00000370474.4	296-299	17
ENST00000370475.9	657-660	19
ENST00000370476.10	190-193	16
ENST00000370487.5	456-459	14
ENST00000370489.5	355-358	14
ENST00000370495.6	563-566	20
ENST00000370500.10	536-539	15
ENST00000370508.7	1055-1058	18
ENST00000370509.5	633-636	18
ENST00000370521.8	3182-3185	19
ENST00000370544.10	653-656	18
ENST00000370548.3	622-625	20
ENST00000370550.10	1029-1032	17
ENST00000370558.8	1011-1014	19
ENST00000370574.4	995-998	19
ENST00000370589.7	674-677	21
ENST00000370608.8	844-847	25
ENST00000370611.4	776-779	17
ENST00000370626.4	867-870	16
ENST00000370630.6	298-301	17
ENST00000370631.4	870-873	17
ENST00000370645.9	485-488	21
ENST00000370649.3	1038-1041	17
ENST00000370654.6	220-223	27
ENST00000370659.2	175-178	18
ENST00000370664.4	883-886	10
ENST00000370683.6	840-843	23
ENST00000370685.7	814-817	15
ENST00000370693.5	858-861	17
ENST00000370706.9	132-135	23
ENST00000370733.5	138-141	23
ENST00000370763.6	274-277	17
ENST00000370768.7	1049-1052	24
ENST00000370775.3	111-114	23
ENST00000370783.8	258-261	18
ENST00000370791.9	1756-1759	21
ENST00000370794.7	2019-2022	22
ENST00000370801.8	1001-1004	20
ENST00000370803.8	526-529	18
ENST00000370812.8	583-586	15
ENST00000370823.8	980-983	17
ENST00000370828.4	782-785	18
ENST00000370833.7	486-489	22
ENST00000370841.9	175-178	21
ENST00000370853.8	1704-1707	16
ENST00000370867.8	798-801	15
ENST00000370873.9	628-631	21
ENST00000370874.2	895-898	19
ENST00000370888.6	474-477	19
ENST00000370898.9	937-940	21
ENST00000370902.8	390-393	23
ENST00000370920.8	883-886	18
ENST00000370938.8	334-337	17
ENST00000370944.9	386-389	20
ENST00000370949.2	509-512	25
ENST00000370952.4	1140-1143	18
ENST00000370963.9	651-654	22
ENST00000370978.9	847-850	19
ENST00000370982.4	389-392	17
ENST00000370986.9	732-735	14
ENST00000370992.9	667-670	18
ENST00000370996.5	734-737	13
ENST00000371065.9	441-444	16
ENST00000371068.11	1110-1113	16
ENST00000371069.5	3074-3077	19
ENST00000371079.6	2378-2381	17
ENST00000371084.8	648-651	17
ENST00000371085.8	732-735	25
ENST00000371088.5	642-645	18
ENST00000371113.9	1846-1849	21
ENST00000371121.5	2361-2364	24
ENST00000371141.8	1060-1063	16
ENST00000371142.9	414-417	23
ENST00000371145.8	1420-1423	26
ENST00000371199.8	915-918	19
ENST00000371208.5	1051-1054	20
ENST00000371217.10	1081-1084	20
ENST00000371222.4	986-989	25
ENST00000371224.7	761-764	23
ENST00000371226.8	1219-1222	16
ENST00000371244.9	1394-1397	22
ENST00000371250.4	1459-1462	16
ENST00000371269.9	1471-1474	25
ENST00000371279.4	1352-1355	15
ENST00000371281.4	96-99	20
ENST00000371317.10	298-301	16
ENST00000371322.11	2916-2919	20
ENST00000371361.3	1067-1070	21
ENST00000371370.8	638-641	18
ENST00000371384.4	332-335	18
ENST00000371410.5	962-965	21
ENST00000371419.7	323-326	15
ENST00000371421.9	671-674	16
ENST00000371429.4	335-338	22
ENST00000371437.5	218-221	16
ENST00000371442.4	1122-1125	16
ENST00000371443.6	438-441	23
ENST00000371459.6	401-404	17
ENST00000371470.8	151-154	18
ENST00000371471.7	1140-1143	18
ENST00000371475.9	1252-1255	21
ENST00000371477.4	970-973	23
ENST00000371485.8	621-624	19
ENST00000371486.4	486-489	19
ENST00000371514.8	1330-1333	26
ENST00000371528.2	169-172	20
ENST00000371538.5	120-123	21
ENST00000371558.7	401-404	18
ENST00000371568.8	198-201	20
ENST00000371571.5	828-831	13
ENST00000371588.10	447-450	22
ENST00000371589.9	987-990	21
ENST00000371601.5	896-899	17
ENST00000371608.8	101-104	19
ENST00000371614.2	277-280	16
ENST00000371620.4	220-223	19
ENST00000371621.5	211-214	21
ENST00000371626.9	584-587	16
ENST00000371627.5	3298-3301	22
ENST00000371628.8	1546-1549	14
ENST00000371646.10	995-998	25
ENST00000371652.9	743-746	14
ENST00000371655.4	707-710	12
ENST00000371666.8	1137-1140	17
ENST00000371674.8	70-73	21
ENST00000371692.9	961-964	23
ENST00000371696.7	388-391	14
ENST00000371703.8	172-175	20
ENST00000371711.4	893-896	20
ENST00000371712.4	1041-1044	20
ENST00000371717.8	584-587	19
ENST00000371728.8	1382-1385	28
ENST00000371733.8	2111-2114	20
ENST00000371738.4	261-264	16
ENST00000371755.9	1121-1124	18
ENST00000371756.4	565-568	25
ENST00000371761.4	367-370	20
ENST00000371795.5	555-558	18
ENST00000371850.8	331-334	19
ENST00000371856.7	615-618	25
ENST00000371873.10	249-252	21
ENST00000371877.8	3578-3581	22
ENST00000371899.9	766-769	17
ENST00000371917.5	4136-4139	18
ENST00000371926.8	1050-1053	14
ENST00000371933.8	1132-1135	20
ENST00000371942.8	244-247	19
ENST00000371945.10	368-371	19
ENST00000371953.8	902-905	16
ENST00000371964.5	52-55	16
ENST00000371974.8	358-361	21
ENST00000371975.9	721-724	19
ENST00000371984.8	1166-1169	20
ENST00000371989.8	808-811	25
ENST00000371996.9	320-323	21
ENST00000371998.8	2124-2127	16
ENST00000372014.5	457-460	18
ENST00000372022.6	1100-1103	19
ENST00000372025.5	520-523	17
ENST00000372037.8	1051-1054	15
ENST00000372050.8	1811-1814	18
ENST00000372068.7	1221-1224	14
ENST00000372088.8	1438-1441	16
ENST00000372090.6	98-101	19
ENST00000372097.10	975-978	27
ENST00000372106.6	199-202	17
ENST00000372114.4	393-396	16
ENST00000372133.8	591-594	21
ENST00000372134.6	832-835	24
ENST00000372146.5	969-972	20
ENST00000372159.8	535-538	16
ENST00000372171.5	417-420	15
ENST00000372172.5	2017-2020	17
ENST00000372215.5	851-854	23
ENST00000372224.9	1794-1797	22
ENST00000372230.10	1008-1011	18
ENST00000372232.8	97-100	23
ENST00000372236.9	437-440	17
ENST00000372237.8	123-126	14
ENST00000372257.7	747-750	22
ENST00000372281.8	389-392	17
ENST00000372289.7	1063-1066	20
ENST00000372324.6	1290-1293	18
ENST00000372336.4	679-682	14
ENST00000372343.8	1104-1107	14
ENST00000372358.10	471-474	18
ENST00000372360.9	294-297	19
ENST00000372371.8	1779-1782	27
ENST00000372391.7	5314-5317	15
ENST00000372396.4	776-779	20
ENST00000372398.6	590-593	18
ENST00000372409.8	1974-1977	22
ENST00000372422.7	215-218	18
ENST00000372429.8	953-956	13
ENST00000372430.9	843-846	21
ENST00000372435.10	632-635	23
ENST00000372447.7	498-501	20
ENST00000372449.6	581-584	23
ENST00000372457.9	288-291	19
ENST00000372458.8	933-936	15
ENST00000372466.8	558-561	17
ENST00000372483.9	700-703	21
ENST00000372491.4	1394-1397	14
ENST00000372521.9	379-382	15
ENST00000372523.1	1499-1502	19
ENST00000372524.5	576-579	23
ENST00000372525.7	546-549	20
ENST00000372530.9	849-852	15
ENST00000372538.8	197-200	15
ENST00000372546.9	687-690	21
ENST00000372548.9	1333-1336	20
ENST00000372561.4	584-587	21
ENST00000372564.8	699-702	19
ENST00000372577.2	270-273	21
ENST00000372586.4	1785-1788	20
ENST00000372592.8	1110-1113	14
ENST00000372600.9	2615-2618	21
ENST00000372622.8	570-573	22
ENST00000372625.8	487-490	20
ENST00000372642.5	413-416	22
ENST00000372648.10	767-770	21
ENST00000372661.6	277-280	18
ENST00000372663.9	418-421	23
ENST00000372677.8	428-431	17
ENST00000372685.8	402-405	18
ENST00000372695.6	543-546	14
ENST00000372706.6	1786-1789	10
ENST00000372710.5	245-248	20
ENST00000372715.7	481-484	29
ENST00000372718.8	1141-1144	16
ENST00000372733.3	235-238	16
ENST00000372739.7	5819-5822	22
ENST00000372759.4	189-192	22
ENST00000372771.5	1414-1417	18
ENST00000372805.8	605-608	21
ENST00000372806.8	957-960	19
ENST00000372813.4	202-205	20
ENST00000372827.8	650-653	14
ENST00000372833.6	373-376	18
ENST00000372836.5	532-535	19
ENST00000372838.9	744-747	20
ENST00000372841.8	1357-1360	17
ENST00000372851.8	338-341	19
ENST00000372853.9	97-100	15
ENST00000372858.8	1241-1244	19
ENST00000372874.9	1094-1097	13
ENST00000372876.2	915-918	19
ENST00000372886.6	324-327	14
ENST00000372890.6	90-93	16
ENST00000372901.2	621-624	16
ENST00000372902.4	360-363	23
ENST00000372921.10	897-900	20
ENST00000372923.8	1712-1715	19
ENST00000372936.4	2199-2202	19
ENST00000372938.10	1616-1619	22
ENST00000372945.8	375-378	16
ENST00000372950.6	495-498	16
ENST00000372969.8	241-244	17
ENST00000372972.7	104-107	21
ENST00000372977.8	510-513	15
ENST00000372979.9	1272-1275	24
ENST00000372989.6	1483-1486	11
ENST00000372991.9	1020-1023	19
ENST00000372994.2	209-212	17
ENST00000373001.4	1188-1191	16
ENST00000373014.5	813-816	19
ENST00000373016.4	901-904	20
ENST00000373019.5	120-123	19
ENST00000373020.9	517-520	21
ENST00000373024.8	2148-2151	15
ENST00000373030.8	1168-1171	16
ENST00000373042.5	921-924	18
ENST00000373044.3	550-553	21
ENST00000373045.11	789-792	21
ENST00000373053.8	654-657	18
ENST00000373055.6	793-796	18
ENST00000373062.8	1354-1357	19
ENST00000373069.10	382-385	21
ENST00000373078.5	807-810	18
ENST00000373116.6	541-544	17
ENST00000373132.4	576-579	12
ENST00000373166.8	450-453	18
ENST00000373173.7	831-834	21
ENST00000373178.5	295-298	18
ENST00000373191.9	2296-2299	15
ENST00000373202.8	1467-1470	20
ENST00000373204.6	345-348	19
ENST00000373210.4	2378-2381	17
ENST00000373218.5	515-518	20
ENST00000373232.8	867-870	19
ENST00000373233.8	6046-6049	19
ENST00000373237.4	454-457	15
ENST00000373241.9	541-544	18
ENST00000373243.7	458-461	22
ENST00000373247.7	379-382	19
ENST00000373255.9	580-583	20
ENST00000373257.8	2113-2116	12
ENST00000373264.5	886-889	18
ENST00000373275.5	793-796	21
ENST00000373279.6	410-413	19
ENST00000373284.10	501-504	20
ENST00000373290.7	547-550	18
ENST00000373299.5	973-976	21
ENST00000373312.4	499-502	20
ENST00000373316.5	1041-1044	24
ENST00000373327.5	1822-1825	19
ENST00000373337.4	462-465	17
ENST00000373344.11	5345-5348	19
ENST00000373358.8	524-527	20
ENST00000373365.5	547-550	17
ENST00000373371.8	764-767	17
ENST00000373383.9	260-263	18
ENST00000373394.8	407-410	21
ENST00000373408.4	72-75	19
ENST00000373433.9	412-415	16
ENST00000373447.8	466-469	22
ENST00000373451.9	265-268	20
ENST00000373464.5	1430-1433	16
ENST00000373474.9	975-978	12
ENST00000373475.10	255-258	14
ENST00000373477.9	1293-1296	26
ENST00000373479.9	629-632	20
ENST00000373489.10	114-117	16
ENST00000373491.3	887-890	14
ENST00000373493.10	1227-1230	23
ENST00000373509.6	652-655	18
ENST00000373510.9	874-877	14
ENST00000373537.7	443-446	21
ENST00000373538.8	1292-1295	17
ENST00000373542.9	3000-3003	25
ENST00000373547.9	616-619	18
ENST00000373548.8	675-678	20
ENST00000373555.9	1173-1176	13
ENST00000373563.9	300-303	20
ENST00000373573.9	91-94	20
ENST00000373578.7	1700-1703	16
ENST00000373585.8	874-877	20
ENST00000373602.10	291-294	22
ENST00000373606.8	238-241	19
ENST00000373610.8	1055-1058	22
ENST00000373625.8	1218-1221	16
ENST00000373627.10	542-545	18
ENST00000373644.5	5622-5625	15
ENST00000373647.9	1821-1824	18
ENST00000373656.4	428-431	14
ENST00000373659.4	355-358	12
ENST00000373664.8	420-423	20
ENST00000373669.8	32-35	21
ENST00000373699.6	196-199	19
ENST00000373700.9	1904-1907	15
ENST00000373703.5	384-387	19
ENST00000373715.11	422-425	16
ENST00000373719.8	2389-2392	19
ENST00000373731.7	869-872	18
ENST00000373750.9	873-876	19
ENST00000373758.5	226-229	21
ENST00000373768.4	489-492	20
ENST00000373779.8	2793-2796	18
ENST00000373783.3	781-784	18
ENST00000373789.8	576-579	20
ENST00000373795.7	1558-1561	22
ENST00000373812.8	1606-1609	24
ENST00000373816.6	1634-1637	18
ENST00000373824.9	598-601	16
ENST00000373825.7	1179-1182	18
ENST00000373830.4	644-647	19
ENST00000373839.8	184-187	17
ENST00000373840.9	355-358	14
ENST00000373842.9	336-339	19
ENST00000373855.7	5603-5606	15
ENST00000373871.8	1082-1085	24
ENST00000373872.9	318-321	18
ENST00000373886.8	1349-1352	15
ENST00000373894.8	811-814	18
ENST00000373896.8	212-215	20
ENST00000373910.9	535-538	17
ENST00000373912.8	492-495	25
ENST00000373930.4	1432-1435	13
ENST00000373935.4	1267-1270	15
ENST00000373943.9	902-905	17
ENST00000373944.8	824-827	18
ENST00000373953.8	221-224	19
ENST00000373954.11	411-414	15
ENST00000374012.8	109-112	22
ENST00000374023.8	851-854	24
ENST00000374050.4	388-391	17
ENST00000374076.9	407-410	16
ENST00000374077.8	217-220	14
ENST00000374080.8	6357-6360	22
ENST00000374092.9	442-445	19
ENST00000374114.8	3005-3008	23
ENST00000374126.10	678-681	15
ENST00000374135.9	961-964	19
ENST00000374142.9	756-759	16
ENST00000374168.7	1315-1318	17
ENST00000374171.5	501-504	22
ENST00000374180.4	581-584	16
ENST00000374189.6	1205-1208	18
ENST00000374198.5	131-134	26
ENST00000374206.4	384-387	22
ENST00000374212.5	425-428	17
ENST00000374222.6	632-635	23
ENST00000374232.8	812-815	16
ENST00000374242.9	430-433	19
ENST00000374257.6	1563-1566	19
ENST00000374259.8	2184-2187	15
ENST00000374266.7	337-340	19
ENST00000374269.2	1015-1018	14
ENST00000374274.8	298-301	19
ENST00000374279.4	1341-1344	18
ENST00000374282.8	722-725	15
ENST00000374293.5	135-138	15
ENST00000374294.3	382-385	22
ENST00000374298.4	1048-1051	18
ENST00000374303.7	543-546	14
ENST00000374338.5	969-972	16
ENST00000374343.5	805-808	19
ENST00000374358.5	586-589	24
ENST00000374360.8	2086-2089	23
ENST00000374379.9	386-389	18
ENST00000374385.10	193-196	15
ENST00000374395.9	683-686	19
ENST00000374399.9	729-732	27
ENST00000374403.4	2219-2222	20
ENST00000374423.9	479-482	20
ENST00000374446.7	777-780	16
ENST00000374450.8	547-550	19
ENST00000374466.4	1207-1210	16
ENST00000374467.4	544-547	17
ENST00000374479.4	1309-1312	16
ENST00000374490.8	845-848	14
ENST00000374492.8	288-291	18
ENST00000374514.8	153-156	17
ENST00000374517.6	102-105	24
ENST00000374518.6	669-672	21
ENST00000374530.8	2097-2100	21
ENST00000374541.4	295-298	20
ENST00000374542.10	801-804	24
ENST00000374561.6	123-126	20
ENST00000374571.5	443-446	17
ENST00000374580.10	1418-1421	16
ENST00000374586.8	961-964	20
ENST00000374606.10	520-523	15
ENST00000374617.9	102-105	22
ENST00000374630.8	231-234	14
ENST00000374647.10	3712-3715	24
ENST00000374656.5	1025-1028	18
ENST00000374662.4	368-371	19
ENST00000374677.8	478-481	22
ENST00000374680.4	909-912	16
ENST00000374692.8	333-336	16
ENST00000374694.3	2073-2076	17
ENST00000374704.8	773-776	16
ENST00000374720.8	281-284	23
ENST00000374741.4	205-208	17
ENST00000374749.8	329-332	19
ENST00000374759.8	1715-1718	21
ENST00000374767.5	737-740	21
ENST00000374788.8	2047-2050	16
ENST00000374793.8	1988-1991	18
ENST00000374811.8	735-738	17
ENST00000374825.9	3054-3057	28
ENST00000374839.8	472-475	17
ENST00000374848.8	824-827	18
ENST00000374864.10	1375-1378	21
ENST00000374865.5	110-113	16
ENST00000374867.7	1656-1659	17
ENST00000374879.5	1320-1323	14
ENST00000374884.3	657-660	15
ENST00000374893.11	2293-2296	18
ENST00000374897.4	1198-1201	17
ENST00000374902.9	1983-1986	18
ENST00000374922.9	150-153	21
ENST00000374941.9	966-969	19
ENST00000374979.8	992-995	13
ENST00000374980.3	142-145	19
ENST00000374987.4	177-180	20
ENST00000374994.9	567-570	20
ENST00000375050.6	1187-1190	18
ENST00000375068.6	1035-1038	29
ENST00000375094.4	206-209	17
ENST00000375095.3	545-548	20
ENST00000375107.8	733-736	16
ENST00000375119.8	283-286	21
ENST00000375120.4	455-458	16
ENST00000375128.5	684-687	18
ENST00000375135.4	3511-3514	14
ENST00000375136.8	254-257	18
ENST00000375147.8	2143-2146	19
ENST00000375151.5	186-189	17
ENST00000375153.8	717-720	17
ENST00000375156.4	568-571	13
ENST00000375203.8	117-120	21
ENST00000375213.8	1067-1070	23
ENST00000375234.8	393-396	17
ENST00000375241.6	1146-1149	12
ENST00000375249.5	1125-1128	16
ENST00000375254.8	8436-8439	25
ENST00000375255.8	520-523	19
ENST00000375256.5	554-557	23
ENST00000375258.9	567-570	26
ENST00000375299.8	1368-1371	24
ENST00000375341.8	1691-1694	17
ENST00000375344.8	899-902	21
ENST00000375370.10	554-557	20
ENST00000375377.2	2714-2717	13
ENST00000375394.7	2739-2742	18
ENST00000375401.8	3744-3747	26
ENST00000375429.8	688-691	23
ENST00000375431.9	136-139	13
ENST00000375436.9	954-957	21
ENST00000375440.9	2199-2202	25
ENST00000375442.8	981-984	20
ENST00000375446.5	49-52	12
ENST00000375464.7	558-561	20
ENST00000375490.10	372-375	15
ENST00000375499.8	154-157	27
ENST00000375527.3	831-834	16
ENST00000375533.6	1118-1121	15
ENST00000375535.4	318-321	19
ENST00000375537.9	3051-3054	18
ENST00000375549.8	473-476	24
ENST00000375571.6	273-276	21
ENST00000375587.8	298-301	11
ENST00000375592.8	1830-1833	29
ENST00000375614.7	1090-1093	12
ENST00000375631.5	750-753	18
ENST00000375645.8	1519-1522	14
ENST00000375647.5	3067-3070	21
ENST00000375650.5	1659-1662	21
ENST00000375651.7	1660-1663	21
ENST00000375661.6	401-404	13
ENST00000375663.8	1095-1098	24
ENST00000375687.10	2176-2179	18
ENST00000375712.4	513-516	14
ENST00000375731.9	446-449	20
ENST00000375735.7	5651-5654	17
ENST00000375743.9	241-244	16
ENST00000375749.8	263-266	19
ENST00000375759.8	592-595	27
ENST00000375766.8	1299-1302	15
ENST00000375784.8	899-902	22
ENST00000375789.7	327-330	24
ENST00000375799.8	2039-2042	19
ENST00000375807.8	1319-1322	18
ENST00000375820.10	3469-3472	26
ENST00000375847.8	516-519	15
ENST00000375859.4	256-259	15
ENST00000375880.6	433-436	24
ENST00000375882.7	455-458	23
ENST00000375896.9	436-439	20
ENST00000375898.4	1170-1173	12
ENST00000375911.2	966-969	15
ENST00000375940.9	1680-1683	15
ENST00000375963.8	477-480	18
ENST00000375980.9	531-534	25
ENST00000375991.9	431-434	19
ENST00000375992.4	223-226	21
ENST00000376004.5	501-504	15
ENST00000376008.3	1062-1065	14
ENST00000376016.8	303-306	23
ENST00000376032.9	513-516	16
ENST00000376033.3	742-745	26
ENST00000376052.5	623-626	25
ENST00000376087.5	3024-3027	14
ENST00000376091.8	539-542	14
ENST00000376112.4	306-309	20
ENST00000376140.4	722-725	16
ENST00000376148.9	891-894	22
ENST00000376215.10	326-329	18
ENST00000376227.4	1514-1517	17
ENST00000376228.10	438-441	22
ENST00000376257.8	986-989	21
ENST00000376263.8	1229-1232	21
ENST00000376285.6	2056-2059	18
ENST00000376300.7	198-201	19
ENST00000376335.8	1451-1454	21
ENST00000376344.8	1208-1211	18
ENST00000376352.6	963-966	17
ENST00000376356.5	1010-1013	22
ENST00000376358.4	958-961	23
ENST00000376371.7	503-506	12
ENST00000376372.9	1204-1207	21
ENST00000376387.5	276-279	22
ENST00000376389.8	544-547	24
ENST00000376395.9	1827-1830	25
ENST00000376406.8	3967-3970	24
ENST00000376421.7	250-253	14
ENST00000376423.8	1460-1463	17
ENST00000376442.8	741-744	18
ENST00000376447.4	1586-1589	16
ENST00000376485.9	681-684	16
ENST00000376488.8	1720-1723	20
ENST00000376495.5	1052-1055	17
ENST00000376499.8	3113-3116	18
ENST00000376509.4	502-505	16
ENST00000376510.8	225-228	15
ENST00000376511.7	1665-1668	24
ENST00000376552.8	2641-2644	17
ENST00000376560.8	605-608	21
ENST00000376568.8	2340-2343	16
ENST00000376572.8	589-592	18
ENST00000376573.9	1014-1017	17
ENST00000376588.4	281-284	20
ENST00000376590.9	390-393	16
ENST00000376621.8	682-685	23
ENST00000376630.5	770-773	23
ENST00000376649.8	627-630	23
ENST00000376652.9	834-837	19
ENST00000376663.8	1067-1070	20
ENST00000376687.4	492-495	17
ENST00000376692.9	719-722	19
ENST00000376693.3	29-32	17
ENST00000376729.10	819-822	19
ENST00000376730.5	798-801	13
ENST00000376736.6	648-651	15
ENST00000376745.9	361-364	25
ENST00000376747.8	872-875	22
ENST00000376759.8	496-499	20
ENST00000376771.9	204-207	14
ENST00000376772.8	357-360	21
ENST00000376809.10	772-775	24
ENST00000376810.6	685-688	19
ENST00000376829.7	1716-1719	13
ENST00000376834.8	646-649	20
ENST00000376836.8	285-288	20
ENST00000376854.6	463-466	16
ENST00000376874.9	675-678	17
ENST00000376901.9	836-839	16
ENST00000376925.8	261-264	17
ENST00000376936.9	935-938	21
ENST00000376943.8	1031-1034	16
ENST00000376957.7	639-642	22
ENST00000376958.5	530-533	17
ENST00000376962.10	1274-1277	20
ENST00000376980.8	1238-1241	18
ENST00000376983.8	1076-1079	18
ENST00000377026.4	470-473	18
ENST00000377038.8	407-410	24
ENST00000377044.9	1453-1456	20
ENST00000377045.9	1021-1024	22
ENST00000377047.9	2114-2117	19
ENST00000377071.9	2467-2470	18
ENST00000377075.3	1583-1586	18
ENST00000377095.10	881-884	20
ENST00000377104.4	604-607	22
ENST00000377107.7	1469-1472	21
ENST00000377126.4	1441-1444	20
ENST00000377139.8	1228-1231	19
ENST00000377190.8	426-429	21
ENST00000377191.5	506-509	20
ENST00000377199.4	425-428	25
ENST00000377205.6	481-484	17
ENST00000377223.6	820-823	18
ENST00000377244.8	849-852	22
ENST00000377245.9	1515-1518	15
ENST00000377263.6	501-504	14
ENST00000377264.8	3665-3668	17
ENST00000377275.4	654-657	18
ENST00000377294.3	562-565	21
ENST00000377298.9	2938-2941	20
ENST00000377304.7	945-948	16
ENST00000377307.7	1187-1190	15
ENST00000377386.8	432-435	18
ENST00000377390.8	1038-1041	22
ENST00000377391.8	98-101	24
ENST00000377452.4	550-553	18
ENST00000377453.9	204-207	19
ENST00000377474.4	542-545	20
ENST00000377482.10	537-540	18
ENST00000377524.8	678-681	16
ENST00000377526.4	1298-1301	20
ENST00000377575.3	222-225	16
ENST00000377577.10	52-55	19
ENST00000377595.8	141-144	19
ENST00000377603.5	144-147	29
ENST00000377604.8	558-561	24
ENST00000377636.8	1074-1077	23
ENST00000377648.5	663-666	21
ENST00000377658.8	1828-1831	21
ENST00000377673.10	814-817	17
ENST00000377674.9	1502-1505	14
ENST00000377687.6	1247-1250	19
ENST00000377698.4	1090-1093	15
ENST00000377705.6	677-680	21
ENST00000377707.4	585-588	16
ENST00000377708.7	551-554	20
ENST00000377710.10	549-552	17
ENST00000377724.8	1567-1570	18
ENST00000377759.9	603-606	19
ENST00000377767.9	2525-2528	20
ENST00000377777.6	321-324	30
ENST00000377791.4	325-328	25
ENST00000377793.9	407-410	14
ENST00000377798.9	490-493	19
ENST00000377799.8	815-818	15
ENST00000377803.4	24-27	20
ENST00000377811.4	206-209	19
ENST00000377813.6	1609-1612	27
ENST00000377818.4	144-147	18
ENST00000377819.10	3104-3107	24
ENST00000377843.8	736-739	22
ENST00000377865.7	3377-3380	18
ENST00000377881.8	2095-2098	21
ENST00000377953.4	160-163	20
ENST00000377960.9	475-478	16
ENST00000377990.7	600-603	18
ENST00000378024.9	6369-6372	22
ENST00000378026.5	1825-1828	21
ENST00000378045.5	66-69	22
ENST00000378060.9	523-526	18
ENST00000378078.5	441-444	17
ENST00000378090.9	289-292	20
ENST00000378103.7	2510-2513	15
ENST00000378106.10	188-191	17
ENST00000378116.9	486-489	18
ENST00000378119.9	876-879	12
ENST00000378156.9	3091-3094	12
ENST00000378163.7	2534-2537	18
ENST00000378164.7	1198-1201	21
ENST00000378165.9	285-288	17
ENST00000378182.4	1451-1454	23
ENST00000378197.5	1360-1363	20
ENST00000378198.9	604-607	17
ENST00000378204.7	849-852	20
ENST00000378209.8	137-140	16
ENST00000378226.7	1805-1808	18
ENST00000378230.8	2896-2899	16
ENST00000378251.3	1351-1354	23
ENST00000378278.7	1502-1505	10
ENST00000378302.7	398-401	15
ENST00000378308.7	4654-4657	25
ENST00000378339.7	233-236	16
ENST00000378344.7	490-493	20
ENST00000378364.8	383-386	20
ENST00000378372.8	184-187	23
ENST00000378386.8	189-192	22
ENST00000378387.4	521-524	19
ENST00000378392.6	560-563	14
ENST00000378444.9	3376-3379	26
ENST00000378460.7	3521-3524	19
ENST00000378466.9	528-531	16
ENST00000378482.7	368-371	18
ENST00000378494.8	952-955	20
ENST00000378509.9	1091-1094	24
ENST00000378526.9	202-205	27
ENST00000378536.5	1384-1387	22
ENST00000378546.9	293-296	22
ENST00000378567.8	1375-1378	17
ENST00000378572.8	566-569	19
ENST00000378578.9	334-337	18
ENST00000378609.9	999-1002	19
ENST00000378617.4	1371-1374	20
ENST00000378628.9	649-652	18
ENST00000378643.8	2239-2242	21
ENST00000378670.8	287-290	15
ENST00000378700.8	586-589	23
ENST00000378714.8	1675-1678	20
ENST00000378719.7	756-759	19
ENST00000378720.8	436-439	17
ENST00000378743.9	2050-2053	16
ENST00000378747.8	1728-1731	17
ENST00000378750.10	519-522	17
ENST00000378756.8	833-836	21
ENST00000378799.11	599-602	19
ENST00000378823.8	3621-3624	19
ENST00000378842.8	48-51	16
ENST00000378863.9	1012-1015	16
ENST00000378875.8	301-304	16
ENST00000378887.4	228-231	14
ENST00000378888.10	1241-1244	20
ENST00000378895.9	1086-1089	21
ENST00000378954.9	958-961	25
ENST00000378959.9	337-340	20
ENST00000379019.7	859-862	18
ENST00000379031.10	482-485	17
ENST00000379068.8	2561-2564	24
ENST00000379095.5	152-155	28
ENST00000379143.10	928-931	18
ENST00000379151.9	1023-1026	26
ENST00000379158.7	424-427	17
ENST00000379161.5	503-506	21
ENST00000379162.9	812-815	15
ENST00000379170.9	539-542	23
ENST00000379198.5	888-891	21
ENST00000379205.5	416-419	22
ENST00000379214.9	3329-3332	18
ENST00000379226.9	641-644	15
ENST00000379238.7	890-893	21
ENST00000379263.8	976-979	20
ENST00000379270.5	185-188	16
ENST00000379287.4	1313-1316	11
ENST00000379300.8	634-637	23
ENST00000379303.10	318-321	18
ENST00000379310.8	424-427	19
ENST00000379341.9	639-642	24
ENST00000379344.8	2793-2796	14
ENST00000379370.7	3809-3812	19
ENST00000379378.8	520-523	18
ENST00000379380.9	341-344	10
ENST00000379406.8	658-661	19
ENST00000379440.9	490-493	19
ENST00000379454.9	1067-1070	21
ENST00000379480.9	391-394	18
ENST00000379483.4	1131-1134	26
ENST00000379484.10	226-229	23
ENST00000379485.2	1110-1113	26
ENST00000379487.5	216-219	18
ENST00000379504.8	828-831	17
ENST00000379509.8	760-763	18
ENST00000379516.7	714-717	26
ENST00000379540.8	480-483	22
ENST00000379542.10	454-457	17
ENST00000379561.6	1653-1656	16
ENST00000379562.9	1074-1077	18
ENST00000379565.9	2266-2269	17
ENST00000379568.4	467-470	21
ENST00000379589.4	848-851	11
ENST00000379600.8	481-484	14
ENST00000379607.10	483-486	17
ENST00000379611.10	1593-1596	22
ENST00000379613.10	926-929	20
ENST00000379624.6	378-381	21
ENST00000379638.9	520-523	20
ENST00000379644.9	1926-1929	17
ENST00000379661.8	1903-1906	17
ENST00000379672.10	782-785	12
ENST00000379715.10	483-486	17
ENST00000379719.8	1570-1573	22
ENST00000379731.5	860-863	21
ENST00000379751.5	1973-1976	27
ENST00000379757.9	441-444	22
ENST00000379772.4	342-345	18
ENST00000379775.9	716-719	18
ENST00000379802.8	1292-1295	26
ENST00000379817.7	102-105	18
ENST00000379826.5	1140-1143	21
ENST00000379834.7	1722-1725	18
ENST00000379847.8	417-420	18
ENST00000379852.8	859-862	23
ENST00000379887.9	1945-1948	20
ENST00000379888.9	631-634	25
ENST00000379915.4	588-591	15
ENST00000379938.7	1731-1734	20
ENST00000379942.5	1307-1310	17
ENST00000379982.8	2102-2105	24
ENST00000380003.8	1259-1262	20
ENST00000380005.9	203-206	12
ENST00000380009.9	1513-1516	24
ENST00000380013.9	5714-5717	15
ENST00000380041.8	538-541	24
ENST00000380044.6	300-303	19
ENST00000380050.8	1201-1204	13
ENST00000380051.7	401-404	18
ENST00000380062.10	193-196	24
ENST00000380071.8	696-699	18
ENST00000380087.7	1284-1287	22
ENST00000380094.10	1187-1190	13
ENST00000380113.8	528-531	21
ENST00000380118.8	84-87	22
ENST00000380122.10	373-376	19
ENST00000380152.8	2587-2590	18
ENST00000380155.4	188-191	20
ENST00000380171.9	580-583	21
ENST00000380191.9	359-362	23
ENST00000380243.9	695-698	17
ENST00000380266.4	1796-1799	20
ENST00000380324.8	1425-1428	17
ENST00000380325.4	149-152	17
ENST00000380338.9	894-897	17
ENST00000380345.7	1148-1151	14
ENST00000380377.9	316-319	14
ENST00000380379.10	357-360	15
ENST00000380394.9	656-659	21
ENST00000380412.7	531-534	22
ENST00000380420.10	727-730	17
ENST00000380445.8	183-186	16
ENST00000380455.11	355-358	17
ENST00000380492.8	480-483	15
ENST00000380502.8	2950-2953	24
ENST00000380516.7	1974-1977	17
ENST00000380525.9	1454-1457	20
ENST00000380527.3	710-713	21
ENST00000380539.7	504-507	17
ENST00000380542.9	429-432	21
ENST00000380579.6	335-338	19
ENST00000380591.8	688-691	23
ENST00000380615.8	1324-1327	19
ENST00000380629.7	413-416	18
ENST00000380639.10	166-169	13
ENST00000380649.8	2229-2232	21
ENST00000380656.7	276-279	18
ENST00000380668.10	284-287	21
ENST00000380680.5	1172-1175	18
ENST00000380707.9	785-788	19
ENST00000380728.7	538-541	16
ENST00000380729.8	353-356	28
ENST00000380733.9	367-370	22
ENST00000380737.8	783-786	20
ENST00000380739.6	756-759	20
ENST00000380743.9	785-788	19
ENST00000380749.10	390-393	24
ENST00000380750.8	228-231	16
ENST00000380752.10	1740-1743	22
ENST00000380762.5	817-820	14
ENST00000380773.9	1760-1763	19
ENST00000380815.5	540-543	21
ENST00000380817.8	435-438	19
ENST00000380821.8	1222-1225	18
ENST00000380822.9	333-336	17
ENST00000380834.7	820-823	20
ENST00000380842.5	100-103	21
ENST00000380843.9	457-460	21
ENST00000380876.5	2479-2482	24
ENST00000380877.8	1123-1126	17
ENST00000380903.7	2018-2021	24
ENST00000380909.9	1016-1019	19
ENST00000380950.7	974-977	15
ENST00000380958.8	2738-2741	15
ENST00000380985.10	1153-1156	19
ENST00000380986.9	235-238	18
ENST00000381006.8	2011-2014	16
ENST00000381007.9	446-449	16
ENST00000381020.8	948-951	19
ENST00000381031.8	500-503	18
ENST00000381070.8	1414-1417	19
ENST00000381120.8	135-138	21
ENST00000381125.9	774-777	22
ENST00000381151.5	1014-1017	19
ENST00000381199.8	417-420	18
ENST00000381209.8	308-311	22
ENST00000381232.8	2889-2892	26
ENST00000381237.6	1289-1292	23
ENST00000381249.4	828-831	22
ENST00000381254.7	1660-1663	16
ENST00000381271.7	806-809	19
ENST00000381295.7	742-745	21
ENST00000381298.7	655-658	23
ENST00000381309.8	2795-2798	20
ENST00000381318.8	2531-2534	20
ENST00000381334.10	977-980	24
ENST00000381340.8	1925-1928	15
ENST00000381342.7	222-225	17
ENST00000381344.8	617-620	20
ENST00000381346.9	754-757	19
ENST00000381356.9	240-243	15
ENST00000381410.5	1055-1058	21
ENST00000381431.10	913-916	17
ENST00000381482.8	1390-1393	18
ENST00000381525.8	588-591	18
ENST00000381527.8	1599-1602	20
ENST00000381554.8	253-256	16
ENST00000381571.6	150-153	18
ENST00000381588.9	1634-1637	25
ENST00000381604.9	1603-1606	13
ENST00000381638.7	834-837	20
ENST00000381647.7	780-783	21
ENST00000381685.10	2151-2154	25
ENST00000381736.8	1172-1175	19
ENST00000381750.9	727-730	18
ENST00000381774.9	756-759	22
ENST00000381801.6	1618-1621	16
ENST00000381809.8	706-709	17
ENST00000381815.9	1126-1129	27
ENST00000381854.4	214-217	15
ENST00000381883.5	844-847	15
ENST00000381884.9	2855-2858	15
ENST00000381920.8	476-479	14
ENST00000381937.9	457-460	20
ENST00000381962.4	219-222	16
ENST00000381967.9	896-899	22
ENST00000381989.4	1055-1058	18
ENST00000382038.7	884-887	17
ENST00000382044.9	2138-2141	21
ENST00000382103.7	1154-1157	16
ENST00000382125.9	465-468	15
ENST00000382142.8	2081-2084	16
ENST00000382172.4	2015-2018	17
ENST00000382199.7	790-793	18
ENST00000382247.6	1603-1606	16
ENST00000382252.6	632-635	20
ENST00000382285.7	679-682	16
ENST00000382292.9	4417-4420	22
ENST00000382361.8	1015-1018	18
ENST00000382363.8	1139-1142	16
ENST00000382368.8	180-183	16
ENST00000382374.9	1153-1156	19
ENST00000382405.8	97-100	24
ENST00000382409.4	202-205	24
ENST00000382533.9	536-539	19
ENST00000382564.8	143-146	16
ENST00000382581.5	430-433	22
ENST00000382723.5	247-250	25
ENST00000382743.9	389-392	15
ENST00000382745.9	408-411	17
ENST00000382751.4	4380-4383	21
ENST00000382753.5	132-135	18
ENST00000382758.6	156-159	20
ENST00000382762.8	402-405	29
ENST00000382882.9	273-276	21
ENST00000382936.8	1182-1185	18
ENST00000382952.8	970-973	22
ENST00000383202.7	2964-2967	22
ENST00000383314.7	786-789	19
ENST00000383432.8	402-405	23
ENST00000383463.9	602-605	19
ENST00000383657.10	446-449	19
ENST00000383678.8	274-277	18
ENST00000383701.8	1789-1792	13
ENST00000383790.8	444-447	23
ENST00000383791.8	1120-1123	19
ENST00000383794.7	81-84	18
ENST00000383820.10	306-309	19
ENST00000383829.7	2040-2043	17
ENST00000388712.7	721-724	18
ENST00000388752.8	452-455	20
ENST00000388761.4	744-747	13
ENST00000388798.7	2048-2051	13
ENST00000388822.10	527-530	25
ENST00000388825.9	274-277	22
ENST00000388835.4	647-650	19
ENST00000388901.10	792-795	24
ENST00000388968.8	625-628	18
ENST00000388988.9	442-445	15
ENST00000388995.11	409-412	18
ENST00000389005.6	467-470	21
ENST00000389017.6	958-961	23
ENST00000389032.8	1297-1300	17
ENST00000389054.8	1802-1805	17
ENST00000389061.10	1381-1384	21
ENST00000389063.3	313-316	30
ENST00000389082.10	1732-1735	19
ENST00000389120.8	490-493	19
ENST00000389221.9	1300-1303	26
ENST00000389253.9	788-791	19
ENST00000389266.8	1376-1379	24
ENST00000389301.8	533-536	20
ENST00000389501.9	214-217	19
ENST00000389532.9	5067-5070	17
ENST00000389561.7	1276-1279	19
ENST00000389617.9	1394-1397	13
ENST00000389622.7	1681-1684	16
ENST00000389629.9	564-567	22
ENST00000389677.6	557-560	12
ENST00000389682.8	309-312	20
ENST00000389704.4	236-239	22
ENST00000389709.8	1055-1058	19
ENST00000389737.5	1504-1507	16
ENST00000389749.9	128-131	15
ENST00000389759.8	470-473	16
ENST00000389797.8	1286-1289	14
ENST00000389805.9	1259-1262	17
ENST00000389834.9	164-167	19
ENST00000389851.10	1179-1182	11
ENST00000389857.11	4402-4405	18
ENST00000389879.9	195-198	18
ENST00000389902.8	582-585	20
ENST00000389912.7	189-192	18
ENST00000389915.4	543-546	16
ENST00000389919.8	1199-1202	20
ENST00000389924.7	2146-2149	22
ENST00000390658.4	583-586	20
ENST00000390667.11	445-448	18
ENST00000391440.3	236-239	21
ENST00000391701.1	407-410	21
ENST00000391759.6	766-769	26
ENST00000391842.6	680-683	22
ENST00000391854.7	422-425	13
ENST00000391857.9	454-457	19
ENST00000391860.7	1163-1166	15
ENST00000391945.10	1623-1626	19
ENST00000391946.7	1221-1224	14
ENST00000391971.7	639-642	22
ENST00000391980.7	797-800	17
ENST00000392006.8	2655-2658	23
ENST00000392011.7	1443-1446	15
ENST00000392017.9	1337-1340	16
ENST00000392038.7	1038-1041	19
ENST00000392062.7	1226-1229	17
ENST00000392070.7	806-809	13
ENST00000392092.7	915-918	17
ENST00000392102.6	1151-1154	20
ENST00000392132.7	899-902	21
ENST00000392142.9	667-670	19
ENST00000392185.8	1350-1353	26
ENST00000392219.7	336-339	17
ENST00000392222.7	721-724	19
ENST00000392238.3	1626-1629	26
ENST00000392246.7	164-167	14
ENST00000392250.7	1788-1791	16
ENST00000392271.6	1236-1239	22
ENST00000392283.9	561-564	21
ENST00000392290.6	580-583	21
ENST00000392318.8	3163-3166	21
ENST00000392325.9	1070-1073	18
ENST00000392329.7	842-845	18
ENST00000392349.9	398-401	14
ENST00000392359.8	212-215	16
ENST00000392373.7	421-424	12
ENST00000392403.8	2532-2535	17
ENST00000392446.10	625-628	24
ENST00000392455.9	1496-1499	20
ENST00000392477.7	220-223	19
ENST00000392514.9	857-860	22
ENST00000392521.7	124-127	17
ENST00000392523.9	532-535	22
ENST00000392524.7	438-441	26
ENST00000392533.8	2268-2271	13
ENST00000392539.4	1178-1181	20
ENST00000392550.8	798-801	19
ENST00000392554.8	1649-1652	19
ENST00000392568.7	499-502	16
ENST00000392589.6	1061-1064	18
ENST00000392634.9	1829-1832	17
ENST00000392647.7	1626-1629	19
ENST00000392692.8	1297-1300	27
ENST00000392708.9	1614-1617	25
ENST00000392745.8	2075-2078	14
ENST00000392749.7	936-939	20
ENST00000392750.7	790-793	18
ENST00000392837.9	868-871	17
ENST00000392844.8	874-877	19
ENST00000392857.10	758-761	18
ENST00000392863.6	200-203	16
ENST00000392872.8	574-577	20
ENST00000392876.8	618-621	17
ENST00000392882.7	423-426	24
ENST00000392894.8	956-959	22
ENST00000392920.8	1171-1174	13
ENST00000392981.7	2316-2319	17
ENST00000392993.7	475-478	13
ENST00000393033.9	1225-1228	25
ENST00000393038.3	420-423	22
ENST00000393045.7	1186-1189	20
ENST00000393047.8	1256-1259	17
ENST00000393077.3	246-249	18
ENST00000393085.4	448-451	17
ENST00000393094.7	2101-2104	18
ENST00000393110.7	1654-1657	21
ENST00000393114.8	356-359	18
ENST00000393119.7	580-583	20
ENST00000393196.8	543-546	17
ENST00000393203.3	2451-2454	21
ENST00000393232.6	120-123	16
ENST00000393238.8	2581-2584	12
ENST00000393256.8	759-762	17
ENST00000393261.8	98-101	19
ENST00000393274.6	1960-1963	12
ENST00000393295.8	601-604	17
ENST00000393346.8	1132-1135	17
ENST00000393359.7	2699-2702	17
ENST00000393366.7	424-427	15
ENST00000393370.7	768-771	24
ENST00000393381.3	400-403	27
ENST00000393409.3	3015-3018	21
ENST00000393427.7	182-185	20
ENST00000393432.9	993-996	20
ENST00000393459.6	701-704	15
ENST00000393486.6	1133-1136	12
ENST00000393487.6	329-332	12
ENST00000393537.5	428-431	19
ENST00000393562.10	1314-1317	20
ENST00000393565.6	2123-2126	23
ENST00000393599.3	446-449	12
ENST00000393600.8	956-959	22
ENST00000393609.8	883-886	20
ENST00000393630.8	4606-4609	18
ENST00000393651.8	1117-1120	22
ENST00000393674.7	944-947	17
ENST00000393693.7	426-429	11
ENST00000393695.8	5563-5566	22
ENST00000393708.3	337-340	18
ENST00000393760.6	451-454	15
ENST00000393765.7	854-857	15
ENST00000393784.8	340-343	24
ENST00000393792.3	432-435	15
ENST00000393795.8	256-259	16
ENST00000393796.4	555-558	26
ENST00000393800.7	2822-2825	20
ENST00000393812.4	817-820	24
ENST00000393818.3	940-943	24
ENST00000393868.7	542-545	21
ENST00000393885.9	438-441	15
ENST00000393892.8	456-459	17
ENST00000393909.7	814-817	21
ENST00000393915.9	1990-1993	17
ENST00000393927.9	427-430	12
ENST00000393928.6	1303-1306	22
ENST00000393931.8	138-141	20
ENST00000393960.7	1303-1306	15
ENST00000393965.8	299-302	14
ENST00000393985.8	825-828	24
ENST00000394030.8	1644-1647	15
ENST00000394048.10	3062-3065	25
ENST00000394053.7	627-630	20
ENST00000394067.7	654-657	18
ENST00000394070.7	913-916	18
ENST00000394077.8	198-201	16
ENST00000394095.7	409-412	13
ENST00000394106.7	788-791	20
ENST00000394128.7	136-139	23
ENST00000394140.9	368-371	19
ENST00000394144.9	951-954	19
ENST00000394152.7	569-572	19
ENST00000394166.8	2438-2441	24
ENST00000394196.9	1172-1175	18
ENST00000394198.7	261-264	21
ENST00000394215.7	1106-1109	13
ENST00000394222.8	272-275	17
ENST00000394223.2	382-385	18
ENST00000394231.8	328-331	18
ENST00000394236.9	585-588	15
ENST00000394249.8	1159-1162	20
ENST00000394252.4	397-400	16
ENST00000394258.7	893-896	18
ENST00000394264.7	394-397	15
ENST00000394272.8	198-201	19
ENST00000394295.6	916-919	20
ENST00000394308.8	435-438	20
ENST00000394334.7	1083-1086	22
ENST00000394349.9	146-149	24
ENST00000394363.6	715-718	13
ENST00000394391.9	525-528	22
ENST00000394412.8	549-552	17
ENST00000394419.9	2868-2871	19
ENST00000394420.9	1622-1625	19
ENST00000394422.8	2324-2327	19
ENST00000394434.7	1756-1759	24
ENST00000394440.8	1541-1544	24
ENST00000394456.10	796-799	24
ENST00000394464.7	1974-1977	18
ENST00000394479.4	660-663	17
ENST00000394485.5	182-185	16
ENST00000394505.7	1376-1379	19
ENST00000394518.7	4794-4797	18
ENST00000394520.7	252-255	23
ENST00000394552.4	269-272	23
ENST00000394553.6	1369-1372	18
ENST00000394610.7	375-378	18
ENST00000394636.9	1567-1570	18
ENST00000394650.7	257-260	20
ENST00000394657.12	460-463	20
ENST00000394667.8	301-304	22
ENST00000394670.9	381-384	22
ENST00000394671.8	224-227	16
ENST00000394672.8	938-941	15
ENST00000394688.8	232-235	22
ENST00000394708.7	1391-1394	13
ENST00000394718.4	495-498	14
ENST00000394725.3	938-941	20
ENST00000394752.8	2497-2500	15
ENST00000394773.7	2049-2052	17
ENST00000394780.8	85-88	21
ENST00000394785.9	806-809	13
ENST00000394817.7	443-446	13
ENST00000394818.8	350-353	24
ENST00000394854.8	1798-1801	23
ENST00000394859.8	1531-1534	20
ENST00000394861.3	1529-1532	13
ENST00000394876.7	396-399	16
ENST00000394885.8	447-450	20
ENST00000394886.7	584-587	22
ENST00000394890.7	835-838	21
ENST00000394894.8	748-751	19
ENST00000394900.8	1231-1234	16
ENST00000394908.9	285-288	19
ENST00000394909.7	1194-1197	14
ENST00000394936.8	315-318	21
ENST00000394947.8	3139-3142	18
ENST00000394963.9	1126-1129	17
ENST00000394975.3	449-452	24
ENST00000394976.4	803-806	22
ENST00000394987.5	2640-2643	21
ENST00000394991.8	633-636	20
ENST00000395042.2	713-716	16
ENST00000395064.3	1303-1306	16
ENST00000395066.9	186-189	18
ENST00000395067.7	521-524	15
ENST00000395068.9	1095-1098	21
ENST00000395076.9	1065-1068	19
ENST00000395081.7	240-243	19
ENST00000395091.3	348-351	18
ENST00000395146.9	2369-2372	14
ENST00000395159.7	539-542	14
ENST00000395176.3	543-546	20
ENST00000395245.9	743-746	13
ENST00000395284.8	931-934	26
ENST00000395310.7	1225-1228	22
ENST00000395314.8	2698-2701	23
ENST00000395326.8	125-128	17
ENST00000395343.6	1676-1679	24
ENST00000395366.3	577-580	24
ENST00000395384.9	798-801	16
ENST00000395386.7	1195-1198	17
ENST00000395418.8	252-255	13
ENST00000395422.4	480-483	18
ENST00000395443.7	1921-1924	21
ENST00000395468.9	731-734	16
ENST00000395510.7	570-573	21
ENST00000395511.8	197-200	14
ENST00000395527.9	675-678	19
ENST00000395550.7	1364-1367	15
ENST00000395564.9	844-847	18
ENST00000395566.9	487-490	18
ENST00000395571.8	2683-2686	21
ENST00000395604.8	144-147	18
ENST00000395675.7	735-738	19
ENST00000395686.8	305-308	18
ENST00000395693.8	548-551	24
ENST00000395694.7	1115-1118	22
ENST00000395699.5	449-452	26
ENST00000395715.8	2763-2766	14
ENST00000395787.4	164-167	15
ENST00000395799.8	2918-2921	19
ENST00000395841.7	586-589	15
ENST00000395860.7	50-53	19
ENST00000395863.8	1059-1062	18
ENST00000395878.8	601-604	26
ENST00000395915.8	125-128	16
ENST00000395925.8	1586-1589	15
ENST00000395952.8	1702-1705	20
ENST00000395958.6	799-802	20
ENST00000395965.8	450-453	17
ENST00000396027.9	148-151	18
ENST00000396049.5	439-442	17
ENST00000396056.7	677-680	20
ENST00000396060.7	366-369	21
ENST00000396062.4	574-577	24
ENST00000396077.8	642-645	19
ENST00000396083.7	280-283	23
ENST00000396105.6	5281-5284	12
ENST00000396124.9	92-95	13
ENST00000396128.9	501-504	17
ENST00000396137.5	2563-2566	17
ENST00000396153.7	1188-1191	22
ENST00000396161.10	988-991	12
ENST00000396172.6	990-993	18
ENST00000396197.8	128-131	16
ENST00000396203.7	637-640	15
ENST00000396210.8	244-247	15
ENST00000396268.8	646-649	19
ENST00000396271.8	1288-1291	21
ENST00000396290.2	290-293	18
ENST00000396308.4	164-167	22
ENST00000396319.7	730-733	22
ENST00000396354.6	492-495	14
ENST00000396368.8	3297-3300	15
ENST00000396386.7	473-476	22
ENST00000396388.3	735-738	20
ENST00000396394.7	840-843	21
ENST00000396398.8	1166-1169	15
ENST00000396410.9	936-939	25
ENST00000396432.7	6007-6010	22
ENST00000396442.7	1121-1124	20
ENST00000396463.7	194-197	20
ENST00000396478.4	719-722	21
ENST00000396496.7	241-244	18
ENST00000396551.9	652-655	12
ENST00000396591.8	1781-1784	21
ENST00000396602.7	183-186	16
ENST00000396618.9	899-902	21
ENST00000396628.7	543-546	24
ENST00000396651.8	606-609	17
ENST00000396654.7	336-339	20
ENST00000396668.8	734-737	19
ENST00000396679.6	233-236	21
ENST00000396703.6	548-551	20
ENST00000396705.10	417-420	19
ENST00000396777.8	1019-1022	24
ENST00000396819.8	790-793	16
ENST00000396825.4	390-393	21
ENST00000396832.6	784-787	23
ENST00000396842.7	425-428	16
ENST00000396852.9	436-439	16
ENST00000396865.7	691-694	19
ENST00000396912.2	620-623	28
ENST00000396914.4	248-251	22
ENST00000396926.8	1297-1300	17
ENST00000396954.8	709-712	23
ENST00000396958.8	645-648	14
ENST00000396981.7	455-458	19
ENST00000396987.7	1623-1626	17
ENST00000397061.4	491-494	25
ENST00000397062.8	1075-1078	17
ENST00000397066.9	152-155	18
ENST00000397080.8	346-349	15
ENST00000397098.8	1312-1315	22
ENST00000397119.8	1962-1965	25
ENST00000397120.8	241-244	15
ENST00000397128.7	209-212	24
ENST00000397130.8	195-198	13
ENST00000397149.4	360-363	20
ENST00000397166.7	343-346	18
ENST00000397167.6	651-654	18
ENST00000397195.10	957-960	20
ENST00000397224.9	270-273	18
ENST00000397238.7	531-534	23
ENST00000397256.5	287-290	26
ENST00000397261.8	319-322	18
ENST00000397292.8	1880-1883	18
ENST00000397298.8	286-289	23
ENST00000397312.7	1299-1302	17
ENST00000397333.4	638-641	15
ENST00000397356.8	743-746	21
ENST00000397375.7	270-273	24
ENST00000397394.8	2277-2280	16
ENST00000397397.7	580-583	14
ENST00000397410.10	554-557	21
ENST00000397412.8	1496-1499	19
ENST00000397420.9	510-513	21
ENST00000397443.7	621-624	20
ENST00000397456.2	141-144	17
ENST00000397457.7	259-262	20
ENST00000397496.7	212-215	14
ENST00000397510.9	222-225	15
ENST00000397514.8	407-410	16
ENST00000397527.6	1144-1147	16
ENST00000397560.7	898-901	15
ENST00000397572.5	325-328	27
ENST00000397583.8	818-821	12
ENST00000397588.8	1172-1175	19
ENST00000397609.6	350-353	23
ENST00000397622.7	379-382	18
ENST00000397625.9	914-917	18
ENST00000397641.8	1731-1734	20
ENST00000397659.9	561-564	20
ENST00000397668.8	283-286	23
ENST00000397676.8	313-316	15
ENST00000397677.6	1980-1983	19
ENST00000397701.9	364-367	20
ENST00000397712.7	448-451	23
ENST00000397728.8	395-398	18
ENST00000397752.8	4083-4086	13
ENST00000397762.6	270-273	14
ENST00000397764.8	210-213	15
ENST00000397778.7	805-808	14
ENST00000397786.7	1315-1318	23
ENST00000397809.10	516-519	12
ENST00000397821.8	1268-1271	22
ENST00000397843.7	4275-4278	22
ENST00000397885.3	406-409	24
ENST00000397901.8	642-645	16
ENST00000397906.7	456-459	21
ENST00000397912.3	475-478	18
ENST00000397938.7	1128-1131	23
ENST00000397942.4	1495-1498	18
ENST00000397977.8	608-611	18
ENST00000397979.4	680-683	17
ENST00000398004.4	469-472	17
ENST00000398022.7	510-513	18
ENST00000398055.8	152-155	15
ENST00000398073.7	663-666	16
ENST00000398092.4	650-653	26
ENST00000398136.7	316-319	21
ENST00000398145.7	954-957	18
ENST00000398153.7	203-206	18
ENST00000398165.8	561-564	19
ENST00000398174.9	860-863	18
ENST00000398208.3	116-119	18
ENST00000398238.8	827-830	19
ENST00000398246.8	1684-1687	17
ENST00000398333.7	1184-1187	24
ENST00000398344.9	357-360	21
ENST00000398473.7	1275-1278	19
ENST00000398532.9	1650-1653	16
ENST00000398548.6	984-987	19
ENST00000398559.7	922-925	19
ENST00000398571.7	5078-5081	17
ENST00000398606.10	320-323	16
ENST00000398637.10	1776-1779	20
ENST00000398665.8	1488-1491	21
ENST00000398675.8	1539-1542	19
ENST00000398712.7	488-491	15
ENST00000398733.8	684-687	17
ENST00000398752.11	770-773	18
ENST00000398805.8	1136-1139	21
ENST00000398831.8	1132-1135	18
ENST00000398844.7	2728-2731	17
ENST00000398868.8	308-311	17
ENST00000398881.4	133-136	18
ENST00000398955.2	490-493	12
ENST00000399004.7	142-145	19
ENST00000399022.9	347-350	17
ENST00000399050.10	3180-3183	18
ENST00000399069.8	289-292	18
ENST00000399138.5	818-821	18
ENST00000399233.7	1763-1766	16
ENST00000399262.7	5232-5235	18
ENST00000399277.6	476-479	13
ENST00000399292.8	273-276	17
ENST00000399312.3	417-420	15
ENST00000399332.6	2242-2245	21
ENST00000399336.9	1546-1549	20
ENST00000399395.8	67-70	23
ENST00000399410.8	2011-2014	20
ENST00000399438.8	145-148	19
ENST00000399440.7	99-102	23
ENST00000399464.7	479-482	20
ENST00000399496.8	393-396	13
ENST00000399503.4	1132-1135	17
ENST00000399562.9	182-185	14
ENST00000399583.4	1463-1466	14
ENST00000399598.7	511-514	16
ENST00000399602.9	202-205	17
ENST00000399668.7	3524-3527	17
ENST00000399703.6	482-485	20
ENST00000399744.8	786-789	26
ENST00000399788.7	2794-2797	22
ENST00000399799.3	3141-3144	19
ENST00000399820.8	155-158	24
ENST00000399892.7	936-939	20
ENST00000399903.7	1923-1926	18
ENST00000399932.8	272-275	19
ENST00000399976.7	187-190	23
ENST00000400000.7	448-451	23
ENST00000400075.4	1008-1011	19
ENST00000400137.9	125-128	16
ENST00000400159.7	540-543	15
ENST00000400181.9	1860-1863	21
ENST00000400183.7	3331-3334	15
ENST00000400198.8	344-347	22
ENST00000400206.7	964-967	23
ENST00000400256.5	730-733	15
ENST00000400288.7	1008-1011	13
ENST00000400299.6	198-201	18
ENST00000400324.9	2358-2361	17
ENST00000400335.9	366-369	14
ENST00000400345.8	1935-1938	17
ENST00000400485.6	2036-2039	18
ENST00000400521.7	495-498	15
ENST00000400556.8	1527-1530	23
ENST00000400590.8	264-267	14
ENST00000400677.5	369-372	23
ENST00000400788.9	179-182	17
ENST00000400809.8	371-374	17
ENST00000400889.3	1015-1018	16
ENST00000400908.7	943-946	18
ENST00000400968.7	1725-1728	22
ENST00000401041.6	150-153	20
ENST00000401061.9	630-633	18
ENST00000401073.7	467-470	20
ENST00000401088.9	157-160	28
ENST00000401500.7	621-624	15
ENST00000401558.7	969-972	27
ENST00000401592.6	2257-2260	22
ENST00000401642.8	795-798	19
ENST00000401707.7	1051-1054	22
ENST00000401827.8	1570-1573	12
ENST00000401878.8	1596-1599	18
ENST00000401949.6	958-961	22
ENST00000401950.7	2615-2618	22
ENST00000401959.6	218-221	15
ENST00000402010.8	2515-2518	17
ENST00000402050.7	1697-1700	21
ENST00000402198.7	680-683	18
ENST00000402219.8	3830-3833	18
ENST00000402291.6	975-978	13
ENST00000402297.6	236-239	12
ENST00000402312.8	1013-1016	14
ENST00000402412.6	3333-3336	13
ENST00000402558.7	593-596	14
ENST00000402673.7	530-533	19
ENST00000402676.7	1745-1748	21
ENST00000402686.8	543-546	18
ENST00000402744.9	1258-1261	23
ENST00000402774.8	1854-1857	18
ENST00000402868.8	1072-1075	23
ENST00000402939.7	2293-2296	19
ENST00000403028.8	352-355	13
ENST00000403231.6	1015-1018	16
ENST00000403245.8	1605-1608	12
ENST00000403359.8	1522-1525	23
ENST00000403490.3	599-602	18
ENST00000403491.8	369-372	17
ENST00000403681.7	998-1001	19
ENST00000403733.8	3253-3256	15
ENST00000403734.2	2358-2361	19
ENST00000403766.8	892-895	17
ENST00000403825.8	1567-1570	16
ENST00000403888.8	376-379	21
ENST00000403994.9	320-323	17
ENST00000404125.6	5438-5441	24
ENST00000404141.6	3138-3141	19
ENST00000404169.8	1367-1370	19
ENST00000404249.8	116-119	25
ENST00000404276.6	1516-1519	16
ENST00000404530.6	618-621	17
ENST00000404537.6	487-490	20
ENST00000404589.8	363-366	15
ENST00000404739.8	640-643	14
ENST00000404760.6	1354-1357	20
ENST00000404767.8	1989-1992	19
ENST00000404789.8	368-371	15
ENST00000404816.7	1839-1842	23
ENST00000404914.8	76-79	22
ENST00000404929.6	1132-1135	20
ENST00000404933.7	866-869	18
ENST00000405094.2	663-666	20
ENST00000405159.8	301-304	20
ENST00000405201.6	7360-7363	17
ENST00000405303.7	458-461	13
ENST00000405315.9	1095-1098	22
ENST00000405655.8	792-795	16
ENST00000405709.7	947-950	11
ENST00000405858.6	1943-1946	21
ENST00000405876.9	1638-1641	16
ENST00000405912.8	1025-1028	14
ENST00000405975.7	783-786	18
ENST00000406189.4	1120-1123	15
ENST00000406246.8	966-969	19
ENST00000406334.3	378-381	29
ENST00000406360.2	1435-1438	21
ENST00000406438.5	503-506	22
ENST00000406452.8	930-933	19
ENST00000406686.8	1700-1703	11
ENST00000406818.8	757-760	15
ENST00000406854.6	3460-3463	16
ENST00000406875.8	2496-2499	14
ENST00000406877.8	923-926	23
ENST00000406902.6	529-532	12
ENST00000407086.8	750-753	21
ENST00000407193.7	231-234	14
ENST00000407280.4	329-332	18
ENST00000407315.6	915-918	17
ENST00000407364.8	507-510	20
ENST00000407418.8	155-158	23
ENST00000407426.8	692-695	21
ENST00000407464.7	2012-2015	16
ENST00000407558.9	294-297	28
ENST00000407559.8	841-844	16
ENST00000407610.8	351-354	21
ENST00000407627.7	1036-1039	19
ENST00000407690.6	2319-2322	21
ENST00000407818.8	297-300	22
ENST00000407847.5	1395-1398	13
ENST00000408888.8	1260-1263	20
ENST00000408901.8	661-664	23
ENST00000408903.7	1320-1323	15
ENST00000408927.8	1805-1808	15
ENST00000408936.8	883-886	12
ENST00000408946.7	544-547	14
ENST00000408953.4	2046-2049	14
ENST00000408954.8	2647-2650	19
ENST00000408957.7	1272-1275	13
ENST00000409012.6	1563-1566	15
ENST00000409020.6	1109-1112	23
ENST00000409074.8	261-264	18
ENST00000409115.8	188-191	22
ENST00000409134.8	1065-1068	17
ENST00000409140.8	1739-1742	17
ENST00000409155.8	415-418	17
ENST00000409170.3	80-83	19
ENST00000409175.6	1041-1044	19
ENST00000409248.10	375-378	19
ENST00000409262.8	1899-1902	16
ENST00000409293.6	344-347	15
ENST00000409299.8	682-685	11
ENST00000409304.6	1155-1158	19
ENST00000409379.8	1796-1799	23
ENST00000409402.9	1153-1156	22
ENST00000409411.6	388-391	24
ENST00000409418.9	936-939	14
ENST00000409573.7	121-124	14
ENST00000409600.6	208-211	20
ENST00000409644.6	1672-1675	17
ENST00000409682.8	1016-1019	19
ENST00000409687.5	1165-1168	16
ENST00000409690.5	749-752	14
ENST00000409697.8	1850-1853	15
ENST00000409735.9	535-538	25
ENST00000409746.5	1020-1023	16
ENST00000409753.8	274-277	21
ENST00000409757.9	542-545	19
ENST00000409784.8	638-641	15
ENST00000409785.9	1110-1113	17
ENST00000409790.6	1696-1699	16
ENST00000409792.4	6513-6516	19
ENST00000409830.6	1328-1331	12
ENST00000409851.8	3276-3279	20
ENST00000409852.2	495-498	17
ENST00000409858.8	1399-1402	13
ENST00000409883.7	1300-1303	17
ENST00000409900.9	1582-1585	19
ENST00000409906.9	152-155	24
ENST00000409933.6	1736-1739	15
ENST00000409939.8	971-974	18
ENST00000409959.8	1673-1676	21
ENST00000410022.7	376-379	19
ENST00000410042.1	327-330	18
ENST00000410053.8	3196-3199	22
ENST00000410062.9	625-628	20
ENST00000410067.8	386-389	18
ENST00000410111.8	671-674	24
ENST00000411432.6	974-977	16
ENST00000411486.7	74-77	21
ENST00000411646.2	197-200	21
ENST00000411696.7	1507-1510	14
ENST00000411767.7	1083-1086	17
ENST00000411809.7	913-916	28
ENST00000411948.7	75-78	21
ENST00000412278.2	542-545	18
ENST00000412585.7	162-165	21
ENST00000412615.7	527-530	17
ENST00000412716.8	130-133	25
ENST00000412770.7	781-784	21
ENST00000412830.8	1094-1097	20
ENST00000412916.7	724-727	22
ENST00000412997.6	1808-1811	17
ENST00000413034.3	971-974	15
ENST00000413139.2	3050-3053	20
ENST00000413242.6	340-343	18
ENST00000413366.8	1106-1109	18
ENST00000413384.7	3870-3873	19
ENST00000413453.7	288-291	19
ENST00000413518.6	513-516	18
ENST00000413761.7	924-927	15
ENST00000413834.5	98-101	30
ENST00000414144.7	316-319	22
ENST00000414202.7	2591-2594	14
ENST00000414487.7	181-184	22
ENST00000414645.6	117-120	18
ENST00000414716.8	2295-2298	17
ENST00000414820.6	665-668	20
ENST00000415050.3	182-185	24
ENST00000415061.8	593-596	19
ENST00000415083.7	146-149	21
ENST00000415229.6	617-620	21
ENST00000415493.7	572-575	17
ENST00000415807.7	267-270	21
ENST00000415822.8	117-120	20
ENST00000415826.3	427-430	14
ENST00000415914.4	1073-1076	18
ENST00000415922.7	745-748	17
ENST00000416007.9	721-724	22
ENST00000416165.6	1164-1167	20
ENST00000416247.4	600-603	25
ENST00000416274.7	999-1002	17
ENST00000416614.7	2637-2640	22
ENST00000416810.7	274-277	16
ENST00000416858.7	211-214	21
ENST00000416904.5	858-861	20
ENST00000417098.6	2565-2568	20
ENST00000417201.4	655-658	25
ENST00000417314.2	295-298	13
ENST00000417362.7	36-39	24
ENST00000417368.7	386-389	19
ENST00000417410.7	925-928	15
ENST00000417564.3	2278-2281	22
ENST00000417626.8	257-260	19
ENST00000417647.7	680-683	21
ENST00000417826.3	350-353	12
ENST00000417901.6	3648-3651	19
ENST00000418107.3	308-311	15
ENST00000418115.6	219-222	18
ENST00000418260.3	893-896	16
ENST00000418265.1	502-505	18
ENST00000418331.7	3261-3264	15
ENST00000418458.6	202-205	24
ENST00000418476.2	2215-2218	22
ENST00000418532.6	908-911	15
ENST00000418543.8	369-372	17
ENST00000418766.6	5202-5205	15
ENST00000418814.7	1299-1302	14
ENST00000419091.7	414-417	20
ENST00000419234.9	359-362	21
ENST00000419235.7	110-113	18
ENST00000419445.6	962-965	20
ENST00000419617.7	1519-1522	15
ENST00000419783.3	213-216	21
ENST00000419869.7	1239-1242	19
ENST00000419916.8	607-610	17
ENST00000420124.4	6022-6025	15
ENST00000420283.3	973-976	16
ENST00000420613.7	343-346	19
ENST00000420658.6	1342-1345	15
ENST00000420696.7	1506-1509	20
ENST00000420702.6	756-759	16
ENST00000420765.6	3939-3942	17
ENST00000420826.7	323-326	18
ENST00000420843.7	411-414	15
ENST00000420993.7	576-579	18
ENST00000421351.4	529-532	19
ENST00000421367.7	1357-1360	18
ENST00000421553.7	404-407	21
ENST00000421745.7	6436-6439	23
ENST00000421798.5	1175-1178	17
ENST00000421806.4	4204-4207	18
ENST00000421807.7	911-914	18
ENST00000421812.3	2203-2206	17
ENST00000421832.3	624-627	20
ENST00000421852.6	245-248	18
ENST00000421990.7	1219-1222	20
ENST00000421999.8	760-763	22
ENST00000422285.7	378-381	21
ENST00000422318.7	885-888	21
ENST00000422424.7	443-446	19
ENST00000422437.5	644-647	23
ENST00000422440.7	453-456	18
ENST00000422447.8	734-737	25
ENST00000422453.7	498-501	19
ENST00000422514.7	444-447	19
ENST00000422704.7	2847-2850	16
ENST00000422774.2	3858-3861	15
ENST00000422840.7	2480-2483	20
ENST00000422959.8	2274-2277	19
ENST00000422982.8	354-357	17
ENST00000422989.6	893-896	21
ENST00000423312.7	3037-3040	18
ENST00000423381.6	445-448	18
ENST00000423484.3	1363-1366	16
ENST00000423485.6	2796-2799	19
ENST00000423556.7	3170-3173	18
ENST00000423729.3	824-827	17
ENST00000423759.6	2553-2556	19
ENST00000423855.7	1614-1617	15
ENST00000423902.7	3205-3208	19
ENST00000424014.7	168-171	19
ENST00000424266.7	435-438	15
ENST00000424310.7	2120-2123	22
ENST00000424337.7	871-874	20
ENST00000424479.7	163-166	14
ENST00000424491.5	846-849	18
ENST00000424526.7	782-785	18
ENST00000424542.7	455-458	17
ENST00000424785.7	158-161	16
ENST00000424848.3	1174-1177	23
ENST00000424869.6	316-319	14
ENST00000424952.7	368-371	17
ENST00000425241.6	546-549	18
ENST00000425248.5	1784-1787	26
ENST00000425346.6	349-352	12
ENST00000425380.7	404-407	14
ENST00000425432.6	427-430	13
ENST00000425478.7	538-541	18
ENST00000425528.6	453-456	19
ENST00000425534.8	164-167	20
ENST00000425562.7	865-868	22
ENST00000425611.9	680-683	17
ENST00000425642.3	292-295	15
ENST00000425675.7	695-698	18
ENST00000425686.3	1961-1964	13
ENST00000425690.8	934-937	18
ENST00000425753.7	186-189	18
ENST00000425929.6	139-142	13
ENST00000426013.7	638-641	23
ENST00000426077.3	1330-1333	18
ENST00000426105.7	1214-1217	19
ENST00000426126.7	248-251	18
ENST00000426263.10	559-562	18
ENST00000426333.7	2802-2805	24
ENST00000426508.7	1103-1106	17
ENST00000426546.7	607-610	15
ENST00000426595.1	1509-1512	23
ENST00000426677.7	312-315	21
ENST00000426820.7	2458-2461	20
ENST00000427159.7	2954-2957	20
ENST00000427177.6	1099-1102	20
ENST00000427190.6	268-271	16
ENST00000427197.2	971-974	15
ENST00000427358.5	480-483	20
ENST00000427363.7	1567-1570	15
ENST00000427478.7	382-385	13
ENST00000427482.7	202-205	16
ENST00000427569.7	365-368	20
ENST00000427575.6	477-480	16
ENST00000427587.9	140-143	19
ENST00000427738.8	1721-1724	19
ENST00000427836.8	889-892	15
ENST00000427926.6	1464-1467	15
ENST00000428135.7	2428-2431	14
ENST00000428149.7	1089-1092	16
ENST00000428202.7	566-569	16
ENST00000428216.4	593-596	20
ENST00000428304.7	517-520	13
ENST00000428443.8	2309-2312	18
ENST00000428468.6	685-688	23
ENST00000428559.7	295-298	15
ENST00000428670.8	2642-2645	19
ENST00000428708.7	1616-1619	20
ENST00000428826.7	2208-2211	22
ENST00000428849.7	1567-1570	22
ENST00000428931.6	439-442	20
ENST00000429027.7	3745-3748	15
ENST00000429094.7	1754-1757	20
ENST00000429243.7	514-517	17
ENST00000429260.7	324-327	17
ENST00000429344.7	142-145	19
ENST00000429360.6	749-752	21
ENST00000429436.7	2628-2631	24
ENST00000429544.7	574-577	22
ENST00000429584.3	765-768	11
ENST00000429586.7	1377-1380	16
ENST00000429602.7	1879-1882	15
ENST00000429644.7	662-665	14
ENST00000429687.8	136-139	17
ENST00000429709.7	1076-1079	18
ENST00000429711.7	164-167	23
ENST00000429722.3	878-881	17
ENST00000429772.7	188-191	24
ENST00000429989.8	454-457	19
ENST00000430044.7	1338-1341	16
ENST00000430046.7	365-368	17
ENST00000430070.7	541-544	16
ENST00000430262.3	1977-1980	17
ENST00000430297.7	750-753	13
ENST00000430334.8	180-183	14
ENST00000430365.7	598-601	23
ENST00000430524.6	498-501	18
ENST00000430566.6	680-683	20
ENST00000430889.3	496-499	17
ENST00000430969.6	820-823	18
ENST00000431016.6	1193-1196	19
ENST00000431156.7	315-318	16
ENST00000431232.7	424-427	11
ENST00000431350.7	1281-1284	16
ENST00000431388.3	61-64	18
ENST00000431391.1	307-310	13
ENST00000431473.4	485-488	10
ENST00000431489.6	1199-1202	15
ENST00000431606.5	657-660	15
ENST00000431670.7	3170-3173	13
ENST00000431828.6	1841-1844	19
ENST00000431843.7	1239-1242	21
ENST00000431877.7	3628-3631	20
ENST00000431975.7	756-759	14
ENST00000432126.7	131-134	19
ENST00000432176.7	639-642	17
ENST00000432226.7	2059-2062	21
ENST00000432641.3	158-161	19
ENST00000432648.8	636-639	17
ENST00000432763.7	1406-1409	22
ENST00000432791.7	870-873	22
ENST00000432825.7	272-275	15
ENST00000432900.7	273-276	25
ENST00000432901.4	255-258	15
ENST00000432920.2	396-399	22
ENST00000433017.6	913-916	20
ENST00000433060.3	1533-1536	20
ENST00000433351.7	124-127	19
ENST00000433386.7	356-359	19
ENST00000433395.7	849-852	20
ENST00000433529.7	243-246	19
ENST00000433642.3	297-300	14
ENST00000433688.2	2046-2049	14
ENST00000433866.7	237-240	22
ENST00000433976.7	1434-1437	21
ENST00000433985.7	562-565	19
ENST00000434316.7	1599-1602	15
ENST00000434397.3	706-709	17
ENST00000434415.6	651-654	19
ENST00000434423.5	1629-1632	21
ENST00000434436.8	1032-1035	20
ENST00000434457.7	2585-2588	21
ENST00000434526.8	383-386	16
ENST00000434581.7	437-440	14
ENST00000434634.7	12-15	22
ENST00000434651.7	155-158	20
ENST00000434724.7	743-746	20
ENST00000434821.7	2184-2187	12
ENST00000434935.7	598-601	14
ENST00000435030.6	2380-2383	13
ENST00000435041.3	345-348	17
ENST00000435064.6	814-817	24
ENST00000435070.7	1686-1689	23
ENST00000435224.3	1687-1690	18
ENST00000435456.7	479-482	28
ENST00000435504.9	2422-2425	16
ENST00000435506.7	720-723	16
ENST00000435532.8	1650-1653	19
ENST00000435634.3	67-70	16
ENST00000435822.6	855-858	21
ENST00000435881.7	538-541	18
ENST00000435907.6	1881-1884	14
ENST00000435962.7	658-661	14
ENST00000436063.7	424-427	20
ENST00000436066.4	796-799	18
ENST00000436088.6	1252-1255	19
ENST00000436233.9	1702-1705	19
ENST00000436346.7	6045-6048	20
ENST00000436547.7	661-664	20
ENST00000436587.7	462-465	17
ENST00000436636.7	3894-3897	20
ENST00000436639.7	1652-1655	19
ENST00000436697.3	416-419	13
ENST00000436784.7	595-598	14
ENST00000436874.6	368-371	20
ENST00000437048.7	1801-1804	18
ENST00000437139.7	493-496	16
ENST00000437150.7	423-426	15
ENST00000437198.7	1446-1449	23
ENST00000438015.7	1161-1164	20
ENST00000438032.6	1494-1497	26
ENST00000438166.7	806-809	17
ENST00000438320.7	371-374	14
ENST00000438576.3	691-694	24
ENST00000438607.2	127-130	20
ENST00000438666.7	1309-1312	21
ENST00000438737.3	1483-1486	21
ENST00000438747.7	336-339	20
ENST00000438773.4	1091-1094	17
ENST00000438793.8	2421-2424	16
ENST00000438911.6	206-209	14
ENST00000438925.7	665-668	17
ENST00000438980.7	1646-1649	11
ENST00000438998.7	166-169	16
ENST00000439151.7	431-434	21
ENST00000439174.7	1089-1092	18
ENST00000439211.7	857-860	21
ENST00000439424.6	310-313	16
ENST00000439461.6	84-87	19
ENST00000439502.7	739-742	16
ENST00000439561.7	1071-1074	23
ENST00000439602.7	279-282	20
ENST00000439958.8	129-132	25
ENST00000439977.7	532-535	15
ENST00000440232.7	117-120	24
ENST00000440378.6	594-597	19
ENST00000440411.8	2947-2950	16
ENST00000440460.7	1096-1099	14
ENST00000440486.8	1874-1877	13
ENST00000440859.8	688-691	16
ENST00000440863.7	714-717	20
ENST00000440869.7	484-487	19
ENST00000440940.7	153-156	27
ENST00000440944.6	616-619	17
ENST00000440978.2	1607-1610	20
ENST00000441076.7	741-744	20
ENST00000441174.8	403-406	18
ENST00000441222.8	364-367	19
ENST00000441236.3	1454-1457	18
ENST00000441310.7	2465-2468	16
ENST00000441322.6	288-291	19
ENST00000441448.7	348-351	21
ENST00000441493.7	1306-1309	18
ENST00000441788.7	849-852	15
ENST00000441802.7	6577-6580	24
ENST00000441876.7	1120-1123	16
ENST00000442039.3	411-414	20
ENST00000442196.8	1675-1678	20
ENST00000442218.3	472-475	12
ENST00000442234.6	517-520	13
ENST00000442241.9	523-526	22
ENST00000442253.3	385-388	16
ENST00000442267.3	2728-2731	22
ENST00000442396.7	614-617	18
ENST00000442597.6	322-325	17
ENST00000442668.7	258-261	20
ENST00000442697.7	1100-1103	17
ENST00000442738.7	98-101	16
ENST00000442744.7	169-172	16
ENST00000442966.7	328-331	21
ENST00000442995.4	84-87	26
ENST00000443024.7	3019-3022	20
ENST00000443035.8	1825-1828	23
ENST00000443119.7	809-812	21
ENST00000443185.7	1234-1237	13
ENST00000443272.3	195-198	27
ENST00000443381.7	1541-1544	13
ENST00000443387.3	1637-1640	21
ENST00000443585.6	291-294	12
ENST00000443617.7	2710-2713	18
ENST00000443786.3	1917-1920	13
ENST00000444024.3	1250-1253	17
ENST00000444122.3	537-540	18
ENST00000444129.7	541-544	19
ENST00000444328.7	808-811	15
ENST00000444614.8	615-618	18
ENST00000444643.8	922-925	17
ENST00000444659.6	365-368	17
ENST00000444746.7	5068-5071	22
ENST00000445061.6	2738-2741	20
ENST00000445177.6	1330-1333	19
ENST00000445323.7	1776-1779	19
ENST00000445716.6	270-273	18
ENST00000445755.7	168-171	22
ENST00000445877.6	1247-1250	13
ENST00000445902.3	669-672	16
ENST00000445930.7	398-401	16
ENST00000446050.7	703-706	18
ENST00000446113.7	1924-1927	16
ENST00000446176.7	1048-1051	25
ENST00000446197.8	841-844	19
ENST00000446231.7	4579-4582	27
ENST00000446465.3	1370-1373	17
ENST00000446526.8	1014-1017	23
ENST00000446597.6	432-435	16
ENST00000446859.7	1097-1100	14
ENST00000446868.8	383-386	18
ENST00000446961.4	662-665	13
ENST00000447079.6	3292-3295	24
ENST00000447146.7	276-279	28
ENST00000447266.7	816-819	27
ENST00000447388.8	310-313	18
ENST00000447393.6	2841-2844	12
ENST00000447513.7	680-683	14
ENST00000447540.6	4931-4934	16
ENST00000447601.7	508-511	16
ENST00000447648.7	2903-2906	14
ENST00000447712.7	1265-1268	18
ENST00000447750.7	1424-1427	20
ENST00000447906.8	2407-2410	20
ENST00000447944.7	1017-1020	24
ENST00000447966.7	1099-1102	16
ENST00000447998.7	513-516	18
ENST00000448108.7	228-231	17
ENST00000448116.7	1250-1253	23
ENST00000448120.7	903-906	20
ENST00000448223.7	1468-1471	17
ENST00000448276.7	881-884	24
ENST00000448281.7	1143-1146	19
ENST00000448299.7	319-322	16
ENST00000448469.8	1480-1483	14
ENST00000448521.6	1215-1218	18
ENST00000448552.7	377-380	18
ENST00000448666.7	1707-1710	28
ENST00000448790.7	741-744	23
ENST00000448841.7	790-793	12
ENST00000448903.7	2213-2216	20
ENST00000449022.7	2082-2085	14
ENST00000449058.7	1370-1373	16
ENST00000449105.8	1223-1226	21
ENST00000449191.1	335-338	14
ENST00000449309.2	1296-1299	15
ENST00000449352.7	368-371	18
ENST00000449428.7	238-241	23
ENST00000449592.7	297-300	19
ENST00000449606.7	1378-1381	15
ENST00000449726.6	1674-1677	14
ENST00000449934.7	230-233	17
ENST00000449938.7	3093-3096	17
ENST00000450053.8	4657-4660	17
ENST00000450056.7	1277-1280	18
ENST00000450114.7	351-354	22
ENST00000450136.2	1655-1658	22
ENST00000450142.7	2683-2686	18
ENST00000450169.7	267-270	20
ENST00000450253.7	432-435	18
ENST00000450366.7	1227-1230	18
ENST00000450525.7	521-524	14
ENST00000450536.7	1399-1402	19
ENST00000450673.4	309-312	20
ENST00000450689.7	555-558	14
ENST00000450708.7	808-811	18
ENST00000450735.7	1169-1172	15
ENST00000450791.8	355-358	19
ENST00000450824.7	1480-1483	18
ENST00000450845.7	92-95	12
ENST00000451249.7	527-530	22
ENST00000451270.7	64-67	21
ENST00000451311.7	84-87	25
ENST00000451315.7	750-753	18
ENST00000451429.8	595-598	18
ENST00000451739.7	1184-1187	19
ENST00000451782.7	3231-3234	15
ENST00000451899.7	1439-1442	15
ENST00000451997.6	1876-1879	24
ENST00000452027.3	340-343	21
ENST00000452070.6	487-490	20
ENST00000452135.7	1081-1084	16
ENST00000452236.3	797-800	12
ENST00000452361.5	518-521	21
ENST00000452400.7	2567-2570	20
ENST00000452510.7	3139-3142	20
ENST00000452671.7	956-959	17
ENST00000452733.7	160-163	27
ENST00000452837.7	1303-1306	18
ENST00000452918.7	677-680	18
ENST00000453061.7	561-564	14
ENST00000453153.7	2547-2550	22
ENST00000453190.7	2954-2957	19
ENST00000453200.6	498-501	20
ENST00000453269.7	1177-1180	17
ENST00000453321.8	483-486	17
ENST00000453372.7	423-426	22
ENST00000453386.7	310-313	19
ENST00000453424.7	359-362	20
ENST00000453514.6	831-834	18
ENST00000453744.7	640-643	19
ENST00000453848.7	2811-2814	20
ENST00000453943.6	219-222	16
ENST00000453960.7	358-361	15
ENST00000453996.7	904-907	16
ENST00000454207.2	419-422	16
ENST00000454349.7	1159-1162	19
ENST00000454366.2	251-254	18
ENST00000454376.7	652-655	29
ENST00000454389.6	984-987	18
ENST00000454402.7	677-680	21
ENST00000454422.2	847-850	17
ENST00000454678.7	1461-1464	17
ENST00000454682.6	6063-6066	28
ENST00000454859.8	369-372	20
ENST00000455036.8	2220-2223	18
ENST00000455127.7	348-351	17
ENST00000455140.7	2053-2056	18
ENST00000455146.8	1667-1670	15
ENST00000455385.7	560-563	21
ENST00000455511.9	333-336	19
ENST00000455537.7	2805-2808	12
ENST00000455566.6	573-576	22
ENST00000455785.7	525-528	18
ENST00000455809.6	600-603	18
ENST00000455833.7	974-977	15
ENST00000455895.7	681-684	20
ENST00000456197.2	722-725	21
ENST00000456247.7	707-710	15
ENST00000456283.7	985-988	21
ENST00000456315.7	2192-2195	20
ENST00000456318.6	1210-1213	18
ENST00000456397.7	472-475	17
ENST00000456430.6	83-86	18
ENST00000456471.3	1486-1489	23
ENST00000456790.2	318-321	19
ENST00000456793.2	97-100	14
ENST00000456849.2	1694-1697	23
ENST00000456909.6	3024-3027	14
ENST00000456914.7	1089-1092	14
ENST00000456935.7	1892-1895	19
ENST00000456936.4	469-472	17
ENST00000457167.9	1247-1250	19
ENST00000457308.6	2530-2533	19
ENST00000457354.7	475-478	19
ENST00000457408.7	160-163	19
ENST00000457734.7	663-666	18
ENST00000457928.7	654-657	21
ENST00000458013.7	1292-1295	23
ENST00000458035.3	153-156	20
ENST00000458128.3	246-249	22
ENST00000458143.7	1605-1608	20
ENST00000458198.3	186-189	17
ENST00000458385.7	869-872	19
ENST00000458493.6	1141-1144	21
ENST00000458549.7	1165-1168	16
ENST00000458591.7	1352-1355	21
ENST00000458659.3	3214-3217	26
ENST00000460006.6	127-130	21
ENST00000460680.6	325-328	27
ENST00000460698.7	1295-1298	18
ENST00000460843.6	2427-2430	19
ENST00000460851.6	424-427	23
ENST00000461393.7	832-835	18
ENST00000461988.6	692-695	22
ENST00000462069.6	410-413	21
ENST00000462138.6	1118-1121	16
ENST00000462683.6	541-544	25
ENST00000462790.8	41-44	21
ENST00000463745.6	646-649	13
ENST00000463937.1	703-706	23
ENST00000464233.6	3060-3063	19
ENST00000464506.2	480-483	16
ENST00000464845.6	322-325	22
ENST00000464848.5	122-125	21
ENST00000464889.7	386-389	20
ENST00000464942.7	158-161	16
ENST00000465093.6	1855-1858	15
ENST00000465139.6	465-468	21
ENST00000465148.3	691-694	17
ENST00000465271.6	454-457	17
ENST00000465647.6	1373-1376	17
ENST00000465995.6	89-92	19
ENST00000466246.7	449-452	19
ENST00000466271.3	1510-1513	11
ENST00000466444.7	799-802	20
ENST00000466681.2	644-647	21
ENST00000466830.6	391-394	18
ENST00000467963.6	153-156	19
ENST00000468148.6	818-821	13
ENST00000468695.6	324-327	16
ENST00000468812.6	128-131	22
ENST00000469044.6	272-275	18
ENST00000469257.2	304-307	22
ENST00000469408.6	432-435	21
ENST00000470487.6	690-693	18
ENST00000470747.4	679-682	20
ENST00000471115.6	548-551	21
ENST00000471229.7	673-676	16
ENST00000471389.6	860-863	18
ENST00000471583.6	221-224	14
ENST00000471696.6	180-183	27
ENST00000471841.6	259-262	16
ENST00000471932.6	1528-1531	21
ENST00000471951.7	116-119	19
ENST00000472174.7	450-453	18
ENST00000472484.6	642-645	19
ENST00000472487.6	376-379	16
ENST00000472726.3	1639-1642	28
ENST00000473414.6	360-363	26
ENST00000473835.7	1226-1229	27
ENST00000473968.7	1480-1483	20
ENST00000473989.8	1928-1931	15
ENST00000474627.8	914-917	16
ENST00000474796.2	2427-2430	20
ENST00000474844.6	425-428	19
ENST00000474879.7	690-693	20
ENST00000474889.6	1257-1260	21
ENST00000474897.6	539-542	24
ENST00000475153.6	614-617	21
ENST00000475243.6	876-879	20
ENST00000475381.7	1292-1295	14
ENST00000476133.6	93-96	24
ENST00000476151.5	49-52	23
ENST00000476287.4	1501-1504	22
ENST00000476320.6	287-290	15
ENST00000476371.1	224-227	17
ENST00000476781.6	665-668	23
ENST00000476832.2	1254-1257	18
ENST00000476907.6	704-707	23
ENST00000476941.6	2653-2656	12
ENST00000476993.2	641-644	23
ENST00000477703.6	337-340	15
ENST00000477853.6	2115-2118	19
ENST00000477892.5	507-510	21
ENST00000478244.6	252-255	12
ENST00000478253.6	773-776	14
ENST00000478722.6	1794-1797	18
ENST00000478753.5	318-321	28
ENST00000479035.7	275-278	21
ENST00000479633.2	142-145	18
ENST00000479665.6	466-469	15
ENST00000479870.6	287-290	24
ENST00000479961.1	784-787	16
ENST00000480294.1	177-180	17
ENST00000480824.7	1132-1135	23
ENST00000480945.6	801-804	22
ENST00000481195.6	404-407	18
ENST00000481247.6	1366-1369	14
ENST00000481739.2	1218-1221	14
ENST00000481752.6	461-464	22
ENST00000481909.2	166-169	18
ENST00000482016.6	983-986	16
ENST00000483063.2	352-355	17
ENST00000483720.7	2700-2703	14
ENST00000483754.1	333-336	19
ENST00000483910.6	306-309	14
ENST00000484259.3	394-397	18
ENST00000484310.6	888-891	18
ENST00000484457.6	461-464	13
ENST00000484532.6	124-127	24
ENST00000484558.3	443-446	20
ENST00000484897.4	1219-1222	23
ENST00000484952.6	908-911	16
ENST00000485419.7	478-481	20
ENST00000485511.6	1275-1278	20
ENST00000485876.6	201-204	13
ENST00000485960.7	269-272	20
ENST00000485972.6	106-109	19
ENST00000486637.2	792-795	16
ENST00000486685.3	637-640	12
ENST00000486715.6	2076-2079	21
ENST00000486777.7	264-267	14
ENST00000487099.7	975-978	12
ENST00000487273.7	595-598	17
ENST00000487416.7	124-127	16
ENST00000487418.8	87-90	20
ENST00000487519.6	180-183	15
ENST00000487874.1	881-884	15
ENST00000488034.6	521-524	22
ENST00000488423.2	118-121	22
ENST00000488633.2	888-891	21
ENST00000489294.2	1269-1272	13
ENST00000489418.6	725-728	22
ENST00000489432.7	437-440	23
ENST00000489671.6	1519-1522	20
ENST00000490103.6	128-131	25
ENST00000490107.6	353-356	15
ENST00000490491.5	229-232	19
ENST00000491306.6	292-295	15
ENST00000491381.6	322-325	16
ENST00000491415.7	224-227	17
ENST00000491431.2	885-888	10
ENST00000491614.6	562-565	21
ENST00000491895.7	172-175	15
ENST00000492112.3	525-528	22
ENST00000492406.6	1235-1238	17
ENST00000492595.6	213-216	21
ENST00000492622.6	3776-3779	19
ENST00000493111.7	586-589	15
ENST00000493196.2	831-834	16
ENST00000493442.2	603-606	24
ENST00000493763.7	529-532	19
ENST00000494664.6	853-856	19
ENST00000494857.6	2168-2171	17
ENST00000495186.6	659-662	19
ENST00000495276.6	201-204	18
ENST00000495461.6	233-236	18
ENST00000495880.2	1453-1456	21
ENST00000495893.7	51-54	14
ENST00000496259.6	1061-1064	14
ENST00000496455.7	1829-1832	19
ENST00000496634.2	712-715	22
ENST00000496677.6	456-459	20
ENST00000496811.6	2051-2054	23
ENST00000496856.6	1327-1330	14
ENST00000497473.6	382-385	15
ENST00000497547.2	74-77	23
ENST00000497571.6	420-423	15
ENST00000498165.6	1038-1041	19
ENST00000498286.6	607-610	19
ENST00000498737.8	346-349	18
ENST00000498907.3	1023-1026	18
ENST00000498926.7	767-770	19
ENST00000499023.7	731-734	18
ENST00000499247.3	749-752	26
ENST00000499666.7	466-469	21
ENST00000499869.7	1696-1699	18
ENST00000500704.7	111-114	23
ENST00000500893.4	1034-1037	19
ENST00000502346.2	170-173	21
ENST00000502412.2	81-84	20
ENST00000502486.6	1035-1038	15
ENST00000502492.6	792-795	17
ENST00000502613.3	1592-1595	24
ENST00000502717.6	464-467	26
ENST00000502732.6	3577-3580	17
ENST00000502773.6	1355-1358	15
ENST00000502935.6	96-99	19
ENST00000502978.1	814-817	14
ENST00000503176.6	379-382	18
ENST00000503362.2	276-279	19
ENST00000503393.8	592-595	10
ENST00000503585.6	553-556	17
ENST00000503731.6	642-645	22
ENST00000503780.6	1032-1035	21
ENST00000503787.6	457-460	15
ENST00000504087.6	1293-1296	14
ENST00000504102.6	1338-1341	21
ENST00000504108.7	1483-1486	14
ENST00000504110.2	239-242	15
ENST00000504123.7	501-504	17
ENST00000504148.3	42-45	23
ENST00000504154.6	2205-2208	23
ENST00000504156.7	204-207	23
ENST00000504169.2	249-252	19
ENST00000504329.1	535-538	23
ENST00000504548.4	1813-1816	25
ENST00000504771.3	465-468	16
ENST00000504921.7	1728-1731	19
ENST00000504924.6	262-265	15
ENST00000504986.6	542-545	16
ENST00000505019.6	3230-3233	17
ENST00000505059.7	352-355	21
ENST00000505065.2	694-697	15
ENST00000505242.6	1154-1157	16
ENST00000505459.6	297-300	15
ENST00000505490.3	297-300	18
ENST00000505560.5	1887-1890	16
ENST00000505658.6	985-988	18
ENST00000505667.6	3024-3027	26
ENST00000505747.6	322-325	17
ENST00000506184.7	1280-1283	17
ENST00000506197.3	271-274	21
ENST00000506447.5	704-707	23
ENST00000506455.6	376-379	10
ENST00000506502.2	1722-1725	18
ENST00000507110.6	736-739	18
ENST00000507142.6	2121-2124	15
ENST00000507166.5	972-975	21
ENST00000507489.2	1637-1640	18
ENST00000507544.3	610-613	14
ENST00000507606.3	195-198	15
ENST00000507656.6	293-296	19
ENST00000507754.9	314-317	21
ENST00000508164.6	546-549	12
ENST00000508593.6	2123-2126	13
ENST00000508596.6	2087-2090	14
ENST00000508775.6	539-542	24
ENST00000508803.6	1862-1865	19
ENST00000508821.6	225-228	13
ENST00000509018.6	247-250	19
ENST00000509437.6	222-225	15
ENST00000509910.2	196-199	16
ENST00000510025.7	1540-1543	24
ENST00000510168.6	839-842	20
ENST00000510461.6	234-237	19
ENST00000510585.3	707-710	11
ENST00000510644.6	849-852	17
ENST00000510708.6	882-885	14
ENST00000511320.6	147-150	15
ENST00000511437.6	399-402	21
ENST00000511664.6	1894-1897	18
ENST00000511685.6	1086-1089	21
ENST00000511689.6	944-947	18
ENST00000511833.3	1160-1163	16
ENST00000511912.6	521-524	21
ENST00000512123.4	8736-8739	16
ENST00000512528.3	678-681	16
ENST00000512576.3	968-971	24
ENST00000512733.5	985-988	17
ENST00000512737.6	526-529	21
ENST00000512805.6	709-712	22
ENST00000512944.6	855-858	19
ENST00000513185.3	621-624	12
ENST00000513440.6	423-426	14
ENST00000513458.9	234-237	14
ENST00000513610.6	1737-1740	24
ENST00000513710.4	670-673	21
ENST00000513761.6	2494-2497	17
ENST00000513973.6	1484-1487	19
ENST00000514213.7	2517-2520	23
ENST00000514667.1	200-203	19
ENST00000514747.6	2406-2409	15
ENST00000515279.6	1574-1577	25
ENST00000515673.7	1042-1045	16
ENST00000515837.7	99-102	19
ENST00000517309.6	538-541	18
ENST00000517392.6	840-843	22
ENST00000517395.6	1231-1234	18
ENST00000517399.3	710-713	10
ENST00000517490.6	638-641	20
ENST00000517562.3	448-451	18
ENST00000517566.7	1927-1930	15
ENST00000517956.5	267-270	16
ENST00000517970.6	3186-3189	14
ENST00000518156.3	1085-1088	17
ENST00000518297.6	3438-3441	22
ENST00000518321.6	329-332	19
ENST00000518322.6	416-419	15
ENST00000518721.6	3575-3578	19
ENST00000518738.2	881-884	18
ENST00000518937.6	715-718	22
ENST00000519065.6	420-423	21
ENST00000519262.6	1644-1647	12
ENST00000519289.1	1452-1455	16
ENST00000519374.6	171-174	20
ENST00000519520.7	651-654	17
ENST00000519638.3	468-471	15
ENST00000519676.6	714-717	14
ENST00000519718.2	492-495	26
ENST00000519728.6	1276-1279	20
ENST00000519948.4	428-431	15
ENST00000519973.6	137-140	18
ENST00000520242.6	309-312	15
ENST00000520262.6	693-696	13
ENST00000520429.6	178-181	23
ENST00000520468.7	244-247	16
ENST00000520539.6	8731-8734	19
ENST00000520547.4	501-504	24
ENST00000520560.6	2233-2236	20
ENST00000520810.6	2364-2367	15
ENST00000521022.6	600-603	15
ENST00000521198.7	1059-1062	16
ENST00000521288.2	202-205	20
ENST00000521381.6	2347-2350	14
ENST00000521389.6	930-933	18
ENST00000521508.2	1305-1308	17
ENST00000521545.7	591-594	17
ENST00000521580.3	255-258	17
ENST00000521591.6	224-227	18
ENST00000521604.7	968-971	24
ENST00000521654.7	186-189	14
ENST00000521688.6	185-188	15
ENST00000521776.2	2596-2599	25
ENST00000521861.6	695-698	21
ENST00000521913.7	865-868	21
ENST00000521988.6	549-552	12
ENST00000522212.6	407-410	19
ENST00000522362.7	1719-1722	19
ENST00000522514.6	313-316	16
ENST00000522557.2	1182-1185	20
ENST00000522677.8	467-470	13
ENST00000522782.6	1000-1003	25
ENST00000522938.5	694-697	17
ENST00000523037.6	209-212	23
ENST00000523111.7	375-378	15
ENST00000523189.6	442-445	18
ENST00000523377.2	217-220	16
ENST00000523505.3	544-547	18
ENST00000523638.6	1378-1381	18
ENST00000523731.6	2758-2761	28
ENST00000524300.6	1454-1457	14
ENST00000524782.6	419-422	20
ENST00000524803.6	737-740	20
ENST00000524821.6	201-204	14
ENST00000524958.6	329-332	18
ENST00000525428.6	782-785	18
ENST00000525566.6	885-888	22
ENST00000525621.6	1284-1287	15
ENST00000525634.6	272-275	16
ENST00000525680.6	595-598	19
ENST00000525815.6	305-308	21
ENST00000526049.6	623-626	22
ENST00000526104.6	2731-2734	22
ENST00000526596.2	2035-2038	17
ENST00000526627.2	374-377	15
ENST00000526639.3	645-648	19
ENST00000526683.6	1566-1569	22
ENST00000526926.6	1044-1047	17
ENST00000526991.3	141-144	22
ENST00000526995.6	1315-1318	18
ENST00000527353.2	723-726	13
ENST00000527372.7	6218-6221	19
ENST00000527424.6	519-522	16
ENST00000527447.2	1211-1214	19
ENST00000527614.6	334-337	23
ENST00000527673.2	62-65	24
ENST00000527733.7	2788-2791	25
ENST00000527958.6	241-244	16
ENST00000528080.6	539-542	14
ENST00000528157.7	511-514	18
ENST00000528405.1	36-39	13
ENST00000528416.6	1124-1127	24
ENST00000528667.7	2906-2909	23
ENST00000528718.6	1329-1332	15
ENST00000528838.6	1585-1588	21
ENST00000528841.6	1293-1296	20
ENST00000528848.3	197-200	22
ENST00000528896.7	474-477	26
ENST00000528957.6	552-555	18
ENST00000529006.7	3588-3591	16
ENST00000529010.6	626-629	20
ENST00000529221.6	189-192	17
ENST00000529230.6	3662-3665	22
ENST00000529639.6	155-158	18
ENST00000529689.6	584-587	16
ENST00000530028.3	70-73	22
ENST00000530122.1	1224-1227	16
ENST00000530167.2	341-344	31
ENST00000530340.6	1026-1029	19
ENST00000530349.2	576-579	14
ENST00000530374.6	877-880	14
ENST00000530393.6	1875-1878	14
ENST00000530611.1	658-661	26
ENST00000530705.6	417-420	23
ENST00000530758.2	192-195	17
ENST00000530997.7	829-832	22
ENST00000531120.6	285-288	19
ENST00000531188.6	588-591	18
ENST00000531224.6	362-365	28
ENST00000531273.6	822-825	21
ENST00000531738.6	2707-2710	14
ENST00000531863.6	1423-1426	17
ENST00000532059.6	1193-1196	25
ENST00000532090.3	1912-1915	17
ENST00000532097.6	83-86	26
ENST00000532219.5	606-609	21
ENST00000532287.6	532-535	25
ENST00000532414.3	1892-1895	19
ENST00000532485.6	230-233	22
ENST00000532699.1	272-275	21
ENST00000532777.6	1589-1592	14
ENST00000532942.5	623-626	20
ENST00000533028.8	653-656	15
ENST00000533050.6	140-143	22
ENST00000533211.6	1354-1357	18
ENST00000533213.7	1074-1077	26
ENST00000533244.6	440-443	13
ENST00000533544.6	679-682	21
ENST00000533608.7	1786-1789	23
ENST00000533632.6	165-168	14
ENST00000533655.6	326-329	21
ENST00000533682.2	1237-1240	17
ENST00000533683.7	1378-1381	19
ENST00000534000.6	437-440	22
ENST00000534025.6	366-369	17
ENST00000534064.6	289-292	21
ENST00000534312.5	245-248	24
ENST00000534313.6	1286-1289	15
ENST00000534324.6	313-316	15
ENST00000534355.6	228-231	30
ENST00000534358.8	552-555	20
ENST00000534548.7	584-587	24
ENST00000534624.6	1545-1548	21
ENST00000534854.7	377-380	18
ENST00000534898.9	987-990	18
ENST00000534980.7	1660-1663	26
ENST00000535032.7	1892-1895	20
ENST00000535342.7	2431-2434	15
ENST00000535456.7	443-446	19
ENST00000535612.6	1274-1277	23
ENST00000535784.7	899-902	21
ENST00000535829.6	1338-1341	14
ENST00000535844.1	456-459	18
ENST00000535902.6	520-523	18
ENST00000535923.6	706-709	21
ENST00000536163.6	583-586	16
ENST00000536226.2	592-595	19
ENST00000536435.7	568-571	18
ENST00000536441.7	726-729	23
ENST00000536442.6	1121-1124	20
ENST00000536681.8	1542-1545	20
ENST00000537098.8	803-806	17
ENST00000537235.2	1581-1584	23
ENST00000537328.6	179-182	17
ENST00000537384.6	733-736	16
ENST00000537505.6	335-338	21
ENST00000537686.6	1990-1993	18
ENST00000538039.6	1740-1743	20
ENST00000538183.7	446-449	23
ENST00000538426.6	406-409	22
ENST00000538716.7	699-702	18
ENST00000538862.7	890-893	23
ENST00000538924.7	218-221	14
ENST00000538936.7	716-719	15
ENST00000539111.7	1328-1331	15
ENST00000539276.7	1308-1311	23
ENST00000539294.6	272-275	17
ENST00000539354.6	2009-2012	20
ENST00000539542.6	4863-4866	17
ENST00000539652.1	412-415	15
ENST00000539719.6	827-830	16
ENST00000539909.6	580-583	18
ENST00000539966.6	1188-1191	21
ENST00000540167.6	1899-1902	19
ENST00000540200.6	778-781	20
ENST00000540220.6	123-126	17
ENST00000540385.2	1118-1121	24
ENST00000540732.3	631-634	19
ENST00000540801.6	582-585	15
ENST00000541036.6	510-513	21
ENST00000541212.6	73-76	19
ENST00000541284.6	1140-1143	15
ENST00000541515.3	1111-1114	20
ENST00000541587.6	764-767	18
ENST00000541638.6	525-528	13
ENST00000541669.6	190-193	16
ENST00000541970.6	401-404	19
ENST00000542104.6	318-321	17
ENST00000542230.7	631-634	17
ENST00000542267.7	1535-1538	17
ENST00000542527.7	488-491	15
ENST00000542569.6	244-247	18
ENST00000542575.6	641-644	26
ENST00000542754.7	375-378	12
ENST00000542838.6	419-422	23
ENST00000543095.7	414-417	20
ENST00000543155.6	876-879	18
ENST00000543175.5	603-606	15
ENST00000543226.2	250-253	21
ENST00000543341.7	283-286	17
ENST00000543431.6	1238-1241	26
ENST00000543473.2	809-812	15
ENST00000543571.6	2511-2514	18
ENST00000543796.6	632-635	19
ENST00000544040.7	1904-1907	24
ENST00000544216.8	295-298	19
ENST00000544301.7	1820-1823	22
ENST00000544440.7	1051-1054	18
ENST00000544547.6	1071-1074	17
ENST00000544604.7	666-669	15
ENST00000544612.6	199-202	11
ENST00000544844.6	162-165	18
ENST00000544916.6	2875-2878	16
ENST00000545279.6	1208-1211	19
ENST00000545287.7	1070-1073	16
ENST00000545606.6	3381-3384	23
ENST00000545712.7	669-672	19
ENST00000545797.7	969-972	22
ENST00000545805.6	338-341	24
ENST00000545856.8	2719-2722	23
ENST00000546148.6	241-244	16
ENST00000546333.1	54-57	21
ENST00000546361.7	2735-2738	25
ENST00000546463.6	1316-1319	24
ENST00000546591.6	188-191	17
ENST00000546815.6	55-58	19
ENST00000546954.2	183-186	18
ENST00000547026.6	174-177	11
ENST00000547530.7	1083-1086	19
ENST00000547754.6	376-379	14
ENST00000548065.7	357-360	17
ENST00000548249.6	366-369	22
ENST00000548278.2	1292-1295	12
ENST00000548925.6	360-363	20
ENST00000549115.7	281-284	15
ENST00000549518.6	2019-2022	21
ENST00000549578.6	453-456	21
ENST00000549701.6	717-720	17
ENST00000549884.6	471-474	22
ENST00000549920.6	551-554	19
ENST00000549921.6	1471-1474	14
ENST00000549982.6	300-303	15
ENST00000549987.1	111-114	22
ENST00000550164.6	763-766	23
ENST00000550412.5	136-139	19
ENST00000550487.6	86-89	22
ENST00000550697.6	307-310	20
ENST00000550735.7	1625-1628	17
ENST00000550804.6	1933-1936	15
ENST00000551295.7	1862-1865	14
ENST00000551765.6	412-415	20
ENST00000551964.6	4202-4205	17
ENST00000552283.6	280-283	19
ENST00000552810.6	1224-1227	16
ENST00000552864.6	248-251	19
ENST00000552918.6	1695-1698	19
ENST00000552951.7	400-403	16
ENST00000552981.6	764-767	27
ENST00000553110.8	207-210	16
ENST00000553300.6	561-564	23
ENST00000553458.6	872-875	18
ENST00000553532.6	1363-1366	20
ENST00000553612.6	1266-1269	16
ENST00000553645.7	363-366	17
ENST00000553851.3	477-480	20
ENST00000553935.6	2010-2013	16
ENST00000554659.6	203-206	17
ENST00000554922.6	2064-2067	13
ENST00000554943.6	1269-1272	26
ENST00000555004.3	199-202	14
ENST00000555028.7	91-94	19
ENST00000555044.6	995-998	22
ENST00000555055.6	438-441	22
ENST00000555181.6	160-163	15
ENST00000555238.6	2128-2131	23
ENST00000555265.6	728-731	19
ENST00000555523.6	335-338	17
ENST00000555531.1	453-456	23
ENST00000555572.1	1031-1034	24
ENST00000555619.6	298-301	19
ENST00000555661.6	310-313	13
ENST00000555846.2	953-956	18
ENST00000555938.1	117-120	23
ENST00000556029.6	1487-1490	23
ENST00000556143.6	1407-1410	14
ENST00000556147.6	1554-1557	19
ENST00000556440.7	268-271	14
ENST00000556492.6	235-238	16
ENST00000556529.4	289-292	14
ENST00000556816.6	286-289	13
ENST00000557016.6	255-258	20
ENST00000557154.6	385-388	21
ENST00000557185.6	1097-1100	18
ENST00000557258.6	1643-1646	19
ENST00000557342.6	90-93	18
ENST00000557385.2	1623-1626	24
ENST00000557395.5	201-204	17
ENST00000557413.6	1251-1254	11
ENST00000557421.7	161-164	18
ENST00000557565.1	990-993	18
ENST00000557658.6	905-908	18
ENST00000557942.6	567-570	19
ENST00000557943.6	789-792	22
ENST00000558468.2	2503-2506	14
ENST00000558518.6	1352-1355	17
ENST00000558530.1	324-327	20
ENST00000559228.6	1402-1405	16
ENST00000559447.8	4658-4661	18
ENST00000559471.6	3219-3222	19
ENST00000559596.6	362-365	18
ENST00000559717.6	632-635	17
ENST00000559844.6	731-734	21
ENST00000560031.6	250-253	14
ENST00000560079.7	1456-1459	18
ENST00000560891.6	4378-4381	17
ENST00000561208.6	1881-1884	17
ENST00000561421.6	161-164	15
ENST00000561678.7	1906-1909	23
ENST00000561878.2	140-143	16
ENST00000562103.2	605-608	19
ENST00000562188.7	936-939	13
ENST00000562435.6	1215-1218	14
ENST00000562767.2	143-146	16
ENST00000562787.6	1234-1237	16
ENST00000562833.2	1660-1663	25
ENST00000563197.6	256-259	27
ENST00000563281.2	1945-1948	22
ENST00000563290.6	440-443	21
ENST00000563588.6	621-624	19
ENST00000563594.6	230-233	23
ENST00000563694.6	2425-2428	19
ENST00000564079.6	425-428	19
ENST00000564536.2	396-399	23
ENST00000564657.2	1692-1695	19
ENST00000564754.7	4808-4811	20
ENST00000564996.6	1946-1949	13
ENST00000565263.6	1378-1381	19
ENST00000565488.6	754-757	23
ENST00000566157.6	134-137	23
ENST00000566228.6	883-886	12
ENST00000566339.6	397-400	18
ENST00000566621.6	436-439	20
ENST00000566732.6	319-322	17
ENST00000566780.6	179-182	21
ENST00000567572.6	633-636	14
ENST00000567695.6	644-647	15
ENST00000567954.6	470-473	15
ENST00000568000.6	841-844	19
ENST00000568546.6	2458-2461	16
ENST00000568733.6	343-346	23
ENST00000568954.5	2608-2611	13
ENST00000569360.1	596-599	15
ENST00000569417.6	651-654	22
ENST00000569529.6	447-450	15
ENST00000569622.6	184-187	22
ENST00000569669.6	1070-1073	26
ENST00000570010.6	1192-1195	13
ENST00000570646.6	464-467	19
ENST00000571133.6	1383-1386	22
ENST00000571730.1	554-557	23
ENST00000571841.1	234-237	19
ENST00000571995.6	282-285	14
ENST00000572195.3	485-488	17
ENST00000572293.7	2510-2513	22
ENST00000572447.6	654-657	13
ENST00000572467.5	3033-3036	27
ENST00000572919.1	339-342	18
ENST00000573034.8	1597-1600	22
ENST00000573035.6	3140-3143	22
ENST00000573283.7	927-930	28
ENST00000573331.5	184-187	19
ENST00000573584.6	546-549	23
ENST00000574322.6	1161-1164	16
ENST00000574428.6	687-690	21
ENST00000574538.2	1656-1659	14
ENST00000575771.6	255-258	17
ENST00000575882.6	38-41	20
ENST00000576479.4	1244-1247	18
ENST00000576634.6	220-223	18
ENST00000576892.8	519-522	17
ENST00000577809.6	568-571	21
ENST00000577830.6	1334-1337	15
ENST00000578049.4	259-262	17
ENST00000578186.3	211-214	23
ENST00000578372.2	320-323	15
ENST00000578552.6	523-526	26
ENST00000578794.2	181-184	27
ENST00000578921.6	189-192	24
ENST00000578982.6	89-92	17
ENST00000579016.6	1138-1141	18
ENST00000579310.6	391-394	16
ENST00000579512.3	211-214	23
ENST00000579849.6	566-569	21
ENST00000579991.3	481-484	14
ENST00000580018.4	565-568	17
ENST00000580059.7	959-962	14
ENST00000580243.3	1326-1329	17
ENST00000580261.6	114-117	19
ENST00000580306.7	1417-1420	16
ENST00000581208.2	1154-1157	19
ENST00000581216.6	136-139	20
ENST00000581312.6	2139-2142	18
ENST00000581322.6	1333-1336	13
ENST00000581486.6	1495-1498	21
ENST00000582401.6	1324-1327	17
ENST00000582471.1	324-327	17
ENST00000582693.5	1122-1125	18
ENST00000582970.6	1965-1968	16
ENST00000583313.7	343-346	24
ENST00000583509.7	644-647	17
ENST00000583566.6	242-245	18
ENST00000583931.6	791-794	20
ENST00000584379.6	235-238	15
ENST00000584486.6	986-989	16
ENST00000584667.6	392-395	19
ENST00000584895.5	99-102	20
ENST00000585124.6	725-728	23
ENST00000585603.6	348-351	18
ENST00000585675.6	64-67	15
ENST00000585683.6	1194-1197	16
ENST00000585809.6	303-306	17
ENST00000585916.6	1380-1383	15
ENST00000585934.1	418-421	18
ENST00000585937.1	168-171	26
ENST00000586178.6	1002-1005	17
ENST00000586534.6	948-951	21
ENST00000586659.6	1104-1107	17
ENST00000586748.6	1014-1017	26
ENST00000586790.6	1417-1420	16
ENST00000586895.6	246-249	23
ENST00000587097.6	1481-1484	12
ENST00000587230.6	403-406	18
ENST00000587250.4	504-507	15
ENST00000587424.3	752-755	24
ENST00000587427.6	697-700	15
ENST00000587708.7	311-314	19
ENST00000587834.6	197-200	19
ENST00000587896.6	583-586	22
ENST00000588072.6	493-496	11
ENST00000588234.6	64-67	19
ENST00000588258.6	247-250	13
ENST00000588479.6	995-998	19
ENST00000588649.7	3475-3478	18
ENST00000588657.6	433-436	22
ENST00000588705.1	100-103	15
ENST00000588852.2	924-927	19
ENST00000589210.6	1823-1826	17
ENST00000589228.6	272-275	21
ENST00000589230.6	802-805	12
ENST00000589666.6	348-351	16
ENST00000590099.6	1018-1021	20
ENST00000590247.7	141-144	20
ENST00000590474.7	822-825	17
ENST00000590720.6	988-991	18
ENST00000590996.6	545-548	31
ENST00000591022.6	542-545	19
ENST00000591337.7	525-528	14
ENST00000591340.6	1699-1702	16
ENST00000591613.2	230-233	21
ENST00000591680.6	3651-3654	20
ENST00000591899.8	185-188	26
ENST00000592199.6	501-504	24
ENST00000592299.6	917-920	12
ENST00000592502.2	149-152	24
ENST00000592524.6	1093-1096	19
ENST00000592529.6	1839-1842	15
ENST00000592535.6	371-374	19
ENST00000592540.6	426-429	16
ENST00000592588.7	231-234	16
ENST00000592875.6	221-224	22
ENST00000593135.6	1807-1810	22
ENST00000593646.6	192-195	15
ENST00000593731.1	2225-2228	17
ENST00000593829.6	194-197	14
ENST00000593945.6	816-819	15
ENST00000594051.6	675-678	21
ENST00000594239.6	219-222	16
ENST00000594369.6	514-517	14
ENST00000594797.6	167-170	20
ENST00000594901.2	1778-1781	15
ENST00000595090.6	709-712	20
ENST00000595753.6	1065-1068	16
ENST00000595962.6	146-149	24
ENST00000596148.3	142-145	21
ENST00000596251.6	429-432	19
ENST00000596288.7	1595-1598	24
ENST00000596358.6	505-508	23
ENST00000596542.1	147-150	18
ENST00000596731.7	72-75	16
ENST00000597229.2	1661-1664	17
ENST00000598087.4	123-126	17
ENST00000598188.6	833-836	20
ENST00000598361.4	597-600	23
ENST00000598441.6	1000-1003	20
ENST00000598742.6	416-419	20
ENST00000598884.1	348-351	16
ENST00000599218.6	1753-1756	14
ENST00000599612.3	517-520	16
ENST00000599672.6	212-215	18
ENST00000599840.6	101-104	17
ENST00000600228.6	334-337	20
ENST00000600449.8	1118-1121	13
ENST00000600480.2	1016-1019	25
ENST00000600659.3	134-137	15
ENST00000600737.6	1170-1173	18
ENST00000600882.6	3802-3805	15
ENST00000601016.6	527-530	14
ENST00000602318.6	248-251	21
ENST00000602326.6	1096-1099	19
ENST00000602390.5	888-891	20
ENST00000602398.3	3348-3351	19
ENST00000602402.6	1494-1497	19
ENST00000602465.6	922-925	16
ENST00000602593.6	412-415	19
ENST00000602624.7	367-370	21
ENST00000602676.6	121-124	29
ENST00000602845.2	247-250	14
ENST00000602956.5	314-317	21
ENST00000603357.3	2729-2732	15
ENST00000603798.6	399-402	14
ENST00000604000.4	645-648	21
ENST00000604011.5	768-771	20
ENST00000604030.7	1465-1468	16
ENST00000604458.1	66-69	26
ENST00000604729.6	2259-2262	20
ENST00000605057.6	3156-3159	22
ENST00000605618.6	1494-1497	21
ENST00000605788.6	1861-1864	25
ENST00000605844.6	1853-1856	26
ENST00000605895.6	215-218	21
ENST00000605930.3	3002-3005	17
ENST00000605997.6	94-97	18
ENST00000606025.5	975-978	19
ENST00000606117.2	899-902	13
ENST00000606162.6	584-587	15
ENST00000606320.6	2793-2796	20
ENST00000606498.5	573-576	15
ENST00000606911.7	1868-1871	22
ENST00000607016.2	346-349	17
ENST00000607197.6	654-657	22
ENST00000607355.3	434-437	23
ENST00000607357.2	177-180	17
ENST00000607373.6	645-648	19
ENST00000607484.6	299-302	18
ENST00000607714.6	820-823	20
ENST00000607772.6	2215-2218	19
ENST00000607778.2	191-194	16
ENST00000607829.6	245-248	15
ENST00000608372.6	302-305	15
ENST00000608382.6	1274-1277	17
ENST00000608424.6	752-755	21
ENST00000608443.6	734-737	15
ENST00000608872.6	279-282	20
ENST00000608933.6	677-680	18
ENST00000609104.6	1779-1782	12
ENST00000609261.6	354-357	17
ENST00000609360.6	877-880	16
ENST00000609923.6	1036-1039	13
ENST00000609928.6	1027-1030	18
ENST00000610020.2	285-288	18
ENST00000610140.7	560-563	17
ENST00000610189.2	891-894	15
ENST00000610213.6	371-374	15
ENST00000610322.5	806-809	19
ENST00000610343.5	377-380	18
ENST00000610401.6	395-398	19
ENST00000610402.5	1423-1426	22
ENST00000610417.5	467-470	21
ENST00000610426.5	238-241	20
ENST00000610533.6	208-211	22
ENST00000610704.5	1178-1181	22
ENST00000610722.4	587-590	17
ENST00000610828.5	1282-1285	16
ENST00000610854.2	742-745	23
ENST00000610935.2	233-236	21
ENST00000611091.5	1057-1060	17
ENST00000611405.5	319-322	27
ENST00000611582.5	1153-1156	17
ENST00000611716.5	652-655	19
ENST00000611820.5	4000-4003	19
ENST00000611875.5	1080-1083	18
ENST00000611884.5	371-374	23
ENST00000611957.5	2194-2197	22
ENST00000611969.5	130-133	14
ENST00000612223.5	1665-1668	25
ENST00000612363.2	503-506	14
ENST00000612501.2	2552-2555	21
ENST00000612549.6	1058-1061	20
ENST00000612612.5	152-155	21
ENST00000612661.2	1145-1148	23
ENST00000612750.5	598-601	19
ENST00000612753.5	1523-1526	17
ENST00000612814.5	965-968	18
ENST00000612905.2	1305-1308	12
ENST00000612932.6	425-428	18
ENST00000613102.5	1956-1959	24
ENST00000613122.5	2002-2005	22
ENST00000613206.2	1777-1780	16
ENST00000613252.5	1125-1128	19
ENST00000613296.6	9726-9729	17
ENST00000613478.2	345-348	19
ENST00000613503.5	476-479	20
ENST00000613509.2	345-348	17
ENST00000613537.5	261-264	22
ENST00000613675.5	217-220	22
ENST00000613694.5	138-141	14
ENST00000614034.5	1171-1174	12
ENST00000614145.5	172-175	15
ENST00000614302.5	1028-1031	15
ENST00000614355.5	4898-4901	24
ENST00000614443.2	1286-1289	16
ENST00000614479.5	4861-4864	20
ENST00000614556.5	243-246	19
ENST00000614558.3	2307-2310	21
ENST00000614616.5	5684-5687	24
ENST00000614623.5	523-526	22
ENST00000614628.5	313-316	19
ENST00000614766.5	537-540	10
ENST00000614790.5	705-708	17
ENST00000614830.5	110-113	19
ENST00000614987.5	2220-2223	17
ENST00000615052.5	706-709	18
ENST00000615182.5	800-803	24
ENST00000615189.5	324-327	15
ENST00000615234.5	75-78	19
ENST00000615277.5	1264-1267	15
ENST00000615315.2	33-36	16
ENST00000615331.5	1700-1703	21
ENST00000615383.5	1295-1298	19
ENST00000615550.5	174-177	17
ENST00000615612.2	1200-1203	13
ENST00000615637.3	634-637	18
ENST00000615665.5	283-286	16
ENST00000615891.2	609-612	16
ENST00000616016.5	1073-1076	20
ENST00000616080.2	1411-1414	18
ENST00000616140.2	88-91	22
ENST00000616305.2	353-356	21
ENST00000616317.5	5859-5862	20
ENST00000616407.2	2818-2821	20
ENST00000616435.5	445-448	16
ENST00000616448.2	1028-1031	22
ENST00000616540.5	981-984	24
ENST00000616600.5	603-606	21
ENST00000617190.5	1518-1521	20
ENST00000617231.5	31-34	27
ENST00000617257.2	797-800	19
ENST00000617285.5	1681-1684	22
ENST00000617316.2	1057-1060	21
ENST00000617429.5	373-376	22
ENST00000617444.5	1797-1800	16
ENST00000617445.5	323-326	18
ENST00000617501.5	1024-1027	19
ENST00000617516.5	719-722	19
ENST00000617533.5	2652-2655	20
ENST00000617596.5	122-125	23
ENST00000617633.5	32-35	24
ENST00000617875.6	3166-3169	21
ENST00000617928.5	826-829	19
ENST00000617979.5	644-647	17
ENST00000618139.4	1237-1240	28
ENST00000618156.5	801-804	21
ENST00000618172.5	2310-2313	23
ENST00000618183.5	535-538	22
ENST00000618282.5	352-355	21
ENST00000618403.5	470-473	17
ENST00000618655.2	839-842	24
ENST00000618691.5	517-520	21
ENST00000618819.5	1001-1004	15
ENST00000618852.5	1677-1680	17
ENST00000619039.5	357-360	17
ENST00000619189.5	229-232	15
ENST00000619360.6	1279-1282	13
ENST00000619387.5	1429-1432	20
ENST00000619426.5	212-215	18
ENST00000619571.5	1297-1300	18
ENST00000619594.5	276-279	16
ENST00000619706.5	1288-1291	24
ENST00000619850.2	860-863	21
ENST00000619898.5	378-381	17
ENST00000619929.5	1482-1485	12
ENST00000620225.5	682-685	16
ENST00000620254.5	3018-3021	20
ENST00000620284.5	883-886	15
ENST00000620514.2	128-131	18
ENST00000620518.5	521-524	20
ENST00000620676.6	4094-4097	16
ENST00000620761.6	805-808	15
ENST00000620786.5	3924-3927	18
ENST00000620827.6	1746-1749	19
ENST00000620954.2	511-514	18
ENST00000621129.5	215-218	16
ENST00000621161.5	1501-1504	22
ENST00000621281.1	438-441	27
ENST00000621332.5	501-504	17
ENST00000621441.5	1004-1007	20
ENST00000621469.5	251-254	30
ENST00000621525.4	432-435	20
ENST00000621533.5	578-581	25
ENST00000621632.5	1721-1724	20
ENST00000621676.5	1392-1395	15
ENST00000621696.5	1002-1005	21
ENST00000621775.2	989-992	14
ENST00000621990.5	475-478	14
ENST00000621999.5	478-481	20
ENST00000622132.5	2365-2368	15
ENST00000622186.5	331-334	18
ENST00000622211.4	1874-1877	25
ENST00000622299.5	116-119	17
ENST00000622306.5	1464-1467	20
ENST00000622495.5	1583-1586	20
ENST00000622602.2	355-358	17
ENST00000622633.5	45-48	18
ENST00000622694.5	369-372	15
ENST00000622789.5	290-293	16
ENST00000623063.3	155-158	22
ENST00000623205.2	324-327	8
ENST00000623213.2	183-186	17
ENST00000623385.3	1606-1609	23
ENST00000623400.4	3811-3814	18
ENST00000623711.4	772-775	19
ENST00000624995.4	1036-1039	15
ENST00000625842.3	1711-1714	14
ENST00000626021.3	1159-1162	16
ENST00000626650.3	1522-1525	12
ENST00000627532.3	3175-3178	15
ENST00000628067.3	495-498	15
ENST00000628224.3	3232-3235	21
ENST00000630721.3	723-726	16
ENST00000633063.3	179-182	25
ENST00000634318.1	241-244	18
ENST00000634607.2	2897-2900	23
ENST00000635031.2	144-147	16
ENST00000635253.2	3719-3722	22
ENST00000635942.2	11381-11384	18
ENST00000636147.2	1382-1385	22
ENST00000636358.2	397-400	23
ENST00000636580.2	1095-1098	26
ENST00000636615.1	326-329	20
ENST00000636930.2	3567-3570	19
ENST00000637181.2	861-864	22
ENST00000637617.2	2774-2777	23
ENST00000637790.2	1015-1018	24
ENST00000637812.2	1337-1340	15
ENST00000637944.2	1738-1741	18
ENST00000638088.2	2044-2047	21
ENST00000638147.2	207-210	17
ENST00000638170.2	619-622	11
ENST00000638240.1	344-347	15
ENST00000638572.2	388-391	11
ENST00000638617.1	203-206	21
ENST00000638749.2	658-661	19
ENST00000638767.1	2130-2133	20
ENST00000638807.2	1144-1147	15
ENST00000639037.1	1822-1825	18
ENST00000639401.1	199-202	16
ENST00000639435.1	1200-1203	13
ENST00000639725.1	439-442	23
ENST00000639828.2	262-265	13
ENST00000639893.2	423-426	18
ENST00000640019.3	1234-1237	16
ENST00000640051.2	207-210	18
ENST00000640218.2	2267-2270	30
ENST00000640252.2	640-643	21
ENST00000640345.1	384-387	23
ENST00000640368.2	719-722	19
ENST00000640607.2	3815-3818	20
ENST00000640655.2	3651-3654	19
ENST00000640769.2	206-209	18
ENST00000640888.2	290-293	17
ENST00000640959.1	52-55	16
ENST00000640961.2	1173-1176	21
ENST00000641023.2	872-875	20
ENST00000641686.2	142-145	25
ENST00000641863.3	1923-1926	19
ENST00000642017.2	879-882	25
ENST00000642050.2	500-503	22
ENST00000642195.1	135-138	19
ENST00000642238.2	2358-2361	16
ENST00000642384.2	465-468	18
ENST00000642385.2	593-596	20
ENST00000642610.2	1663-1666	20
ENST00000642816.3	1360-1363	23
ENST00000642889.1	1839-1842	15
ENST00000642900.1	1729-1732	25
ENST00000642928.2	294-297	22
ENST00000643116.3	1717-1720	19
ENST00000643144.2	2020-2023	21
ENST00000643237.3	487-490	20
ENST00000643257.2	4016-4019	21
ENST00000643273.2	687-690	20
ENST00000643460.2	697-700	14
ENST00000643536.1	1559-1562	19
ENST00000643579.2	653-656	22
ENST00000643581.2	2880-2883	22
ENST00000643721.2	1699-1702	16
ENST00000643754.2	321-324	18
ENST00000643780.2	1343-1346	15
ENST00000643876.1	616-619	17
ENST00000643944.2	1238-1241	23
ENST00000644036.2	723-726	21
ENST00000644144.2	442-445	21
ENST00000644252.3	261-264	18
ENST00000644371.2	91-94	16
ENST00000644480.2	1871-1874	24
ENST00000644486.2	891-894	16
ENST00000644510.2	1522-1525	20
ENST00000644646.2	305-308	19
ENST00000644715.2	563-566	17
ENST00000644743.1	1454-1457	21
ENST00000644744.1	661-664	16
ENST00000644802.2	492-495	17
ENST00000644861.2	9937-9940	17
ENST00000644866.2	692-695	12
ENST00000644876.2	340-343	18
ENST00000644974.2	1954-1957	19
ENST00000645032.1	334-337	20
ENST00000645057.1	212-215	17
ENST00000645190.1	234-237	18
ENST00000645214.2	733-736	21
ENST00000645237.2	1445-1448	22
ENST00000645319.2	3105-3108	25
ENST00000645353.2	914-917	16
ENST00000645481.2	927-930	17
ENST00000645495.2	773-776	22
ENST00000645635.1	1702-1705	19
ENST00000645655.1	2405-2408	20
ENST00000645668.2	185-188	16
ENST00000645674.2	664-667	19
ENST00000645694.3	657-660	20
ENST00000645722.2	1492-1495	13
ENST00000645818.2	327-330	23
ENST00000645831.2	993-996	23
ENST00000645843.2	311-314	15
ENST00000645846.2	1170-1173	21
ENST00000646001.2	1193-1196	16
ENST00000646101.2	401-404	19
ENST00000646102.2	520-523	20
ENST00000646124.2	660-663	19
ENST00000646147.1	252-255	19
ENST00000646241.3	123-126	16
ENST00000646357.1	462-465	17
ENST00000646441.1	1574-1577	16
ENST00000646449.2	510-513	16
ENST00000646647.2	2167-2170	25
ENST00000646651.1	382-385	23
ENST00000646664.1	939-942	28
ENST00000646667.1	435-438	20
ENST00000646673.2	1373-1376	19
ENST00000646818.2	255-258	18
ENST00000646891.2	1264-1267	15
ENST00000646932.1	874-877	22
ENST00000647002.2	793-796	16
ENST00000647097.2	1727-1730	18
ENST00000647188.2	1046-1049	14
ENST00000647211.2	76-79	23
ENST00000647248.2	169-172	15
ENST00000647382.2	1652-1655	21
ENST00000647444.2	1251-1254	19
ENST00000647468.2	568-571	18
ENST00000647584.2	628-631	18
ENST00000647725.1	2467-2470	18
ENST00000647800.2	401-404	21
ENST00000647841.1	323-326	20
ENST00000647893.1	2431-2434	18
ENST00000647897.1	617-620	15
ENST00000647941.2	1307-1310	17
ENST00000647960.1	546-549	19
ENST00000648006.3	195-198	20
ENST00000648033.1	140-143	18
ENST00000648336.2	1375-1378	18
ENST00000648437.1	434-437	18
ENST00000648566.1	379-382	15
ENST00000648610.2	2210-2213	14
ENST00000648651.1	2449-2452	17
ENST00000648817.1	915-918	18
ENST00000648836.1	365-368	20
ENST00000648839.1	468-471	18
ENST00000648844.2	1191-1194	19
ENST00000648869.1	154-157	18
ENST00000648915.2	1384-1387	21
ENST00000648936.2	263-266	19
ENST00000648947.1	549-552	20
ENST00000648994.2	881-884	18
ENST00000649031.1	1019-1022	16
ENST00000649044.1	1041-1044	22
ENST00000649063.2	1026-1029	14
ENST00000649102.1	504-507	21
ENST00000649141.2	774-777	19
ENST00000649170.1	302-305	19
ENST00000649217.2	2639-2642	14
ENST00000649263.1	1134-1137	19
ENST00000649276.2	726-729	21
ENST00000649286.2	819-822	22
ENST00000649416.1	1105-1108	21
ENST00000649528.3	2098-2101	18
ENST00000649689.2	2420-2423	19
ENST00000649764.2	968-971	23
ENST00000649765.2	1418-1421	20
ENST00000649772.1	135-138	18
ENST00000649796.2	510-513	20
ENST00000649807.2	1411-1414	15
ENST00000649813.2	311-314	18
ENST00000649815.2	633-636	17
ENST00000649896.1	1835-1838	19
ENST00000649934.3	849-852	17
ENST00000649973.1	1237-1240	22
ENST00000650064.2	540-543	18
ENST00000650070.2	1626-1629	18
ENST00000650089.1	1943-1946	18
ENST00000650114.2	857-860	16
ENST00000650167.2	4221-4224	24
ENST00000650182.1	445-448	16
ENST00000650285.1	2582-2585	23
ENST00000650309.2	182-185	16
ENST00000650450.2	1404-1407	17
ENST00000650454.1	573-576	22
ENST00000650617.1	397-400	21
ENST00000650623.2	1950-1953	16
ENST00000650780.1	236-239	16
ENST00000650831.1	467-470	19
ENST00000650836.2	687-690	20
ENST00000650932.1	171-174	23
ENST00000650969.1	240-243	16
ENST00000651024.2	2650-2653	22
ENST00000651192.1	1012-1015	19
ENST00000651222.2	551-554	23
ENST00000651235.1	130-133	15
ENST00000651257.2	1813-1816	19
ENST00000651259.3	571-574	19
ENST00000651323.1	1115-1118	13
ENST00000651358.1	766-769	19
ENST00000651372.2	1530-1533	25
ENST00000651438.1	2766-2769	25
ENST00000651503.2	2473-2476	19
ENST00000651543.1	232-235	20
ENST00000651546.1	1557-1560	13
ENST00000651570.2	155-158	21
ENST00000651615.1	307-310	21
ENST00000651619.1	1114-1117	17
ENST00000651641.1	775-778	27
ENST00000651643.1	591-594	21
ENST00000651655.1	973-976	29
ENST00000651669.1	272-275	18
ENST00000651671.1	2242-2245	16
ENST00000651687.1	251-254	15
ENST00000651691.1	224-227	11
ENST00000651721.2	2865-2868	24
ENST00000651735.1	1557-1560	13
ENST00000651763.1	568-571	19
ENST00000651779.1	305-308	16
ENST00000651870.1	312-315	15
ENST00000651894.2	206-209	11
ENST00000651917.1	976-979	17
ENST00000651943.2	6251-6254	20
ENST00000651974.1	566-569	16
ENST00000651998.1	719-722	17
ENST00000652021.1	778-781	22
ENST00000652027.2	174-177	23
ENST00000652176.1	638-641	17
ENST00000652225.2	3457-3460	13
ENST00000652248.1	437-440	26
ENST00000652272.2	87-90	21
ENST00000652299.1	575-578	13
ENST00000652326.2	4338-4341	16
ENST00000652332.1	1450-1453	26
ENST00000652337.1	129-132	23
ENST00000652429.1	465-468	18
ENST00000652489.1	227-230	23
ENST00000652536.2	875-878	21
ENST00000652555.1	823-826	15
ENST00000652585.2	835-838	17
ENST00000652648.1	1246-1249	24
ENST00000652658.2	1337-1340	15
ENST00000652689.1	554-557	21
ENST00000652720.1	3146-3149	18
ENST00000653738.2	456-459	21
ENST00000656825.1	618-621	20
ENST00000658393.1	389-392	18
ENST00000661438.1	1177-1180	18
ENST00000661543.1	1145-1148	16
ENST00000662216.1	783-786	18
ENST00000663595.2	1099-1102	21
ENST00000667157.1	2367-2370	16
ENST00000668164.2	1447-1450	21
ENST00000669516.2	626-629	19
ENST00000671191.1	1297-1300	14
ENST00000671377.2	3210-3213	17
ENST00000671876.2	806-809	21
ENST00000672073.1	190-193	21
ENST00000672341.1	838-841	19
ENST00000672401.1	442-445	20
ENST00000672715.1	577-580	25
ENST00000672722.1	1907-1910	17
ENST00000672725.1	2177-2180	16
ENST00000672957.1	229-232	16
ENST00000672987.1	189-192	16
ENST00000673436.1	2060-2063	24
ENST00000673466.1	1120-1123	16
ENST00000673477.1	849-852	22
ENST00000673675.1	4785-4788	24
ENST00000673742.1	737-740	18
ENST00000673757.1	1864-1867	22
ENST00000673807.1	856-859	22
ENST00000673822.2	1923-1926	16
ENST00000673929.1	2382-2385	19
ENST00000673968.1	324-327	20
ENST00000674060.2	126-129	20
ENST00000674063.1	3166-3169	16
ENST00000674199.1	1663-1666	16
ENST00000674280.1	2034-2037	13
ENST00000674351.1	129-132	21
ENST00000674370.2	87-90	19
ENST00000674460.1	366-369	21
ENST00000674500.2	7317-7320	18
ENST00000674551.1	822-825	20
ENST00000674624.1	714-717	22
ENST00000674635.1	2908-2911	24
ENST00000674895.3	1099-1102	21
ENST00000674920.3	285-288	24
ENST00000674951.1	1482-1485	16
ENST00000674977.2	480-483	26
ENST00000675079.1	3558-3561	26
ENST00000675179.1	791-794	21
ENST00000675286.1	1189-1192	18
ENST00000675395.1	225-228	19
ENST00000675505.1	2152-2155	19
ENST00000675561.1	1521-1524	18
ENST00000675843.1	2643-2646	23
ENST00000675855.1	1014-1017	20
ENST00000675903.1	4271-4274	25
ENST00000676107.1	1652-1655	11
ENST00000676179.1	889-892	22
ENST00000676185.1	152-155	21
ENST00000676266.1	401-404	21
ENST00000676282.1	1567-1570	16
ENST00000676320.1	2049-2052	20
ENST00000676615.2	2564-2567	21
ENST00000676972.1	208-211	24
ENST00000677123.1	311-314	27
ENST00000677581.1	279-282	19
ENST00000677622.1	5604-5607	20
ENST00000677711.2	854-857	19
ENST00000677752.1	904-907	12
ENST00000678005.2	404-407	20
ENST00000678049.1	1656-1659	12
ENST00000678225.2	1417-1420	12
ENST00000678299.1	811-814	22
ENST00000678502.1	875-878	24
ENST00000678616.1	424-427	14
ENST00000679008.1	580-583	19
ENST00000679041.1	722-725	12
ENST00000679126.1	1107-1110	20
ENST00000679454.1	1616-1619	18
ENST00000679496.1	1430-1433	13
ENST00000679501.2	1739-1742	21
ENST00000679707.1	406-409	15
ENST00000679869.1	1583-1586	28
ENST00000680020.1	763-766	19
ENST00000680024.1	736-739	22
ENST00000680143.1	2589-2592	24
ENST00000680220.1	4636-4639	22
ENST00000680254.1	684-687	16
ENST00000680255.1	615-618	12
ENST00000680298.1	382-385	23
ENST00000680408.1	117-120	16
ENST00000680483.1	1099-1102	17
ENST00000680972.1	1778-1781	13
ENST00000681038.1	4418-4421	19
ENST00000681046.1	109-112	19
ENST00000681958.1	1810-1813	13
ENST00000681986.1	1062-1065	19
ENST00000682017.1	1178-1181	17
ENST00000682083.1	1415-1418	22
ENST00000682094.1	2263-2266	19
ENST00000682095.1	1087-1090	22
ENST00000682126.1	2751-2754	17
ENST00000682136.1	162-165	15
ENST00000682144.1	1825-1828	14
ENST00000682230.1	3312-3315	25
ENST00000682242.1	276-279	17
ENST00000682272.1	7575-7578	16
ENST00000682279.1	1103-1106	17
ENST00000682292.1	1518-1521	21
ENST00000682306.1	2523-2526	21
ENST00000682384.1	1527-1530	14
ENST00000682385.1	4210-4213	14
ENST00000682386.1	1310-1313	20
ENST00000682408.1	626-629	25
ENST00000682444.1	928-931	18
ENST00000682557.1	3563-3566	22
ENST00000682579.1	214-217	22
ENST00000682664.1	1605-1608	17
ENST00000682710.1	154-157	29
ENST00000682720.1	225-228	17
ENST00000682872.1	231-234	18
ENST00000682912.1	2382-2385	13
ENST00000682931.1	1229-1232	15
ENST00000682941.1	2823-2826	24
ENST00000683046.1	349-352	13
ENST00000683050.1	1742-1745	18
ENST00000683057.1	2571-2574	20
ENST00000683076.1	1668-1671	25
ENST00000683109.1	1232-1235	16
ENST00000683139.1	2748-2751	23
ENST00000683244.1	2907-2910	26
ENST00000683345.1	966-969	22
ENST00000683351.1	2322-2325	21
ENST00000683357.1	3531-3534	16
ENST00000683363.1	734-737	12
ENST00000683374.1	784-787	17
ENST00000683413.1	1085-1088	14
ENST00000683442.1	1551-1554	23
ENST00000683445.1	142-145	19
ENST00000683449.1	1673-1676	14
ENST00000683472.1	407-410	19
ENST00000683519.1	826-829	30
ENST00000683561.1	252-255	18
ENST00000683635.1	224-227	28
ENST00000683666.2	1373-1376	14
ENST00000683684.1	554-557	18
ENST00000683701.1	2169-2172	14
ENST00000683729.1	718-721	14
ENST00000683756.1	2659-2662	16
ENST00000683778.1	1756-1759	13
ENST00000683788.1	654-657	19
ENST00000683809.1	1264-1267	19
ENST00000683822.1	1174-1177	21
ENST00000683859.1	625-628	20
ENST00000683867.1	749-752	14
ENST00000683871.1	843-846	16
ENST00000683879.1	994-997	23
ENST00000683918.1	360-363	19
ENST00000684003.1	273-276	16
ENST00000684031.1	2784-2787	20
ENST00000684074.1	1582-1585	16
ENST00000684092.1	404-407	19
ENST00000684151.1	1430-1433	18
ENST00000684192.1	583-586	22
ENST00000684270.1	342-345	16
ENST00000684293.1	293-296	20
ENST00000684362.1	2689-2692	16
ENST00000684370.1	3257-3260	19
ENST00000684430.2	148-151	16
ENST00000684514.1	612-615	16
ENST00000684568.2	474-477	27
ENST00000684578.1	2044-2047	21
ENST00000684589.1	1062-1065	15
ENST00000684592.1	549-552	19
ENST00000684631.1	686-689	14
ENST00000684689.1	563-566	21
ENST00000684762.1	464-467	12
ENST00000684778.1	4387-4390	17
ENST00000684830.1	2420-2423	15
ENST00000684901.1	4089-4092	27
ENST00000685175.1	1242-1245	20
ENST00000685332.1	2004-2007	21
ENST00000685392.1	597-600	16
ENST00000685551.1	3879-3882	19
ENST00000685781.1	346-349	18
ENST00000685843.1	1446-1449	21
ENST00000685924.1	1457-1460	17
ENST00000685964.1	745-748	14
ENST00000686138.1	1280-1283	18
ENST00000686636.1	1792-1795	22
ENST00000687041.1	1828-1831	17
ENST00000687097.1	735-738	20
ENST00000687296.1	1706-1709	12
ENST00000687698.1	5182-5185	21
ENST00000688009.1	1158-1161	25
ENST00000688015.1	675-678	14
ENST00000688051.1	3404-3407	20
ENST00000688188.1	1545-1548	17
ENST00000688521.1	1086-1089	24
ENST00000688720.1	2297-2300	19
ENST00000689035.1	2280-2283	27
ENST00000689528.1	622-625	19
ENST00000689584.1	326-329	29
ENST00000689635.1	810-813	14
ENST00000689681.1	3053-3056	16
ENST00000690025.1	3779-3782	13
ENST00000690765.1	117-120	19
ENST00000690772.1	782-785	10
ENST00000690938.1	1515-1518	16
ENST00000690982.1	657-660	17
ENST00000691320.1	408-411	19
ENST00000691414.1	4599-4602	20
ENST00000691494.1	5839-5842	19
ENST00000692008.1	692-695	20
ENST00000692078.1	1294-1297	15
ENST00000692248.1	1586-1589	19
ENST00000692281.1	3557-3560	27
ENST00000692443.1	274-277	14
ENST00000692500.1	258-261	16
ENST00000692827.1	2635-2638	19
ENST00000693075.1	1157-1160	16
ENST00000693202.1	417-420	16
ENST00000693296.1	1517-1520	16
ENST00000693505.1	647-650	22
ENST00000693561.1	435-438	24
ENST00000694906.1	449-452	19
ENST00000694912.1	1253-1256	25
ENST00000694978.1	1983-1986	14
ENST00000695335.1	419-422	16
ENST00000695367.1	354-357	19
ENST00000695402.1	444-447	13
ENST00000695708.1	2048-2051	17
ENST00000695737.1	2825-2828	20
ENST00000695795.1	1808-1811	18
ENST00000695854.1	984-987	17
ENST00000695855.1	701-704	20
ENST00000695919.1	2809-2812	20
ENST00000695999.1	412-415	29
ENST00000696102.1	424-427	13
ENST00000696123.1	241-244	22
ENST00000696125.1	2441-2444	16
ENST00000696149.1	159-162	20
ENST00000696270.1	774-777	17
ENST00000696289.1	375-378	17
ENST00000696786.1	2514-2517	23
ENST00000696905.1	662-665	23
ENST00000696935.1	802-805	19
ENST00000696973.1	1757-1760	18
ENST00000696979.1	1377-1380	21
ENST00000697964.2	1458-1461	17
ENST00000698152.1	430-433	24
ENST00000698857.1	1219-1222	19
ENST00000699159.1	570-573	18
ENST00000699333.1	1027-1030	18
ENST00000703449.1	926-929	12
ENST00000703646.1	333-336	22
ENST00000703841.1	1904-1907	20
ENST00000703936.1	2740-2743	22
ENST00000703967.1	656-659	15
ENST00000704381.1	294-297	19
ENST00000705249.1	875-878	17
ENST00000706887.1	2023-2026	20
ENST00000706947.1	348-351	20
ENST00000707071.1	1917-1920	18
ENST00000710437.1	383-386	19
ENST00000713549.1	432-435	10
ENST00000715520.1	306-309	16
ENST00000715679.1	316-319	16
ENST00000248564.6	592-595	19
ENST00000263655.4	780-783	14
ENST00000309048.8	325-328	15
ENST00000405954.2	751-754	9
ENST00000602787.6	323-326	15
ENST00000628077.3	952-955	14
