transcript_id	peak_position	count
ENST00000000233.10	289-292	16
ENST00000000412.8	309-312	4
ENST00000000442.11	240-243	6
ENST00000001008.6	350-353	9
ENST00000002125.9	288-291	4
ENST00000002165.11	338-341	8
ENST00000002501.11	148-151	4
ENST00000003100.13	1355-1358	4
ENST00000005257.7	405-408	10
ENST00000005259.9	91-94	3
ENST00000005260.9	1741-1744	7
ENST00000005340.10	1191-1194	10
ENST00000005386.8	286-289	8
ENST00000006015.4	850-853	6
ENST00000006777.11	961-964	3
ENST00000007264.7	997-1000	16
ENST00000007390.3	197-200	10
ENST00000007516.8	239-242	16
ENST00000008527.10	1926-1929	12
ENST00000009041.12	894-897	4
ENST00000009180.10	490-493	7
ENST00000009589.8	132-135	4
ENST00000011619.6	1407-1410	9
ENST00000011691.6	122-125	4
ENST00000011898.10	609-612	5
ENST00000012049.10	899-902	6
ENST00000012443.9	1132-1135	5
ENST00000013070.11	462-465	6
ENST00000014930.9	196-199	10
ENST00000016171.6	96-99	7
ENST00000016946.8	2684-2687	21
ENST00000017003.7	183-186	13
ENST00000022615.9	226-229	7
ENST00000025008.10	4778-4781	7
ENST00000025301.4	2816-2819	5
ENST00000029410.10	316-319	9
ENST00000035307.7	1763-1766	7
ENST00000038176.8	420-423	5
ENST00000039989.9	1607-1610	15
ENST00000040584.6	879-882	6
ENST00000040663.8	142-145	12
ENST00000040738.10	2325-2328	7
ENST00000040877.2	4396-4399	7
ENST00000042381.9	154-157	6
ENST00000044462.12	254-257	6
ENST00000046640.9	517-520	4
ENST00000053468.4	477-480	9
ENST00000053867.8	139-142	12
ENST00000054650.9	543-546	5
ENST00000054666.11	316-319	6
ENST00000054950.4	351-354	7
ENST00000055077.8	415-418	7
ENST00000056233.4	2035-2038	4
ENST00000060969.6	150-153	5
ENST00000064780.7	1290-1293	7
ENST00000066544.8	195-198	7
ENST00000072644.7	450-453	17
ENST00000072869.9	1169-1172	15
ENST00000078429.9	704-707	12
ENST00000080059.12	2020-2023	7
ENST00000081029.8	171-174	6
ENST00000083182.8	1448-1451	8
ENST00000084798.9	642-645	7
ENST00000156109.7	1108-1111	5
ENST00000156471.10	2073-2076	6
ENST00000157812.7	467-470	8
ENST00000158771.9	647-650	6
ENST00000159111.9	2899-2902	16
ENST00000160298.9	1766-1769	6
ENST00000160827.9	135-138	14
ENST00000161863.9	1531-1534	7
ENST00000162044.14	899-902	6
ENST00000162330.10	1066-1069	11
ENST00000162749.7	490-493	7
ENST00000163416.7	533-536	13
ENST00000164133.7	1165-1168	5
ENST00000166345.8	1195-1198	13
ENST00000168216.11	691-694	7
ENST00000169298.8	1542-1545	9
ENST00000169551.11	847-850	4
ENST00000170168.9	3407-3410	7
ENST00000170447.12	1264-1267	8
ENST00000170564.7	1855-1858	7
ENST00000171111.10	178-181	10
ENST00000173229.7	1828-1831	8
ENST00000173527.6	639-642	3
ENST00000173898.12	1758-1761	7
ENST00000175091.5	456-459	5
ENST00000175756.10	814-817	5
ENST00000176643.11	1184-1187	14
ENST00000176763.10	1994-1997	5
ENST00000178640.10	966-969	9
ENST00000179259.6	725-728	6
ENST00000181796.7	765-768	9
ENST00000181839.10	3026-3029	11
ENST00000182527.4	526-529	6
ENST00000184266.3	393-396	3
ENST00000184956.11	3055-3058	8
ENST00000185150.9	1463-1466	8
ENST00000186436.10	2515-2518	15
ENST00000188312.7	1087-1090	6
ENST00000190611.9	2373-2376	9
ENST00000192788.6	3021-3024	5
ENST00000193322.8	309-312	8
ENST00000194214.10	259-262	8
ENST00000194530.8	1518-1521	14
ENST00000196061.5	630-633	8
ENST00000196371.10	202-205	7
ENST00000196482.4	611-614	10
ENST00000196551.8	390-393	6
ENST00000197268.13	836-839	7
ENST00000198767.11	279-282	9
ENST00000199320.9	1015-1018	7
ENST00000199389.11	482-485	14
ENST00000199706.13	260-263	10
ENST00000199814.9	260-263	5
ENST00000200135.8	1340-1343	5
ENST00000200457.9	918-921	10
ENST00000200557.11	1541-1544	6
ENST00000200639.9	697-700	8
ENST00000202017.6	94-97	4
ENST00000202556.14	379-382	10
ENST00000202677.12	3065-3068	8
ENST00000202773.14	139-142	6
ENST00000202834.12	149-152	8
ENST00000203001.7	248-251	6
ENST00000203166.10	69-72	6
ENST00000203407.6	875-878	6
ENST00000203630.10	495-498	7
ENST00000203664.10	228-231	6
ENST00000204517.11	1120-1123	4
ENST00000204549.9	1152-1155	6
ENST00000204566.7	1183-1186	3
ENST00000204679.9	389-392	4
ENST00000204961.5	1671-1674	11
ENST00000205194.5	728-731	6
ENST00000205214.11	475-478	7
ENST00000205402.10	1547-1550	8
ENST00000205636.4	575-578	7
ENST00000206020.8	295-298	5
ENST00000206380.8	23-26	3
ENST00000206451.11	774-777	8
ENST00000206542.9	804-807	3
ENST00000206595.11	1841-1844	8
ENST00000207870.8	189-192	4
ENST00000209728.9	1134-1137	5
ENST00000209873.9	1360-1363	6
ENST00000209875.9	313-316	5
ENST00000209884.5	178-181	4
ENST00000210060.12	186-189	11
ENST00000210444.6	842-845	16
ENST00000211998.10	2717-2720	11
ENST00000212015.11	699-702	10
ENST00000212355.9	2559-2562	12
ENST00000214869.7	69-72	5
ENST00000215071.9	562-565	9
ENST00000215115.5	520-523	5
ENST00000215375.7	418-421	8
ENST00000215565.3	141-144	6
ENST00000215567.10	949-952	8
ENST00000215570.8	107-110	10
ENST00000215574.9	352-355	15
ENST00000215631.9	235-238	4
ENST00000215659.13	456-459	6
ENST00000215730.12	494-497	10
ENST00000215754.8	305-308	3
ENST00000215770.6	33-36	9
ENST00000215790.12	414-417	7
ENST00000215793.13	540-543	11
ENST00000215794.8	945-948	4
ENST00000215829.8	445-448	7
ENST00000215832.11	1243-1246	5
ENST00000215882.10	846-849	6
ENST00000215904.7	765-768	8
ENST00000215906.6	1276-1279	3
ENST00000215909.10	310-313	10
ENST00000215917.11	950-953	4
ENST00000215941.9	597-600	6
ENST00000215957.10	2637-2640	14
ENST00000215980.10	187-190	2
ENST00000216014.9	147-150	4
ENST00000216027.8	114-117	3
ENST00000216029.8	277-280	4
ENST00000216038.6	973-976	5
ENST00000216044.10	642-645	6
ENST00000216068.9	512-515	3
ENST00000216085.12	989-992	5
ENST00000216106.6	415-418	16
ENST00000216117.9	147-150	4
ENST00000216121.12	577-580	5
ENST00000216122.9	95-98	19
ENST00000216129.7	653-656	12
ENST00000216146.9	341-344	14
ENST00000216160.11	1505-1508	8
ENST00000216180.8	1244-1247	5
ENST00000216181.11	4167-4170	10
ENST00000216185.7	428-431	10
ENST00000216190.13	1634-1637	12
ENST00000216218.8	744-747	6
ENST00000216225.9	174-177	8
ENST00000216237.10	78-81	5
ENST00000216252.4	333-336	5
ENST00000216254.9	258-261	6
ENST00000216259.8	116-119	3
ENST00000216264.13	1505-1508	5
ENST00000216268.6	3922-3925	10
ENST00000216277.13	517-520	12
ENST00000216281.13	410-413	9
ENST00000216286.10	1250-1253	6
ENST00000216294.5	1133-1136	9
ENST00000216297.7	1355-1358	10
ENST00000216367.10	890-893	9
ENST00000216373.10	3763-3766	6
ENST00000216392.8	1505-1508	9
ENST00000216410.8	296-299	8
ENST00000216416.9	368-371	3
ENST00000216420.12	177-180	11
ENST00000216442.12	640-643	8
ENST00000216452.9	494-497	10
ENST00000216455.9	537-540	5
ENST00000216468.8	926-929	9
ENST00000216479.8	211-214	20
ENST00000216484.7	1723-1726	5
ENST00000216489.8	1096-1099	5
ENST00000216513.5	1153-1156	5
ENST00000216554.8	495-498	13
ENST00000216639.8	662-665	8
ENST00000216714.8	378-381	8
ENST00000216727.9	553-556	14
ENST00000216756.11	192-195	9
ENST00000216774.11	836-839	6
ENST00000216780.9	1325-1328	8
ENST00000216797.10	201-204	3
ENST00000216799.9	193-196	6
ENST00000216802.10	242-245	6
ENST00000216807.12	905-908	10
ENST00000216832.9	176-179	11
ENST00000216840.11	1827-1830	4
ENST00000216879.9	367-370	8
ENST00000216923.5	941-944	18
ENST00000216962.9	1702-1705	10
ENST00000216968.5	443-446	7
ENST00000217026.5	1160-1163	4
ENST00000217109.9	236-239	4
ENST00000217159.6	1239-1242	5
ENST00000217173.7	846-849	10
ENST00000217182.6	1264-1267	5
ENST00000217244.9	411-414	11
ENST00000217381.3	1454-1457	6
ENST00000217402.3	565-568	5
ENST00000217426.7	391-394	10
ENST00000217446.8	1045-1048	5
ENST00000217455.9	515-518	7
ENST00000217456.3	285-288	12
ENST00000217515.11	617-620	7
ENST00000217652.8	412-415	4
ENST00000217740.4	414-417	2
ENST00000217893.10	513-516	12
ENST00000217901.10	421-424	8
ENST00000217958.8	175-178	6
ENST00000217971.8	493-496	5
ENST00000218230.6	768-771	16
ENST00000218340.4	544-547	5
ENST00000218364.5	513-516	15
ENST00000218388.9	626-629	5
ENST00000218516.4	373-376	7
ENST00000218652.12	328-331	5
ENST00000219069.6	424-427	5
ENST00000219091.9	159-162	11
ENST00000219097.7	518-521	6
ENST00000219139.8	496-499	10
ENST00000219169.9	160-163	7
ENST00000219204.8	490-493	8
ENST00000219240.9	789-792	13
ENST00000219252.10	607-610	6
ENST00000219281.8	119-122	15
ENST00000219299.8	85-88	5
ENST00000219302.8	222-225	4
ENST00000219313.9	272-275	7
ENST00000219315.9	927-930	8
ENST00000219320.9	429-432	4
ENST00000219343.11	912-915	7
ENST00000219345.10	321-324	5
ENST00000219400.8	403-406	7
ENST00000219409.8	279-282	18
ENST00000219439.9	400-403	10
ENST00000219473.12	133-136	9
ENST00000219476.9	4310-4313	15
ENST00000219478.11	508-511	7
ENST00000219479.7	186-189	6
ENST00000219481.10	544-547	12
ENST00000219548.9	731-734	7
ENST00000219611.7	3168-3171	15
ENST00000219789.11	855-858	4
ENST00000219794.11	688-691	12
ENST00000219797.9	186-189	8
ENST00000219837.12	312-315	8
ENST00000220003.14	1183-1186	15
ENST00000220058.9	248-251	8
ENST00000220166.10	1013-1016	5
ENST00000220325.9	660-663	6
ENST00000220496.9	903-906	3
ENST00000220507.5	410-413	3
ENST00000220509.10	1885-1888	13
ENST00000220514.8	654-657	6
ENST00000220531.9	77-80	4
ENST00000220562.9	2753-2756	6
ENST00000220584.9	749-752	7
ENST00000220592.10	1069-1072	13
ENST00000220597.4	1119-1122	9
ENST00000220659.11	930-933	5
ENST00000220669.10	91-94	5
ENST00000220751.5	824-827	7
ENST00000220809.9	1103-1106	6
ENST00000220822.12	881-884	4
ENST00000220849.10	303-306	8
ENST00000220853.8	506-509	8
ENST00000220913.10	268-271	3
ENST00000221086.8	994-997	4
ENST00000221114.8	429-432	3
ENST00000221130.11	1070-1073	10
ENST00000221138.9	1015-1018	5
ENST00000221200.9	724-727	5
ENST00000221232.11	540-543	10
ENST00000221233.9	700-703	6
ENST00000221265.8	545-548	14
ENST00000221283.10	796-799	5
ENST00000221418.9	373-376	6
ENST00000221419.10	1001-1004	15
ENST00000221431.11	564-567	4
ENST00000221455.8	435-438	10
ENST00000221462.9	2082-2085	7
ENST00000221466.10	1142-1145	5
ENST00000221486.6	411-414	6
ENST00000221494.10	595-598	13
ENST00000221543.10	271-274	7
ENST00000221554.13	480-483	6
ENST00000221566.7	106-109	5
ENST00000221573.11	782-785	6
ENST00000221671.8	1564-1567	5
ENST00000221801.8	979-982	7
ENST00000221855.8	657-660	5
ENST00000221856.11	929-932	8
ENST00000221859.9	241-244	5
ENST00000221922.11	501-504	6
ENST00000221930.6	1244-1247	5
ENST00000221943.14	364-367	9
ENST00000221957.9	118-121	5
ENST00000222005.7	780-783	12
ENST00000222008.11	170-173	3
ENST00000222120.8	559-562	2
ENST00000222122.10	1036-1039	5
ENST00000222214.10	224-227	6
ENST00000222219.8	368-371	7
ENST00000222224.4	35-38	8
ENST00000222247.10	146-149	4
ENST00000222250.5	1155-1158	10
ENST00000222254.13	2220-2223	7
ENST00000222284.10	207-210	5
ENST00000222305.8	362-365	15
ENST00000222307.9	105-108	16
ENST00000222329.9	1530-1533	10
ENST00000222330.8	638-641	9
ENST00000222345.11	2902-2905	19
ENST00000222374.3	990-993	13
ENST00000222388.6	1828-1831	8
ENST00000222399.11	389-392	8
ENST00000222511.11	452-455	5
ENST00000222547.8	370-373	5
ENST00000222553.8	357-360	9
ENST00000222567.6	399-402	7
ENST00000222572.8	320-323	9
ENST00000222574.9	1047-1050	4
ENST00000222584.8	349-352	9
ENST00000222644.10	1689-1692	8
ENST00000222673.6	63-66	8
ENST00000222726.4	836-839	13
ENST00000222747.8	923-926	17
ENST00000222800.8	308-311	5
ENST00000222803.10	356-359	5
ENST00000222969.10	688-691	10
ENST00000222990.8	767-770	6
ENST00000223023.5	602-605	6
ENST00000223029.8	902-905	8
ENST00000223073.6	349-352	7
ENST00000223127.8	1276-1279	11
ENST00000223129.8	1334-1337	5
ENST00000223136.5	335-338	5
ENST00000223145.10	1722-1725	14
ENST00000223208.10	728-731	4
ENST00000223273.7	60-63	4
ENST00000223321.9	316-319	8
ENST00000223324.3	320-323	7
ENST00000223336.11	493-496	7
ENST00000223368.7	574-577	4
ENST00000223369.3	473-476	3
ENST00000223459.11	898-901	4
ENST00000223641.5	259-262	3
ENST00000223864.7	458-461	2
ENST00000224073.6	227-230	4
ENST00000224140.6	2818-2821	7
ENST00000224652.12	397-400	7
ENST00000224949.9	292-295	10
ENST00000224950.8	816-819	3
ENST00000225171.7	732-735	11
ENST00000225174.8	416-419	7
ENST00000225235.5	1627-1630	7
ENST00000225296.8	165-168	5
ENST00000225298.12	42-45	23
ENST00000225388.9	1475-1478	7
ENST00000225394.8	1803-1806	9
ENST00000225430.9	404-407	5
ENST00000225519.5	727-730	10
ENST00000225525.4	187-190	9
ENST00000225577.9	1420-1423	9
ENST00000225603.9	755-758	3
ENST00000225609.10	458-461	6
ENST00000225648.4	432-435	6
ENST00000225655.6	448-451	4
ENST00000225665.12	1030-1033	6
ENST00000225698.8	892-895	8
ENST00000225719.9	981-984	12
ENST00000225726.10	1258-1261	9
ENST00000225728.8	314-317	3
ENST00000225729.8	424-427	4
ENST00000225737.11	1964-1967	5
ENST00000225777.8	555-558	14
ENST00000225792.10	1208-1211	8
ENST00000225873.9	1000-1003	4
ENST00000225916.10	1350-1353	7
ENST00000225927.7	461-464	7
ENST00000225969.9	242-245	7
ENST00000225972.8	254-257	12
ENST00000226004.8	353-356	7
ENST00000226105.11	485-488	3
ENST00000226225.7	222-225	9
ENST00000226230.8	448-451	6
ENST00000226253.9	632-635	16
ENST00000226299.9	613-616	9
ENST00000226319.11	399-402	8
ENST00000226574.9	2918-2921	10
ENST00000226725.11	376-379	4
ENST00000226760.5	2483-2486	6
ENST00000226796.7	358-361	10
ENST00000226798.9	156-159	4
ENST00000227135.7	241-244	5
ENST00000227266.10	1390-1393	5
ENST00000227322.8	627-630	10
ENST00000227471.7	66-69	7
ENST00000227474.8	746-749	8
ENST00000227507.3	635-638	6
ENST00000227520.10	726-729	14
ENST00000227524.9	1196-1199	6
ENST00000227525.8	455-458	5
ENST00000227638.8	1444-1447	6
ENST00000227756.5	1441-1444	5
ENST00000227758.7	2386-2389	7
ENST00000227868.9	1475-1478	8
ENST00000228136.9	183-186	6
ENST00000228251.9	698-701	9
ENST00000228347.9	3504-3507	7
ENST00000228425.11	2080-2083	7
ENST00000228437.10	1991-1994	11
ENST00000228495.11	950-953	6
ENST00000228506.8	619-622	11
ENST00000228510.8	391-394	5
ENST00000228515.6	1211-1214	6
ENST00000228705.7	1794-1797	4
ENST00000228740.7	443-446	7
ENST00000228741.8	792-795	8
ENST00000228799.7	456-459	7
ENST00000228825.12	401-404	6
ENST00000228827.8	810-813	4
ENST00000228872.9	880-883	4
ENST00000228922.12	335-338	5
ENST00000229179.9	523-526	14
ENST00000229195.8	251-254	8
ENST00000229214.9	219-222	10
ENST00000229238.5	375-378	4
ENST00000229239.10	184-187	9
ENST00000229266.8	351-354	13
ENST00000229268.13	792-795	6
ENST00000229277.6	584-587	26
ENST00000229281.6	436-439	4
ENST00000229328.10	463-466	9
ENST00000229329.7	221-224	4
ENST00000229330.9	162-165	5
ENST00000229340.10	664-667	3
ENST00000229390.8	793-796	8
ENST00000229395.8	327-330	7
ENST00000229563.6	300-303	4
ENST00000229595.6	361-364	3
ENST00000229633.7	733-736	6
ENST00000229758.8	820-823	4
ENST00000229769.3	1498-1501	7
ENST00000229794.9	1289-1292	14
ENST00000229812.8	1435-1438	5
ENST00000229903.5	433-436	8
ENST00000229922.7	171-174	5
ENST00000230048.5	379-382	5
ENST00000230050.4	376-379	3
ENST00000230056.8	912-915	8
ENST00000230085.13	122-125	7
ENST00000230122.4	936-939	9
ENST00000230124.8	1355-1358	11
ENST00000230340.9	1117-1120	7
ENST00000230419.9	2812-2815	6
ENST00000230431.11	67-70	6
ENST00000230449.9	2492-2495	8
ENST00000230461.11	1069-1072	4
ENST00000230538.12	346-349	7
ENST00000230640.10	2182-2185	9
ENST00000230771.9	1199-1202	14
ENST00000230792.7	1167-1170	10
ENST00000230859.8	1110-1113	19
ENST00000231198.12	354-357	7
ENST00000231238.10	696-699	6
ENST00000231368.10	196-199	12
ENST00000231498.8	396-399	13
ENST00000231512.5	482-485	14
ENST00000231524.14	1421-1424	9
ENST00000231572.8	1000-1003	7
ENST00000231887.8	765-768	6
ENST00000231948.9	433-436	13
ENST00000232424.4	353-356	3
ENST00000232496.5	352-355	6
ENST00000232501.8	297-300	4
ENST00000232564.8	281-284	9
ENST00000232607.7	362-365	11
ENST00000232766.6	1657-1660	7
ENST00000232854.9	533-536	3
ENST00000232888.7	46-49	5
ENST00000232905.4	268-271	6
ENST00000232978.13	866-869	6
ENST00000233027.10	2423-2426	8
ENST00000233047.9	516-519	2
ENST00000233055.9	732-735	6
ENST00000233057.9	1126-1129	8
ENST00000233078.9	284-287	11
ENST00000233084.8	357-360	14
ENST00000233099.6	2634-2637	10
ENST00000233114.13	240-243	5
ENST00000233121.7	593-596	4
ENST00000233146.7	1797-1800	16
ENST00000233154.9	1489-1492	6
ENST00000233190.11	2010-2013	7
ENST00000233331.12	519-522	9
ENST00000233336.7	1275-1278	6
ENST00000233379.9	522-525	3
ENST00000233468.5	136-139	18
ENST00000233575.7	584-587	5
ENST00000233596.8	98-101	3
ENST00000233615.7	534-537	10
ENST00000233623.11	132-135	6
ENST00000233627.14	62-65	3
ENST00000233630.11	147-150	4
ENST00000233741.9	123-126	3
ENST00000233809.9	1052-1055	5
ENST00000233813.5	1458-1461	4
ENST00000233838.9	2255-2258	6
ENST00000234038.11	521-524	19
ENST00000234040.9	2387-2390	7
ENST00000234111.9	1609-1612	13
ENST00000234160.5	193-196	8
ENST00000234170.10	2498-2501	9
ENST00000234179.8	1930-1933	16
ENST00000234198.9	1190-1193	5
ENST00000234256.4	725-728	6
ENST00000234296.7	1325-1328	8
ENST00000234301.3	125-128	3
ENST00000234310.8	594-597	12
ENST00000234420.11	362-365	9
ENST00000234453.10	1241-1244	8
ENST00000234454.6	355-358	8
ENST00000234590.10	905-908	6
ENST00000234626.11	1775-1778	7
ENST00000234677.7	162-165	13
ENST00000234827.6	451-454	5
ENST00000234831.10	382-385	4
ENST00000234875.9	157-160	5
ENST00000235090.10	1032-1035	4
ENST00000235150.5	1303-1306	6
ENST00000235329.10	1798-1801	6
ENST00000235332.6	479-482	10
ENST00000235345.6	237-240	6
ENST00000235382.7	72-75	3
ENST00000235521.5	606-609	7
ENST00000235835.8	461-464	4
ENST00000236051.3	181-184	11
ENST00000236137.10	355-358	4
ENST00000236192.12	547-550	12
ENST00000236273.9	197-200	4
ENST00000236342.12	648-651	11
ENST00000236671.7	776-779	5
ENST00000236959.14	912-915	4
ENST00000237264.9	663-666	6
ENST00000237281.5	2387-2390	10
ENST00000237283.9	586-589	3
ENST00000237380.12	50-53	13
ENST00000237455.5	1633-1636	7
ENST00000237500.10	261-264	5
ENST00000237530.11	60-63	6
ENST00000237596.7	1395-1398	8
ENST00000237654.9	1557-1560	12
ENST00000237822.8	91-94	6
ENST00000237853.9	1420-1423	4
ENST00000237889.9	259-262	5
ENST00000238081.8	754-757	4
ENST00000238112.8	1164-1167	8
ENST00000238146.9	953-956	6
ENST00000238156.8	632-635	7
ENST00000238256.8	1396-1399	6
ENST00000238497.10	1414-1417	7
ENST00000238558.5	257-260	6
ENST00000238561.10	160-163	3
ENST00000238609.4	334-337	7
ENST00000238616.10	2698-2701	6
ENST00000238647.5	2563-2566	10
ENST00000238651.10	1201-1204	9
ENST00000238714.8	757-760	8
ENST00000238721.9	1156-1159	5
ENST00000238738.9	572-575	4
ENST00000238788.14	2082-2085	7
ENST00000238789.10	3479-3482	4
ENST00000238823.13	1035-1038	9
ENST00000238831.9	456-459	5
ENST00000238875.10	567-570	3
ENST00000238892.4	362-365	2
ENST00000238936.8	387-390	11
ENST00000238961.9	163-166	8
ENST00000239144.5	1059-1062	6
ENST00000239223.4	492-495	7
ENST00000239231.7	628-631	7
ENST00000239243.7	801-804	6
ENST00000239367.7	963-966	6
ENST00000239666.9	492-495	4
ENST00000239690.9	1211-1214	6
ENST00000239830.9	1392-1395	5
ENST00000239878.9	96-99	4
ENST00000239882.7	905-908	7
ENST00000239891.4	151-154	9
ENST00000239906.10	491-494	15
ENST00000239940.12	42-45	12
ENST00000239944.7	421-424	2
ENST00000240050.9	574-577	5
ENST00000240055.8	629-632	6
ENST00000240079.11	551-554	7
ENST00000240093.8	876-879	11
ENST00000240139.10	818-821	5
ENST00000240185.8	480-483	8
ENST00000240285.10	1159-1162	7
ENST00000240316.5	1354-1357	5
ENST00000240328.4	802-805	5
ENST00000240333.12	617-620	10
ENST00000240364.7	1061-1064	16
ENST00000240423.9	637-640	7
ENST00000240488.8	488-491	6
ENST00000240587.5	670-673	10
ENST00000240651.14	1474-1477	6
ENST00000240662.3	528-531	8
ENST00000240731.5	1307-1310	11
ENST00000240851.9	634-637	9
ENST00000240922.8	729-732	7
ENST00000241014.6	497-500	9
ENST00000241051.8	1602-1605	6
ENST00000241052.5	1544-1547	14
ENST00000241416.12	1483-1486	5
ENST00000241436.9	538-541	5
ENST00000241463.5	361-364	8
ENST00000241502.9	425-428	10
ENST00000241600.10	863-866	6
ENST00000241704.8	2744-2747	11
ENST00000242059.10	293-296	5
ENST00000242067.11	2355-2358	7
ENST00000242108.9	655-658	5
ENST00000242209.9	1268-1271	12
ENST00000242248.10	1280-1283	5
ENST00000242257.14	477-480	10
ENST00000242261.6	363-366	3
ENST00000242275.7	1007-1010	4
ENST00000242351.10	1829-1832	6
ENST00000242505.11	245-248	4
ENST00000242576.7	674-677	4
ENST00000242591.10	2347-2350	4
ENST00000242592.9	519-522	3
ENST00000242719.4	742-745	3
ENST00000242776.9	874-877	15
ENST00000242783.11	1221-1224	8
ENST00000242784.5	276-279	4
ENST00000242786.6	125-128	7
ENST00000242810.11	2053-2056	5
ENST00000242827.11	215-218	3
ENST00000242839.10	4454-4457	7
ENST00000243045.10	259-262	13
ENST00000243189.12	695-698	5
ENST00000243253.8	419-422	6
ENST00000243298.3	644-647	4
ENST00000243344.8	2759-2762	8
ENST00000243389.8	264-267	11
ENST00000243440.2	165-168	4
ENST00000243498.10	1311-1314	9
ENST00000243501.10	693-696	2
ENST00000243563.8	491-494	7
ENST00000243776.11	1876-1879	13
ENST00000243903.6	1399-1402	4
ENST00000243918.10	592-595	4
ENST00000244020.5	1128-1131	7
ENST00000244040.4	556-559	3
ENST00000244051.3	1255-1258	7
ENST00000244061.6	556-559	8
ENST00000244137.12	1267-1270	11
ENST00000244204.11	825-828	3
ENST00000244217.6	301-304	3
ENST00000244221.9	217-220	4
ENST00000244227.8	224-227	12
ENST00000244230.7	1814-1817	9
ENST00000244496.6	404-407	9
ENST00000244520.10	459-462	11
ENST00000244571.5	198-201	9
ENST00000244711.4	460-463	6
ENST00000244741.10	171-174	4
ENST00000244745.4	1003-1006	12
ENST00000244763.9	844-847	5
ENST00000244766.7	449-452	6
ENST00000245046.7	186-189	6
ENST00000245157.11	1515-1518	4
ENST00000245206.10	592-595	6
ENST00000245222.9	763-766	6
ENST00000245304.5	500-503	7
ENST00000245407.8	1523-1526	11
ENST00000245414.9	570-573	5
ENST00000245451.9	414-417	5
ENST00000245539.11	595-598	8
ENST00000245543.6	809-812	5
ENST00000245544.9	1724-1727	10
ENST00000245552.7	302-305	5
ENST00000245564.8	238-241	11
ENST00000245615.6	249-252	7
ENST00000245680.7	752-755	12
ENST00000245787.9	383-386	9
ENST00000245816.11	830-833	8
ENST00000245817.5	347-350	7
ENST00000245838.13	1047-1050	20
ENST00000245923.9	1848-1851	7
ENST00000245925.8	1653-1656	6
ENST00000245932.11	857-860	7
ENST00000245934.12	570-573	11
ENST00000245960.10	915-918	8
ENST00000246024.7	664-667	17
ENST00000246069.12	500-503	4
ENST00000246071.8	438-441	4
ENST00000246117.9	1394-1397	9
ENST00000246151.9	158-161	9
ENST00000246166.3	443-446	4
ENST00000246190.11	946-949	9
ENST00000246194.8	967-970	6
ENST00000246229.5	1066-1069	10
ENST00000246337.9	711-714	5
ENST00000246533.8	491-494	7
ENST00000246535.4	1085-1088	11
ENST00000246548.9	883-886	10
ENST00000246747.9	246-249	15
ENST00000246784.8	269-272	7
ENST00000246802.10	1334-1337	10
ENST00000246868.7	196-199	6
ENST00000246957.10	1345-1348	20
ENST00000247001.10	1600-1603	15
ENST00000247003.9	1419-1422	9
ENST00000247020.9	39-42	5
ENST00000247026.10	1573-1576	12
ENST00000247138.11	379-382	4
ENST00000247178.6	1235-1238	5
ENST00000247191.7	1501-1504	6
ENST00000247194.9	716-719	6
ENST00000247225.7	949-952	5
ENST00000247226.13	1202-1205	6
ENST00000247291.8	273-276	11
ENST00000247461.9	775-778	16
ENST00000247655.4	157-160	2
ENST00000247665.12	187-190	13
ENST00000247668.7	1125-1128	8
ENST00000247833.12	224-227	14
ENST00000247843.7	548-551	21
ENST00000247930.5	1979-1982	9
ENST00000247956.11	1302-1305	8
ENST00000247970.9	87-90	3
ENST00000247977.9	404-407	5
ENST00000248054.10	122-125	7
ENST00000248089.8	391-394	4
ENST00000248098.8	568-571	4
ENST00000248114.7	572-575	5
ENST00000248139.8	1060-1063	5
ENST00000248248.8	214-217	9
ENST00000248306.8	1645-1648	8
ENST00000248342.9	480-483	6
ENST00000248378.6	365-368	4
ENST00000248450.9	168-171	13
ENST00000248553.7	520-523	10
ENST00000248566.4	284-287	3
ENST00000248594.11	1317-1320	7
ENST00000248633.9	1327-1330	8
ENST00000248668.5	871-874	13
ENST00000248846.10	762-765	8
ENST00000248879.8	723-726	7
ENST00000248924.11	928-931	10
ENST00000248929.14	470-473	12
ENST00000248958.5	686-689	7
ENST00000248975.6	418-421	6
ENST00000249014.5	939-942	12
ENST00000249042.8	705-708	8
ENST00000249064.9	356-359	12
ENST00000249269.9	847-850	8
ENST00000249289.5	73-76	4
ENST00000249299.7	147-150	4
ENST00000249344.7	1481-1484	5
ENST00000249356.4	744-747	4
ENST00000249364.9	505-508	8
ENST00000249373.8	2457-2460	6
ENST00000249396.12	595-598	6
ENST00000249442.11	503-506	5
ENST00000249504.7	1027-1030	11
ENST00000249601.9	2113-2116	4
ENST00000249636.11	111-114	8
ENST00000249647.8	604-607	4
ENST00000249700.9	719-722	7
ENST00000249750.9	1360-1363	9
ENST00000249776.13	979-982	8
ENST00000249786.9	195-198	6
ENST00000249806.11	972-975	5
ENST00000249822.9	381-384	13
ENST00000249861.9	599-602	5
ENST00000249883.10	2393-2396	6
ENST00000250024.9	795-798	12
ENST00000250076.8	62-65	6
ENST00000250101.10	233-236	4
ENST00000250113.12	1904-1907	12
ENST00000250124.11	638-641	5
ENST00000250237.10	952-955	6
ENST00000250263.8	479-482	10
ENST00000250340.9	1014-1017	8
ENST00000250454.8	97-100	11
ENST00000250457.9	1027-1030	4
ENST00000250489.9	820-823	3
ENST00000250498.9	133-136	7
ENST00000250559.14	597-600	10
ENST00000250617.7	308-311	6
ENST00000250896.9	260-263	8
ENST00000250916.6	535-538	7
ENST00000251020.9	1331-1334	8
ENST00000251038.10	628-631	18
ENST00000251047.6	183-186	6
ENST00000251089.8	925-928	12
ENST00000251166.9	885-888	11
ENST00000251241.9	296-299	10
ENST00000251268.11	1413-1416	10
ENST00000251287.3	248-251	8
ENST00000251303.11	972-975	5
ENST00000251334.7	2024-2027	6
ENST00000251363.10	331-334	4
ENST00000251412.8	1459-1462	14
ENST00000251413.8	1294-1297	9
ENST00000251453.8	366-369	4
ENST00000251496.7	2646-2649	6
ENST00000251588.7	720-723	4
ENST00000251607.11	711-714	5
ENST00000251636.10	1168-1171	8
ENST00000251654.9	261-264	17
ENST00000251775.9	600-603	16
ENST00000251810.8	633-636	4
ENST00000251849.9	391-394	4
ENST00000251871.9	1447-1450	9
ENST00000251900.9	1063-1066	5
ENST00000251968.4	255-258	6
ENST00000251973.10	500-503	5
ENST00000252011.8	1446-1449	3
ENST00000252015.3	2318-2321	7
ENST00000252102.9	275-278	3
ENST00000252108.8	368-371	13
ENST00000252115.10	203-206	6
ENST00000252136.12	683-686	7
ENST00000252137.11	701-704	7
ENST00000252207.10	219-222	6
ENST00000252211.7	435-438	5
ENST00000252288.8	585-588	4
ENST00000252445.8	85-88	3
ENST00000252483.10	1006-1009	6
ENST00000252512.14	3190-3193	9
ENST00000252530.10	487-490	5
ENST00000252542.9	991-994	9
ENST00000252599.9	395-398	17
ENST00000252602.2	282-285	8
ENST00000252603.7	273-276	6
ENST00000252622.15	191-194	14
ENST00000252674.9	941-944	6
ENST00000252699.7	328-331	8
ENST00000252711.7	1079-1082	13
ENST00000252713.9	236-239	17
ENST00000252744.6	3621-3624	7
ENST00000252818.5	873-876	8
ENST00000252840.11	1082-1085	5
ENST00000252891.8	1461-1464	11
ENST00000252934.10	974-977	11
ENST00000252936.8	1658-1661	12
ENST00000252971.11	1405-1408	4
ENST00000252979.6	1245-1248	5
ENST00000252996.9	2504-2507	5
ENST00000253003.7	171-174	12
ENST00000253023.8	539-542	5
ENST00000253024.10	2059-2062	12
ENST00000253039.9	214-217	12
ENST00000253047.7	79-82	4
ENST00000253048.10	362-365	11
ENST00000253063.4	1365-1368	8
ENST00000253083.9	1120-1123	8
ENST00000253099.11	862-865	7
ENST00000253107.12	588-591	11
ENST00000253108.9	628-631	7
ENST00000253122.10	1531-1534	7
ENST00000253233.6	292-295	7
ENST00000253237.10	833-836	9
ENST00000253247.9	21-24	6
ENST00000253329.3	1493-1496	8
ENST00000253363.11	345-348	15
ENST00000253413.10	456-459	6
ENST00000253452.8	485-488	5
ENST00000253457.8	738-741	9
ENST00000253458.12	547-550	8
ENST00000253462.8	167-170	9
ENST00000253669.10	447-450	9
ENST00000253686.7	631-634	4
ENST00000253693.7	427-430	8
ENST00000253699.7	2264-2267	5
ENST00000253727.10	328-331	10
ENST00000253778.13	1436-1439	8
ENST00000253788.12	253-256	11
ENST00000253794.7	81-84	3
ENST00000253814.6	283-286	6
ENST00000253861.5	195-198	5
ENST00000253925.12	777-780	7
ENST00000253928.14	1626-1629	17
ENST00000254029.8	722-725	8
ENST00000254066.10	1141-1144	5
ENST00000254101.4	581-584	6
ENST00000254108.12	1105-1108	7
ENST00000254190.4	1078-1081	10
ENST00000254193.11	520-523	8
ENST00000254250.7	843-846	4
ENST00000254260.8	1968-1971	4
ENST00000254286.9	459-462	5
ENST00000254322.3	708-711	6
ENST00000254337.11	991-994	6
ENST00000254351.9	350-353	12
ENST00000254436.8	1049-1052	6
ENST00000254442.8	963-966	7
ENST00000254480.10	3264-3267	8
ENST00000254508.7	1155-1158	10
ENST00000254521.8	888-891	3
ENST00000254528.4	2043-2046	6
ENST00000254605.11	123-126	7
ENST00000254624.10	1024-1027	10
ENST00000254630.12	1156-1159	9
ENST00000254654.8	601-604	9
ENST00000254663.12	1269-1272	5
ENST00000254718.9	3600-3603	11
ENST00000254719.10	440-443	10
ENST00000254722.9	1124-1127	5
ENST00000254730.11	1089-1092	14
ENST00000254759.8	967-970	5
ENST00000254770.3	926-929	13
ENST00000254799.11	831-834	6
ENST00000254803.4	566-569	9
ENST00000254806.8	149-152	10
ENST00000254810.8	517-520	6
ENST00000254878.8	282-285	4
ENST00000254900.10	1549-1552	9
ENST00000254908.11	333-336	9
ENST00000254928.10	259-262	5
ENST00000254940.10	589-592	4
ENST00000254942.8	1629-1632	6
ENST00000254950.13	1305-1308	12
ENST00000254998.3	743-746	4
ENST00000255078.8	500-503	6
ENST00000255108.8	856-859	9
ENST00000255174.3	816-819	4
ENST00000255194.11	1394-1397	5
ENST00000255304.9	910-913	15
ENST00000255305.11	938-941	9
ENST00000255389.10	97-100	4
ENST00000255390.10	542-545	4
ENST00000255476.3	652-655	13
ENST00000255499.3	1335-1338	12
ENST00000255559.8	1085-1088	4
ENST00000255608.9	761-764	5
ENST00000255641.13	1730-1733	5
ENST00000255681.7	1034-1037	5
ENST00000255759.11	96-99	2
ENST00000255764.4	412-415	8
ENST00000255784.6	494-497	2
ENST00000255882.11	4367-4370	10
ENST00000255977.7	170-173	7
ENST00000256001.13	257-260	6
ENST00000256015.5	758-761	9
ENST00000256079.9	945-948	14
ENST00000256108.10	104-107	16
ENST00000256151.8	284-287	6
ENST00000256190.13	2832-2835	19
ENST00000256196.9	661-664	7
ENST00000256255.11	394-397	6
ENST00000256257.2	861-864	2
ENST00000256319.7	211-214	4
ENST00000256366.6	262-265	9
ENST00000256379.10	504-507	10
ENST00000256383.11	598-601	12
ENST00000256398.13	1081-1084	7
ENST00000256413.8	1078-1081	14
ENST00000256433.6	222-225	6
ENST00000256441.5	253-256	4
ENST00000256442.10	1184-1187	10
ENST00000256443.8	729-732	4
ENST00000256460.8	406-409	7
ENST00000256474.3	259-262	9
ENST00000256495.4	882-885	5
ENST00000256496.8	387-390	9
ENST00000256538.9	396-399	3
ENST00000256544.8	175-178	4
ENST00000256545.9	575-578	10
ENST00000256637.8	1127-1130	10
ENST00000256646.7	343-346	20
ENST00000256649.9	1214-1217	3
ENST00000256682.9	472-475	3
ENST00000256689.10	387-390	9
ENST00000256707.8	5414-5417	10
ENST00000256854.10	575-578	7
ENST00000256897.9	283-286	8
ENST00000256925.12	1361-1364	5
ENST00000256996.9	598-601	6
ENST00000257013.9	182-185	4
ENST00000257177.9	2784-2787	7
ENST00000257181.10	586-589	5
ENST00000257245.9	247-250	8
ENST00000257287.5	325-328	7
ENST00000257336.6	1191-1194	8
ENST00000257347.9	956-959	7
ENST00000257430.9	6032-6035	12
ENST00000257548.10	568-571	4
ENST00000257552.7	436-439	5
ENST00000257637.8	556-559	3
ENST00000257663.4	519-522	6
ENST00000257694.13	986-989	14
ENST00000257696.5	376-379	3
ENST00000257700.7	202-205	6
ENST00000257787.6	621-624	3
ENST00000257829.8	452-455	11
ENST00000257857.9	461-464	4
ENST00000257868.10	471-474	4
ENST00000257904.11	851-854	17
ENST00000257909.8	370-373	10
ENST00000257910.8	593-596	7
ENST00000257915.10	2003-2006	7
ENST00000257934.9	4135-4138	10
ENST00000257940.7	721-724	5
ENST00000257963.9	756-759	10
ENST00000258052.8	998-1001	5
ENST00000258080.8	737-740	6
ENST00000258091.10	1529-1532	10
ENST00000258105.8	86-89	5
ENST00000258145.8	604-607	8
ENST00000258149.11	562-565	6
ENST00000258169.9	328-331	9
ENST00000258173.11	352-355	5
ENST00000258198.7	567-570	14
ENST00000258201.9	527-530	6
ENST00000258214.3	1413-1416	7
ENST00000258243.7	2196-2199	7
ENST00000258281.7	1480-1483	6
ENST00000258301.6	314-317	8
ENST00000258341.5	510-513	12
ENST00000258383.4	85-88	5
ENST00000258399.8	2470-2473	8
ENST00000258416.8	345-348	12
ENST00000258418.10	927-930	7
ENST00000258424.3	199-202	4
ENST00000258428.8	1285-1288	6
ENST00000258436.10	111-114	6
ENST00000258439.8	707-710	6
ENST00000258455.8	768-771	7
ENST00000258457.7	702-705	6
ENST00000258484.11	1449-1452	6
ENST00000258530.8	1698-1701	4
ENST00000258607.10	208-211	14
ENST00000258648.7	530-533	10
ENST00000258662.3	174-177	7
ENST00000258729.8	948-951	9
ENST00000258739.9	356-359	5
ENST00000258742.10	77-80	11
ENST00000258761.8	541-544	7
ENST00000258770.8	114-117	7
ENST00000258772.10	538-541	9
ENST00000258774.10	783-786	3
ENST00000258781.11	1027-1030	6
ENST00000258796.12	989-992	13
ENST00000258821.8	41-44	9
ENST00000258874.4	506-509	3
ENST00000258884.5	1068-1071	11
ENST00000258886.13	2804-2807	12
ENST00000258947.8	993-996	6
ENST00000258955.7	1000-1003	5
ENST00000258960.7	433-436	10
ENST00000258962.5	181-184	15
ENST00000258975.7	792-795	3
ENST00000259006.8	447-450	7
ENST00000259008.7	866-869	6
ENST00000259021.9	1216-1219	6
ENST00000259053.6	265-268	14
ENST00000259119.9	850-853	12
ENST00000259154.9	2584-2587	8
ENST00000259199.9	226-229	13
ENST00000259229.7	567-570	12
ENST00000259239.8	666-669	8
ENST00000259241.7	554-557	7
ENST00000259253.11	1850-1853	7
ENST00000259339.7	545-548	4
ENST00000259365.9	732-735	4
ENST00000259400.11	265-268	5
ENST00000259457.8	815-818	5
ENST00000259467.9	699-702	8
ENST00000259470.6	319-322	5
ENST00000259512.9	189-192	8
ENST00000259569.6	2672-2675	8
ENST00000259605.11	1076-1079	7
ENST00000259632.12	271-274	3
ENST00000259667.6	351-354	5
ENST00000259711.11	1213-1216	7
ENST00000259808.9	1491-1494	5
ENST00000259818.8	1292-1295	16
ENST00000259873.5	374-377	6
ENST00000259874.6	257-260	3
ENST00000259895.9	557-560	6
ENST00000259951.12	996-999	11
ENST00000259963.4	1293-1296	6
ENST00000260045.8	416-419	6
ENST00000260102.9	658-661	13
ENST00000260118.7	332-335	4
ENST00000260129.6	1598-1601	14
ENST00000260130.9	637-640	6
ENST00000260210.5	134-137	5
ENST00000260247.10	468-471	12
ENST00000260270.3	716-719	5
ENST00000260276.8	23-26	2
ENST00000260327.9	1557-1560	10
ENST00000260361.9	782-785	6
ENST00000260372.8	59-62	5
ENST00000260382.10	1959-1962	6
ENST00000260403.7	1339-1342	4
ENST00000260408.8	884-887	6
ENST00000260443.9	213-216	7
ENST00000260447.6	179-182	2
ENST00000260505.13	2730-2733	6
ENST00000260508.9	1366-1369	7
ENST00000260526.11	1576-1579	11
ENST00000260570.8	4908-4911	9
ENST00000260585.12	201-204	7
ENST00000260598.10	968-971	9
ENST00000260605.12	358-361	7
ENST00000260641.10	667-670	6
ENST00000260643.7	1109-1112	3
ENST00000260665.12	4164-4167	9
ENST00000260731.5	1149-1152	7
ENST00000260746.6	161-164	8
ENST00000260762.10	443-446	11
ENST00000260803.9	1485-1488	9
ENST00000260810.10	1614-1617	9
ENST00000260818.11	632-635	8
ENST00000260947.9	1170-1173	4
ENST00000260952.9	1898-1901	4
ENST00000260953.10	320-323	16
ENST00000260956.9	592-595	11
ENST00000260970.8	1259-1262	5
ENST00000261015.5	857-860	5
ENST00000261018.12	1561-1564	12
ENST00000261023.8	2161-2164	6
ENST00000261038.6	802-805	8
ENST00000261070.7	105-108	2
ENST00000261167.7	1696-1699	7
ENST00000261168.9	1242-1245	20
ENST00000261183.8	2461-2464	7
ENST00000261191.12	1886-1889	11
ENST00000261192.12	1318-1321	5
ENST00000261211.8	1323-1326	8
ENST00000261234.11	421-424	17
ENST00000261245.9	393-396	8
ENST00000261249.7	631-634	5
ENST00000261250.8	323-326	8
ENST00000261254.8	714-717	13
ENST00000261263.5	750-753	3
ENST00000261296.7	1018-1021	8
ENST00000261303.13	123-126	9
ENST00000261308.10	636-639	12
ENST00000261313.3	296-299	13
ENST00000261318.5	730-733	6
ENST00000261332.11	552-555	6
ENST00000261349.9	1701-1704	10
ENST00000261353.9	293-296	3
ENST00000261366.10	628-631	4
ENST00000261369.9	369-372	3
ENST00000261377.11	2236-2239	18
ENST00000261396.6	986-989	8
ENST00000261401.8	857-860	11
ENST00000261402.7	1546-1549	5
ENST00000261407.9	1105-1108	8
ENST00000261413.10	775-778	5
ENST00000261416.12	370-373	10
ENST00000261427.10	759-762	8
ENST00000261435.11	4655-4658	8
ENST00000261438.10	902-905	15
ENST00000261441.9	2161-2164	5
ENST00000261455.9	996-999	8
ENST00000261461.7	1331-1334	4
ENST00000261464.10	118-121	8
ENST00000261475.10	55-58	14
ENST00000261479.9	626-629	10
ENST00000261483.5	1361-1364	6
ENST00000261497.9	221-224	8
ENST00000261499.11	493-496	10
ENST00000261507.11	394-397	6
ENST00000261520.9	1570-1573	8
ENST00000261530.12	1148-1151	5
ENST00000261531.12	1538-1541	6
ENST00000261534.9	1606-1609	5
ENST00000261537.7	1863-1866	6
ENST00000261556.11	2091-2094	7
ENST00000261558.8	536-539	14
ENST00000261560.10	1395-1398	7
ENST00000261584.9	2289-2292	7
ENST00000261588.10	357-360	7
ENST00000261590.13	396-399	10
ENST00000261593.8	1093-1096	8
ENST00000261597.9	442-445	7
ENST00000261600.11	370-373	5
ENST00000261601.8	1204-1207	8
ENST00000261609.13	355-358	15
ENST00000261622.5	1027-1030	8
ENST00000261623.8	517-520	5
ENST00000261636.13	328-331	6
ENST00000261637.5	8491-8494	10
ENST00000261643.8	468-471	8
ENST00000261646.11	178-181	12
ENST00000261647.10	820-823	19
ENST00000261658.7	519-522	6
ENST00000261667.8	491-494	6
ENST00000261674.9	2348-2351	12
ENST00000261681.9	2267-2270	6
ENST00000261692.7	361-364	13
ENST00000261693.11	744-747	16
ENST00000261700.8	259-262	6
ENST00000261708.9	1335-1338	10
ENST00000261712.8	725-728	8
ENST00000261714.11	827-830	6
ENST00000261716.8	2034-2037	4
ENST00000261721.9	803-806	9
ENST00000261733.7	503-506	11
ENST00000261735.4	325-328	15
ENST00000261739.9	415-418	9
ENST00000261741.10	2171-2174	7
ENST00000261745.9	1957-1960	4
ENST00000261749.11	878-881	7
ENST00000261758.6	688-691	5
ENST00000261772.13	728-731	5
ENST00000261776.10	279-282	5
ENST00000261778.2	3255-3258	8
ENST00000261783.4	1084-1087	9
ENST00000261789.9	734-737	9
ENST00000261797.7	2445-2448	4
ENST00000261811.6	307-310	3
ENST00000261813.9	55-58	3
ENST00000261819.8	1310-1313	13
ENST00000261822.5	319-322	7
ENST00000261837.12	626-629	5
ENST00000261839.12	1626-1629	10
ENST00000261842.10	270-273	13
ENST00000261845.7	1080-1083	7
ENST00000261854.10	407-410	9
ENST00000261858.7	1541-1544	8
ENST00000261866.12	3435-3438	6
ENST00000261868.10	285-288	6
ENST00000261875.10	868-871	6
ENST00000261880.10	684-687	5
ENST00000261881.9	61-64	5
ENST00000261884.8	823-826	6
ENST00000261890.7	371-374	7
ENST00000261893.9	1088-1091	4
ENST00000261900.8	782-785	7
ENST00000261908.11	3465-3468	11
ENST00000261937.11	3250-3253	13
ENST00000261942.7	605-608	5
ENST00000261951.9	405-408	12
ENST00000261965.8	1301-1304	4
ENST00000261973.12	1264-1267	8
ENST00000262013.12	2822-2825	11
ENST00000262027.10	2048-2051	5
ENST00000262030.8	846-849	7
ENST00000262031.10	246-249	3
ENST00000262033.11	465-468	5
ENST00000262039.9	217-220	6
ENST00000262043.8	5063-5066	13
ENST00000262052.9	371-374	10
ENST00000262053.8	336-339	3
ENST00000262055.9	282-285	3
ENST00000262056.14	274-277	8
ENST00000262061.7	96-99	13
ENST00000262067.5	411-414	7
ENST00000262077.3	2302-2305	12
ENST00000262093.11	1102-1105	7
ENST00000262096.13	302-305	6
ENST00000262109.8	1314-1317	11
ENST00000262120.10	815-818	10
ENST00000262127.7	184-187	12
ENST00000262133.11	2720-2723	7
ENST00000262134.10	380-383	6
ENST00000262144.11	244-247	10
ENST00000262146.9	1094-1097	9
ENST00000262160.11	1186-1189	8
ENST00000262177.9	518-521	8
ENST00000262187.10	831-834	3
ENST00000262188.13	1134-1137	5
ENST00000262189.11	12298-12301	12
ENST00000262193.7	779-782	5
ENST00000262198.9	353-356	5
ENST00000262207.9	523-526	4
ENST00000262213.7	1219-1222	9
ENST00000262215.8	6005-6008	6
ENST00000262225.8	418-421	10
ENST00000262233.11	1339-1342	8
ENST00000262238.10	1223-1226	7
ENST00000262241.7	955-958	14
ENST00000262244.6	524-527	4
ENST00000262259.7	385-388	7
ENST00000262265.10	954-957	4
ENST00000262288.8	1337-1340	13
ENST00000262291.9	151-154	8
ENST00000262293.9	560-563	8
ENST00000262294.12	3218-3221	11
ENST00000262300.13	869-872	8
ENST00000262302.14	427-430	5
ENST00000262305.9	1534-1537	5
ENST00000262315.14	2510-2513	4
ENST00000262319.11	2568-2571	5
ENST00000262320.8	2914-2917	6
ENST00000262348.9	1199-1202	10
ENST00000262367.10	3824-3827	19
ENST00000262370.12	1518-1521	7
ENST00000262374.10	601-604	7
ENST00000262375.11	503-506	6
ENST00000262376.11	2530-2533	6
ENST00000262384.4	1606-1609	5
ENST00000262394.7	1134-1137	13
ENST00000262395.10	861-864	11
ENST00000262415.8	3162-3165	17
ENST00000262428.5	275-278	13
ENST00000262430.6	846-849	9
ENST00000262432.13	303-306	12
ENST00000262435.14	814-817	7
ENST00000262455.7	382-385	6
ENST00000262457.7	2934-2937	5
ENST00000262460.5	151-154	8
ENST00000262461.7	1602-1605	12
ENST00000262464.9	2967-2970	9
ENST00000262482.11	1125-1128	4
ENST00000262498.8	773-776	5
ENST00000262506.8	439-442	8
ENST00000262507.11	579-582	5
ENST00000262518.9	418-421	27
ENST00000262519.14	2923-2926	12
ENST00000262525.6	214-217	8
ENST00000262554.7	202-205	5
ENST00000262570.10	639-642	4
ENST00000262577.6	410-413	8
ENST00000262605.9	472-475	6
ENST00000262608.13	1560-1563	16
ENST00000262613.10	768-771	7
ENST00000262633.9	1249-1252	10
ENST00000262643.8	309-312	5
ENST00000262644.9	675-678	5
ENST00000262646.12	353-356	5
ENST00000262713.7	600-603	9
ENST00000262719.10	2003-2006	9
ENST00000262741.10	1640-1643	13
ENST00000262764.11	800-803	6
ENST00000262768.11	803-806	7
ENST00000262776.8	1653-1656	6
ENST00000262803.10	2000-2003	5
ENST00000262809.9	1374-1377	7
ENST00000262812.9	834-837	12
ENST00000262815.13	205-208	6
ENST00000262843.11	1266-1269	5
ENST00000262844.10	422-425	5
ENST00000262854.11	2091-2094	13
ENST00000262879.11	491-494	8
ENST00000262887.10	1659-1662	6
ENST00000262890.8	840-843	4
ENST00000262891.9	717-720	7
ENST00000262903.9	2920-2923	7
ENST00000262919.10	3645-3648	11
ENST00000262932.5	120-123	4
ENST00000262942.10	142-145	7
ENST00000262947.8	200-203	6
ENST00000262948.10	436-439	15
ENST00000262960.14	2759-2762	6
ENST00000262962.12	124-127	5
ENST00000262963.11	3906-3909	17
ENST00000262965.12	1786-1789	11
ENST00000262971.3	574-577	7
ENST00000262982.3	183-186	10
ENST00000262990.9	445-448	6
ENST00000262994.9	1378-1381	7
ENST00000263025.9	122-125	7
ENST00000263026.10	658-661	11
ENST00000263035.9	1349-1352	6
ENST00000263038.9	505-508	18
ENST00000263063.9	1281-1284	5
ENST00000263073.11	1526-1529	13
ENST00000263083.12	113-116	13
ENST00000263088.11	861-864	6
ENST00000263092.11	178-181	25
ENST00000263097.9	162-165	4
ENST00000263102.7	660-663	6
ENST00000263116.8	327-330	4
ENST00000263119.10	5262-5265	11
ENST00000263150.9	747-750	4
ENST00000263168.4	247-250	14
ENST00000263181.7	142-145	7
ENST00000263196.12	1208-1211	12
ENST00000263201.7	283-286	19
ENST00000263202.15	858-861	8
ENST00000263205.11	2223-2226	8
ENST00000263207.8	565-568	6
ENST00000263208.5	2414-2417	15
ENST00000263212.10	210-213	7
ENST00000263228.4	1114-1117	4
ENST00000263233.9	838-841	7
ENST00000263238.7	1271-1274	5
ENST00000263239.7	1356-1359	10
ENST00000263245.10	97-100	6
ENST00000263246.8	1400-1403	8
ENST00000263253.9	4766-4769	13
ENST00000263256.7	210-213	10
ENST00000263268.11	404-407	2
ENST00000263270.11	152-155	6
ENST00000263274.12	2417-2420	8
ENST00000263275.5	482-485	5
ENST00000263280.11	1577-1580	12
ENST00000263331.10	2214-2217	10
ENST00000263346.13	259-262	10
ENST00000263354.8	384-387	10
ENST00000263360.11	1086-1089	10
ENST00000263368.9	441-444	5
ENST00000263370.3	366-369	6
ENST00000263383.8	1608-1611	10
ENST00000263384.12	120-123	3
ENST00000263390.8	1515-1518	13
ENST00000263401.10	228-231	4
ENST00000263440.6	484-487	6
ENST00000263461.11	1739-1742	7
ENST00000263559.11	481-484	8
ENST00000263563.7	2278-2281	10
ENST00000263578.10	230-233	11
ENST00000263579.5	33-36	4
ENST00000263620.8	1663-1666	10
ENST00000263629.9	2471-2474	14
ENST00000263634.8	1382-1385	13
ENST00000263635.8	2077-2080	15
ENST00000263645.10	489-492	8
ENST00000263657.7	434-437	4
ENST00000263663.10	542-545	9
ENST00000263672.11	545-548	4
ENST00000263681.7	509-512	9
ENST00000263688.4	3619-3622	10
ENST00000263694.9	271-274	7
ENST00000263697.6	334-337	6
ENST00000263702.11	397-400	6
ENST00000263713.10	1816-1819	11
ENST00000263733.5	755-758	7
ENST00000263736.5	1462-1465	10
ENST00000263754.5	2177-2180	9
ENST00000263773.10	2822-2825	7
ENST00000263774.9	759-762	5
ENST00000263780.9	253-256	5
ENST00000263791.10	729-732	8
ENST00000263795.11	340-343	6
ENST00000263798.8	2305-2308	10
ENST00000263847.6	1493-1496	6
ENST00000263849.9	300-303	4
ENST00000263856.9	533-536	3
ENST00000263857.11	965-968	6
ENST00000263881.8	448-451	13
ENST00000263895.9	844-847	8
ENST00000263897.10	811-814	4
ENST00000263904.5	154-157	5
ENST00000263915.8	368-371	6
ENST00000263918.9	2311-2314	6
ENST00000263921.8	716-719	9
ENST00000263955.9	995-998	4
ENST00000263956.8	102-105	10
ENST00000263960.7	327-330	7
ENST00000263966.8	2133-2136	9
ENST00000263967.4	2972-2975	9
ENST00000263985.11	829-832	9
ENST00000263997.11	926-929	3
ENST00000264001.9	557-560	5
ENST00000264010.10	715-718	7
ENST00000264021.8	277-280	8
ENST00000264025.8	1910-1913	8
ENST00000264027.9	125-128	6
ENST00000264028.5	280-283	6
ENST00000264033.6	1072-1075	10
ENST00000264036.6	443-446	7
ENST00000264039.7	1363-1366	8
ENST00000264042.8	419-422	13
ENST00000264057.7	3316-3319	6
ENST00000264059.8	542-545	4
ENST00000264065.12	808-811	12
ENST00000264071.7	1216-1219	17
ENST00000264079.11	1483-1486	5
ENST00000264080.12	169-172	7
ENST00000264093.9	379-382	14
ENST00000264108.5	550-553	10
ENST00000264110.7	1346-1349	11
ENST00000264126.9	843-846	11
ENST00000264151.10	137-140	4
ENST00000264156.3	2172-2175	10
ENST00000264157.10	1104-1107	5
ENST00000264158.13	31-34	9
ENST00000264159.11	153-156	11
ENST00000264161.9	1268-1271	4
ENST00000264167.11	1091-1094	5
ENST00000264183.9	904-907	7
ENST00000264187.7	2141-2144	8
ENST00000264198.5	373-376	6
ENST00000264202.8	299-302	8
ENST00000264218.7	244-247	4
ENST00000264220.6	1014-1017	6
ENST00000264228.9	818-821	8
ENST00000264230.5	429-432	12
ENST00000264233.6	1617-1620	6
ENST00000264235.13	1322-1325	7
ENST00000264249.8	1133-1136	10
ENST00000264254.11	579-582	6
ENST00000264255.8	133-136	4
ENST00000264258.8	30-33	4
ENST00000264276.11	267-270	10
ENST00000264279.10	1190-1193	11
ENST00000264312.12	518-521	5
ENST00000264313.11	616-619	12
ENST00000264331.9	1204-1207	7
ENST00000264335.13	574-577	3
ENST00000264344.10	266-269	16
ENST00000264350.8	1816-1819	7
ENST00000264377.8	1679-1682	5
ENST00000264380.9	2912-2915	16
ENST00000264389.7	114-117	10
ENST00000264409.5	821-824	7
ENST00000264414.9	891-894	9
ENST00000264424.13	690-693	6
ENST00000264433.11	1969-1972	7
ENST00000264436.9	2235-2238	10
ENST00000264447.9	617-620	7
ENST00000264451.12	1586-1589	7
ENST00000264454.8	593-596	5
ENST00000264499.9	1763-1766	9
ENST00000264515.11	783-786	8
ENST00000264538.4	750-753	5
ENST00000264552.14	277-280	18
ENST00000264555.10	1254-1257	6
ENST00000264595.7	305-308	6
ENST00000264596.4	89-92	6
ENST00000264607.9	462-465	4
ENST00000264634.9	642-645	4
ENST00000264639.9	563-566	11
ENST00000264645.12	756-759	12
ENST00000264657.10	1672-1675	7
ENST00000264658.11	839-842	4
ENST00000264669.10	2092-2095	4
ENST00000264670.11	2051-2054	14
ENST00000264689.11	309-312	6
ENST00000264705.9	5499-5502	12
ENST00000264710.5	663-666	5
ENST00000264712.8	2494-2497	8
ENST00000264720.8	560-563	11
ENST00000264723.9	1198-1201	9
ENST00000264819.7	917-920	5
ENST00000264848.10	214-217	8
ENST00000264864.8	800-803	8
ENST00000264883.8	1472-1475	8
ENST00000264893.11	428-431	12
ENST00000264896.8	1463-1466	9
ENST00000264914.10	647-650	14
ENST00000264926.7	1332-1335	8
ENST00000264930.10	1509-1512	7
ENST00000264932.11	1149-1152	16
ENST00000264933.9	384-387	7
ENST00000264935.6	373-376	5
ENST00000264954.5	545-548	12
ENST00000264963.9	369-372	4
ENST00000264982.8	426-429	5
ENST00000264990.11	805-808	7
ENST00000264992.8	1719-1722	4
ENST00000264993.8	716-719	17
ENST00000264995.8	423-426	11
ENST00000265000.9	1243-1246	7
ENST00000265028.8	817-820	5
ENST00000265036.10	178-181	16
ENST00000265044.7	328-331	6
ENST00000265056.12	1412-1415	12
ENST00000265062.8	740-743	9
ENST00000265069.13	2749-2752	16
ENST00000265070.7	438-441	10
ENST00000265073.9	340-343	7
ENST00000265077.8	8440-8443	7
ENST00000265081.7	3382-3385	8
ENST00000265085.10	2987-2990	6
ENST00000265087.9	1091-1094	7
ENST00000265097.9	578-581	6
ENST00000265100.6	375-378	5
ENST00000265107.9	1130-1133	5
ENST00000265109.8	1396-1399	8
ENST00000265112.8	971-974	14
ENST00000265113.9	1719-1722	4
ENST00000265136.12	2441-2444	5
ENST00000265140.10	610-613	5
ENST00000265148.9	6972-6975	7
ENST00000265164.7	146-149	14
ENST00000265165.6	1405-1408	5
ENST00000265174.5	619-622	4
ENST00000265175.5	1957-1960	6
ENST00000265192.9	342-345	4
ENST00000265245.10	1319-1322	14
ENST00000265260.8	408-411	11
ENST00000265271.7	1616-1619	8
ENST00000265293.9	1123-1126	5
ENST00000265295.9	1580-1583	5
ENST00000265304.11	441-444	6
ENST00000265322.8	227-230	4
ENST00000265333.8	771-774	6
ENST00000265339.7	84-87	7
ENST00000265340.12	1166-1169	5
ENST00000265343.10	554-557	12
ENST00000265348.9	2650-2653	8
ENST00000265350.9	238-241	3
ENST00000265351.12	1458-1461	7
ENST00000265354.6	1738-1741	6
ENST00000265388.10	407-410	9
ENST00000265394.10	515-518	8
ENST00000265395.7	1040-1043	7
ENST00000265421.9	260-263	8
ENST00000265433.8	1771-1774	7
ENST00000265462.9	683-686	10
ENST00000265465.8	583-586	4
ENST00000265471.10	48-51	9
ENST00000265523.9	541-544	7
ENST00000265560.9	704-707	7
ENST00000265563.13	353-356	10
ENST00000265564.8	586-589	10
ENST00000265565.10	346-349	15
ENST00000265594.9	1427-1430	4
ENST00000265602.11	3284-3287	7
ENST00000265616.10	782-785	6
ENST00000265631.10	1975-1978	5
ENST00000265634.4	1026-1029	6
ENST00000265641.10	200-203	7
ENST00000265651.8	1145-1148	6
ENST00000265689.9	1129-1132	7
ENST00000265713.8	3484-3487	8
ENST00000265717.5	215-218	10
ENST00000265720.8	400-403	4
ENST00000265728.6	2013-2016	19
ENST00000265729.7	285-288	7
ENST00000265732.10	1057-1060	7
ENST00000265742.8	1266-1269	4
ENST00000265748.7	3504-3507	8
ENST00000265753.13	208-211	8
ENST00000265758.7	674-677	12
ENST00000265807.8	371-374	10
ENST00000265827.8	782-785	15
ENST00000265838.9	982-985	8
ENST00000265840.12	699-702	5
ENST00000265849.12	246-249	14
ENST00000265854.12	2237-2240	5
ENST00000265857.8	818-821	7
ENST00000265866.12	305-308	9
ENST00000265872.11	2824-2827	15
ENST00000265881.10	317-320	5
ENST00000265896.10	947-950	13
ENST00000265960.8	1690-1693	16
ENST00000265963.9	798-801	11
ENST00000265965.10	124-127	14
ENST00000265981.7	491-494	16
ENST00000265986.11	2033-2036	8
ENST00000265990.12	1369-1372	5
ENST00000266014.11	1413-1416	7
ENST00000266022.9	3493-3496	8
ENST00000266025.4	632-635	4
ENST00000266069.5	242-245	9
ENST00000266077.5	530-533	13
ENST00000266079.5	123-126	14
ENST00000266085.7	729-732	4
ENST00000266087.12	1332-1335	5
ENST00000266126.10	937-940	6
ENST00000266263.10	118-121	3
ENST00000266269.10	1767-1770	8
ENST00000266383.10	2856-2859	5
ENST00000266458.10	289-292	3
ENST00000266483.7	218-221	9
ENST00000266508.14	1675-1678	10
ENST00000266517.9	1121-1124	6
ENST00000266529.8	596-599	8
ENST00000266544.10	778-781	7
ENST00000266546.11	359-362	9
ENST00000266604.7	74-77	4
ENST00000266673.10	929-932	6
ENST00000266682.10	1098-1101	6
ENST00000266712.11	1097-1100	6
ENST00000266742.9	359-362	9
ENST00000266771.10	765-768	13
ENST00000266970.9	194-197	5
ENST00000266971.8	777-780	5
ENST00000266987.7	375-378	6
ENST00000267023.9	294-297	10
ENST00000267068.6	565-568	7
ENST00000267102.13	406-409	7
ENST00000267103.10	883-886	5
ENST00000267115.10	319-322	3
ENST00000267116.8	3082-3085	4
ENST00000267163.6	2448-2451	8
ENST00000267199.9	1856-1859	12
ENST00000267202.7	488-491	3
ENST00000267294.5	1736-1739	15
ENST00000267339.6	504-507	10
ENST00000267415.12	555-558	5
ENST00000267425.8	228-231	8
ENST00000267430.10	162-165	5
ENST00000267436.9	1312-1315	8
ENST00000267460.9	361-364	4
ENST00000267615.11	1052-1055	14
ENST00000267622.8	2819-2822	6
ENST00000267750.9	606-609	12
ENST00000267812.4	1423-1426	7
ENST00000267814.14	350-353	9
ENST00000267842.10	1216-1219	4
ENST00000267868.8	1211-1214	5
ENST00000267884.11	362-365	3
ENST00000267935.13	480-483	4
ENST00000267938.9	463-466	7
ENST00000267970.9	272-275	12
ENST00000267973.7	204-207	4
ENST00000267978.10	2235-2238	15
ENST00000268042.7	1230-1233	5
ENST00000268057.9	135-138	8
ENST00000268058.8	1222-1225	8
ENST00000268097.10	1326-1329	5
ENST00000268099.13	833-836	4
ENST00000268124.11	1028-1031	10
ENST00000268138.12	4120-4123	9
ENST00000268148.13	1730-1733	5
ENST00000268150.13	432-435	8
ENST00000268154.9	1156-1159	4
ENST00000268171.8	2569-2572	15
ENST00000268182.10	514-517	11
ENST00000268184.11	1991-1994	6
ENST00000268206.12	2321-2324	5
ENST00000268220.12	499-502	4
ENST00000268261.9	593-596	4
ENST00000268314.9	2367-2370	7
ENST00000268379.9	825-828	9
ENST00000268383.7	877-880	10
ENST00000268482.8	980-983	14
ENST00000268483.8	393-396	5
ENST00000268607.10	188-191	5
ENST00000268655.5	907-910	7
ENST00000268668.11	393-396	4
ENST00000268695.10	592-595	7
ENST00000268699.9	978-981	12
ENST00000268711.4	402-405	2
ENST00000268712.8	6522-6525	7
ENST00000268717.10	1224-1227	12
ENST00000268719.9	792-795	6
ENST00000268797.12	634-637	9
ENST00000268802.10	1081-1084	5
ENST00000268835.7	1012-1015	11
ENST00000268896.10	266-269	3
ENST00000268989.8	692-695	14
ENST00000269095.9	495-498	9
ENST00000269097.9	1128-1131	11
ENST00000269122.8	1053-1056	14
ENST00000269141.8	2352-2355	10
ENST00000269142.10	825-828	5
ENST00000269143.8	556-559	14
ENST00000269159.8	976-979	2
ENST00000269187.10	1583-1586	17
ENST00000269195.6	802-805	18
ENST00000269214.10	1596-1599	4
ENST00000269216.10	1529-1532	7
ENST00000269221.8	258-261	8
ENST00000269228.10	2998-3001	13
ENST00000269260.7	168-171	12
ENST00000269298.10	639-642	6
ENST00000269305.9	175-178	9
ENST00000269321.12	670-673	8
ENST00000269346.9	122-125	10
ENST00000269373.11	752-755	9
ENST00000269383.8	128-131	9
ENST00000269385.9	208-211	10
ENST00000269397.9	1593-1596	9
ENST00000269468.10	1806-1809	16
ENST00000269499.10	1237-1240	8
ENST00000269571.10	1321-1324	13
ENST00000269601.10	438-441	3
ENST00000269701.7	452-455	7
ENST00000269740.9	492-495	5
ENST00000269856.5	1573-1576	16
ENST00000269886.7	527-530	10
ENST00000269967.4	175-178	14
ENST00000269973.10	1213-1216	10
ENST00000269980.7	1234-1237	5
ENST00000270061.12	1085-1088	11
ENST00000270066.11	1566-1569	17
ENST00000270139.8	1139-1142	4
ENST00000270142.11	191-194	8
ENST00000270176.10	128-131	10
ENST00000270221.11	191-194	6
ENST00000270223.7	509-512	8
ENST00000270225.12	321-324	14
ENST00000270257.9	567-570	3
ENST00000270451.6	721-724	13
ENST00000270460.11	1511-1514	11
ENST00000270502.7	558-561	4
ENST00000270517.12	1026-1029	8
ENST00000270538.8	957-960	6
ENST00000270570.8	1574-1577	5
ENST00000270583.10	1452-1455	7
ENST00000270586.8	349-352	15
ENST00000270617.8	1968-1971	4
ENST00000270625.7	386-389	5
ENST00000270649.11	378-381	10
ENST00000270708.12	1094-1097	8
ENST00000270776.13	549-552	7
ENST00000270792.10	307-310	5
ENST00000270861.10	1940-1943	8
ENST00000271002.15	338-341	5
ENST00000271234.13	983-986	6
ENST00000271277.11	309-312	9
ENST00000271308.9	592-595	5
ENST00000271373.9	359-362	5
ENST00000271375.7	196-199	4
ENST00000271452.8	1509-1512	4
ENST00000271526.9	1248-1251	11
ENST00000271620.8	1297-1300	6
ENST00000271628.9	842-845	12
ENST00000271638.3	257-260	6
ENST00000271715.7	3317-3320	12
ENST00000271732.8	373-376	4
ENST00000271764.7	1458-1461	4
ENST00000271843.9	743-746	5
ENST00000272065.10	180-183	6
ENST00000272091.8	319-322	5
ENST00000272102.10	296-299	8
ENST00000272139.5	698-701	5
ENST00000272163.9	1872-1875	7
ENST00000272167.10	1290-1293	6
ENST00000272217.7	378-381	5
ENST00000272227.8	821-824	9
ENST00000272233.6	479-482	7
ENST00000272252.10	786-789	4
ENST00000272298.12	71-74	5
ENST00000272317.11	146-149	11
ENST00000272322.9	2653-2656	7
ENST00000272342.6	2588-2591	8
ENST00000272348.7	106-109	9
ENST00000272369.14	1524-1527	7
ENST00000272418.7	857-860	6
ENST00000272424.11	525-528	7
ENST00000272427.11	1077-1080	10
ENST00000272430.10	520-523	5
ENST00000272433.7	16-19	5
ENST00000272444.8	228-231	9
ENST00000272519.10	290-293	17
ENST00000272521.7	209-212	8
ENST00000272542.8	1033-1036	6
ENST00000272638.14	1095-1098	12
ENST00000272645.9	271-274	9
ENST00000272647.10	1090-1093	5
ENST00000272732.11	226-229	3
ENST00000272748.9	788-791	10
ENST00000272793.11	2580-2583	13
ENST00000272902.10	798-801	6
ENST00000272930.9	396-399	4
ENST00000273047.9	659-662	4
ENST00000273062.7	499-502	5
ENST00000273064.11	623-626	6
ENST00000273075.9	286-289	12
ENST00000273077.9	164-167	10
ENST00000273130.9	685-688	14
ENST00000273179.10	1127-1130	7
ENST00000273258.4	612-615	5
ENST00000273261.8	3333-3336	10
ENST00000273308.9	292-295	10
ENST00000273317.5	1944-1947	7
ENST00000273347.10	764-767	11
ENST00000273359.8	789-792	4
ENST00000273375.8	468-471	3
ENST00000273398.8	1481-1484	10
ENST00000273480.4	236-239	6
ENST00000273550.12	290-293	4
ENST00000273590.4	214-217	6
ENST00000273596.8	234-237	9
ENST00000273598.8	409-412	6
ENST00000273668.7	233-236	6
ENST00000273853.11	2377-2380	13
ENST00000273920.8	615-618	8
ENST00000273963.10	1555-1558	18
ENST00000273968.5	190-193	6
ENST00000273986.10	396-399	4
ENST00000274000.10	1118-1121	7
ENST00000274008.5	2201-2204	5
ENST00000274026.10	1287-1290	9
ENST00000274031.8	526-529	8
ENST00000274054.3	1192-1195	10
ENST00000274065.9	76-79	16
ENST00000274137.10	344-347	4
ENST00000274140.10	855-858	7
ENST00000274217.4	574-577	4
ENST00000274242.10	190-193	3
ENST00000274255.11	356-359	14
ENST00000274311.3	1873-1876	6
ENST00000274364.11	453-456	5
ENST00000274376.11	2033-2036	14
ENST00000274400.10	225-228	16
ENST00000274457.5	536-539	7
ENST00000274458.9	586-589	4
ENST00000274496.10	288-291	11
ENST00000274569.9	986-989	11
ENST00000274599.10	460-463	23
ENST00000274606.8	89-92	17
ENST00000274680.9	1258-1261	5
ENST00000274695.8	1466-1469	8
ENST00000274712.8	182-185	8
ENST00000274787.3	213-216	11
ENST00000274813.4	421-424	6
ENST00000274849.3	42-45	4
ENST00000274853.8	1836-1839	5
ENST00000275034.5	582-585	13
ENST00000275072.5	708-711	8
ENST00000275227.9	1519-1522	10
ENST00000275233.12	1248-1251	11
ENST00000275364.8	444-447	6
ENST00000275418.13	1246-1249	13
ENST00000275428.9	276-279	9
ENST00000275517.8	758-761	10
ENST00000275603.9	891-894	10
ENST00000275605.8	715-718	6
ENST00000275820.4	1481-1484	5
ENST00000276055.4	197-200	5
ENST00000276079.13	396-399	6
ENST00000276201.7	503-506	12
ENST00000276202.9	592-595	8
ENST00000276297.9	4506-4509	9
ENST00000276390.7	446-449	13
ENST00000276416.11	715-718	4
ENST00000276431.9	1424-1427	5
ENST00000276533.4	482-485	4
ENST00000276569.8	500-503	7
ENST00000276585.9	86-89	3
ENST00000276590.5	290-293	5
ENST00000276603.10	1289-1292	9
ENST00000276646.14	1312-1315	7
ENST00000276654.10	2263-2266	9
ENST00000276689.8	163-166	5
ENST00000276692.11	807-810	8
ENST00000276704.6	928-931	10
ENST00000276893.10	655-658	11
ENST00000276925.7	655-658	11
ENST00000277010.9	312-315	6
ENST00000277165.11	2130-2133	16
ENST00000277458.5	386-389	5
ENST00000277540.7	175-178	7
ENST00000277554.4	1684-1687	7
ENST00000277570.10	397-400	6
ENST00000277632.8	211-214	18
ENST00000277746.11	260-263	4
ENST00000277865.5	1061-1064	14
ENST00000278025.9	366-369	6
ENST00000278070.7	4094-4097	19
ENST00000278100.11	732-735	14
ENST00000278174.10	1406-1409	6
ENST00000278175.10	553-556	3
ENST00000278193.7	26-29	4
ENST00000278243.9	774-777	11
ENST00000278319.10	1179-1182	6
ENST00000278353.10	438-441	7
ENST00000278412.7	648-651	17
ENST00000278422.9	152-155	8
ENST00000278426.8	473-476	5
ENST00000278460.12	309-312	4
ENST00000278483.8	344-347	5
ENST00000278505.5	622-625	9
ENST00000278612.9	2205-2208	10
ENST00000278618.9	547-550	5
ENST00000278671.10	388-391	7
ENST00000278772.9	541-544	10
ENST00000278823.7	955-958	11
ENST00000278826.11	429-432	11
ENST00000278829.7	863-866	4
ENST00000278840.9	781-784	11
ENST00000278856.9	497-500	11
ENST00000278903.11	266-269	4
ENST00000278935.8	3040-3043	5
ENST00000278980.11	409-412	4
ENST00000279036.12	1033-1036	7
ENST00000279068.11	990-993	4
ENST00000279146.8	634-637	5
ENST00000279147.9	426-429	6
ENST00000279206.8	937-940	6
ENST00000279230.12	1227-1230	9
ENST00000279242.7	383-386	4
ENST00000279247.11	1314-1317	13
ENST00000279249.3	504-507	4
ENST00000279263.14	1095-1098	9
ENST00000279281.8	931-934	8
ENST00000279387.12	599-602	8
ENST00000279392.8	141-144	8
ENST00000279396.11	349-352	5
ENST00000279839.8	184-187	9
ENST00000279907.12	2219-2222	8
ENST00000280098.9	1571-1574	10
ENST00000280154.12	324-327	15
ENST00000280258.6	645-648	5
ENST00000280326.9	1666-1669	16
ENST00000280346.11	896-899	10
ENST00000280362.8	304-307	2
ENST00000280377.10	2270-2273	7
ENST00000280527.7	887-890	10
ENST00000280551.11	1532-1535	8
ENST00000280557.11	148-151	18
ENST00000280560.13	627-630	5
ENST00000280571.10	273-276	8
ENST00000280612.9	373-376	7
ENST00000280614.4	882-885	19
ENST00000280665.11	1637-1640	6
ENST00000280700.10	1406-1409	10
ENST00000280701.8	233-236	5
ENST00000280756.9	287-290	8
ENST00000280800.5	713-716	10
ENST00000280871.9	282-285	5
ENST00000280886.12	3429-3432	6
ENST00000280904.11	2244-2247	7
ENST00000280987.9	258-261	10
ENST00000281017.8	253-256	6
ENST00000281031.5	415-418	16
ENST00000281038.10	1402-1405	11
ENST00000281081.12	777-780	7
ENST00000281092.9	1122-1125	3
ENST00000281141.9	988-991	6
ENST00000281142.10	457-460	10
ENST00000281172.10	2016-2019	19
ENST00000281182.9	771-774	6
ENST00000281187.10	689-692	5
ENST00000281243.10	603-606	4
ENST00000281273.8	1403-1406	6
ENST00000281382.11	534-537	3
ENST00000281405.9	1929-1932	10
ENST00000281419.8	3257-3260	9
ENST00000281453.10	700-703	8
ENST00000281455.7	1267-1270	7
ENST00000281456.11	419-422	8
ENST00000281471.11	202-205	8
ENST00000281513.10	474-477	10
ENST00000281543.6	806-809	6
ENST00000281623.8	386-389	5
ENST00000281631.10	492-495	13
ENST00000281701.11	54-57	8
ENST00000281708.10	3104-3107	4
ENST00000281741.9	551-554	10
ENST00000281821.7	530-533	14
ENST00000281828.8	433-436	14
ENST00000281871.11	195-198	7
ENST00000281923.4	2186-2189	13
ENST00000281928.9	2350-2353	9
ENST00000281950.8	439-442	6
ENST00000282003.7	1121-1124	6
ENST00000282032.4	702-705	4
ENST00000282058.11	30-33	5
ENST00000282074.7	181-184	6
ENST00000282077.8	715-718	9
ENST00000282096.9	1517-1520	6
ENST00000282251.10	636-639	13
ENST00000282276.8	1213-1216	6
ENST00000282296.10	1258-1261	6
ENST00000282344.11	1174-1177	3
ENST00000282356.9	820-823	6
ENST00000282382.8	594-597	7
ENST00000282388.4	798-801	7
ENST00000282412.9	1017-1020	15
ENST00000282441.10	1248-1251	6
ENST00000282516.13	8376-8379	15
ENST00000282541.10	215-218	4
ENST00000282561.4	1214-1217	6
ENST00000282570.4	236-239	6
ENST00000282587.9	1351-1354	4
ENST00000282633.10	3811-3814	10
ENST00000282841.9	991-994	5
ENST00000282892.4	403-406	4
ENST00000282903.10	1494-1497	7
ENST00000283006.7	88-91	12
ENST00000283027.10	31-34	8
ENST00000283033.10	826-829	9
ENST00000283109.8	1016-1019	9
ENST00000283122.8	428-431	3
ENST00000283131.4	3001-3004	10
ENST00000283147.7	1910-1913	4
ENST00000283148.12	1305-1308	11
ENST00000283195.11	2648-2651	20
ENST00000283206.9	716-719	3
ENST00000283290.10	788-791	5
ENST00000283351.10	1606-1609	10
ENST00000283415.4	1178-1181	10
ENST00000283474.12	556-559	9
ENST00000283629.8	1496-1499	8
ENST00000283632.5	836-839	5
ENST00000283646.5	509-512	5
ENST00000283875.6	1020-1023	5
ENST00000283882.4	961-964	8
ENST00000283921.5	1175-1178	10
ENST00000283928.10	908-911	5
ENST00000284000.9	520-523	9
ENST00000284031.13	759-762	11
ENST00000284037.10	3559-3562	9
ENST00000284061.8	1307-1310	6
ENST00000284073.7	277-280	4
ENST00000284110.2	1796-1799	6
ENST00000284116.9	762-765	4
ENST00000284202.9	465-468	8
ENST00000284268.8	415-418	7
ENST00000284274.5	1077-1080	7
ENST00000284292.11	212-215	10
ENST00000284320.6	1658-1661	7
ENST00000284376.8	2107-2110	5
ENST00000284440.9	649-652	4
ENST00000284551.11	1636-1639	4
ENST00000284617.7	709-712	8
ENST00000284637.14	1009-1012	6
ENST00000284690.4	2571-2574	10
ENST00000284719.8	846-849	12
ENST00000284727.9	221-224	3
ENST00000284767.12	1123-1126	6
ENST00000284878.12	534-537	5
ENST00000284881.9	493-496	7
ENST00000284957.9	749-752	5
ENST00000284971.8	167-170	5
ENST00000284984.8	3041-3044	12
ENST00000284995.11	445-448	7
ENST00000285021.12	1059-1062	11
ENST00000285071.9	1624-1627	4
ENST00000285083.10	602-605	5
ENST00000285093.15	421-424	7
ENST00000285106.11	1171-1174	20
ENST00000285116.8	538-541	13
ENST00000285208.9	734-737	4
ENST00000285243.7	359-362	10
ENST00000285279.10	541-544	18
ENST00000285298.9	302-305	10
ENST00000285379.10	363-366	8
ENST00000285398.7	2400-2403	6
ENST00000285407.11	826-829	4
ENST00000285518.11	183-186	9
ENST00000285599.8	73-76	11
ENST00000285605.8	657-660	2
ENST00000285667.4	1071-1074	5
ENST00000285697.9	448-451	4
ENST00000285737.9	1952-1955	13
ENST00000285814.9	388-391	11
ENST00000285873.8	2295-2298	13
ENST00000285896.11	745-748	3
ENST00000285930.9	416-419	7
ENST00000285947.5	110-113	4
ENST00000285968.11	3562-3565	10
ENST00000286070.10	1010-1013	6
ENST00000286096.9	244-247	5
ENST00000286201.3	2149-2152	7
ENST00000286298.5	1207-1210	10
ENST00000286307.6	117-120	4
ENST00000286317.6	69-72	5
ENST00000286353.9	1379-1382	8
ENST00000286364.9	693-696	7
ENST00000286371.8	363-366	6
ENST00000286428.7	239-242	11
ENST00000286548.9	990-993	6
ENST00000286648.10	337-340	5
ENST00000286657.10	1146-1149	6
ENST00000286713.7	372-375	4
ENST00000286760.5	423-426	14
ENST00000286788.9	397-400	5
ENST00000286800.8	989-992	4
ENST00000286835.12	3630-3633	8
ENST00000286953.8	129-132	2
ENST00000287022.10	222-225	4
ENST00000287025.4	666-669	5
ENST00000287038.8	364-367	20
ENST00000287078.7	867-870	9
ENST00000287169.8	1147-1150	6
ENST00000287218.9	471-474	2
ENST00000287239.10	4360-4363	9
ENST00000287295.8	314-317	6
ENST00000287322.5	1188-1191	8
ENST00000287380.6	219-222	9
ENST00000287387.7	208-211	11
ENST00000287394.10	3294-3297	9
ENST00000287437.8	641-644	4
ENST00000287461.8	1365-1368	7
ENST00000287482.6	143-146	8
ENST00000287598.11	2840-2843	8
ENST00000287600.9	420-423	4
ENST00000287667.12	410-413	17
ENST00000287675.10	1042-1045	9
ENST00000287706.8	781-784	3
ENST00000287727.8	2389-2392	6
ENST00000287844.7	1867-1870	8
ENST00000287859.11	174-177	5
ENST00000287878.9	1539-1542	5
ENST00000287934.4	1048-1051	12
ENST00000287936.9	2594-2597	12
ENST00000287957.5	320-323	5
ENST00000287996.8	632-635	5
ENST00000288014.7	721-724	5
ENST00000288050.9	2570-2573	9
ENST00000288071.11	805-808	6
ENST00000288078.11	1432-1435	8
ENST00000288087.12	180-183	3
ENST00000288111.12	443-446	3
ENST00000288135.6	205-208	6
ENST00000288167.8	564-567	9
ENST00000288207.7	657-660	10
ENST00000288235.9	836-839	19
ENST00000288266.8	1703-1706	6
ENST00000288422.4	805-808	5
ENST00000288502.9	376-379	5
ENST00000288532.11	911-914	3
ENST00000288607.3	702-705	8
ENST00000288670.14	511-514	13
ENST00000288699.11	883-886	7
ENST00000288757.7	370-373	4
ENST00000288828.9	1036-1039	6
ENST00000288937.7	395-398	6
ENST00000289081.8	883-886	7
ENST00000289119.7	562-565	4
ENST00000289228.7	1249-1252	8
ENST00000289359.6	200-203	5
ENST00000289361.11	726-729	11
ENST00000289371.11	2926-2929	10
ENST00000289373.5	100-103	2
ENST00000289382.8	1339-1342	11
ENST00000289431.10	432-435	16
ENST00000289528.10	416-419	14
ENST00000289805.10	760-763	5
ENST00000289921.8	647-650	8
ENST00000289968.11	2397-2400	7
ENST00000290079.9	36-39	4
ENST00000290130.4	512-515	3
ENST00000290155.8	308-311	6
ENST00000290158.9	533-536	15
ENST00000290200.7	690-693	7
ENST00000290216.14	1188-1191	4
ENST00000290219.11	554-557	9
ENST00000290231.11	499-502	11
ENST00000290246.11	2113-2116	5
ENST00000290291.10	1636-1639	9
ENST00000290295.8	619-622	12
ENST00000290299.7	47-50	7
ENST00000290341.8	1075-1078	14
ENST00000290349.11	281-284	12
ENST00000290354.6	330-333	13
ENST00000290429.11	1190-1193	3
ENST00000290510.10	1243-1246	8
ENST00000290541.7	798-801	5
ENST00000290551.5	250-253	6
ENST00000290573.7	2776-2779	7
ENST00000290649.10	1766-1769	6
ENST00000290650.9	4684-4687	15
ENST00000290759.9	1005-1008	6
ENST00000290776.13	774-777	8
ENST00000290810.8	1331-1334	8
ENST00000290913.8	532-535	5
ENST00000290949.8	230-233	9
ENST00000291041.6	1205-1208	15
ENST00000291281.9	2679-2682	6
ENST00000291295.14	153-156	8
ENST00000291358.11	1400-1403	7
ENST00000291386.4	564-567	5
ENST00000291439.8	1304-1307	13
ENST00000291442.4	1872-1875	6
ENST00000291458.9	325-328	2
ENST00000291539.11	1406-1409	12
ENST00000291547.10	1155-1158	3
ENST00000291552.9	775-778	9
ENST00000291565.9	394-397	4
ENST00000291568.7	219-222	7
ENST00000291572.13	627-630	3
ENST00000291574.9	827-830	7
ENST00000291576.12	2013-2016	15
ENST00000291577.11	258-261	6
ENST00000291634.11	401-404	6
ENST00000291688.6	1243-1246	12
ENST00000291842.10	735-738	5
ENST00000291900.7	1005-1008	9
ENST00000291906.5	2069-2072	6
ENST00000292035.10	650-653	6
ENST00000292090.8	781-784	3
ENST00000292114.8	393-396	4
ENST00000292140.10	292-295	7
ENST00000292147.7	591-594	4
ENST00000292180.8	534-537	7
ENST00000292211.5	802-805	6
ENST00000292246.8	882-885	12
ENST00000292330.3	741-744	5
ENST00000292363.10	105-108	7
ENST00000292408.9	837-840	6
ENST00000292431.5	1282-1285	9
ENST00000292433.4	808-811	6
ENST00000292450.9	977-980	5
ENST00000292475.8	119-122	4
ENST00000292476.10	881-884	5
ENST00000292478.9	1333-1336	6
ENST00000292494.11	424-427	5
ENST00000292510.6	457-460	9
ENST00000292524.6	392-395	8
ENST00000292535.12	164-167	9
ENST00000292562.12	328-331	5
ENST00000292566.4	336-339	9
ENST00000292577.12	680-683	4
ENST00000292586.11	432-435	6
ENST00000292591.12	433-436	14
ENST00000292599.4	1077-1080	7
ENST00000292614.10	71-74	12
ENST00000292616.10	742-745	13
ENST00000292644.5	468-471	6
ENST00000292778.11	101-104	14
ENST00000292782.9	775-778	7
ENST00000292807.9	949-952	10
ENST00000293195.10	677-680	5
ENST00000293217.10	336-339	12
ENST00000293261.8	791-794	8
ENST00000293328.8	1006-1009	4
ENST00000293350.9	1907-1910	5
ENST00000293379.9	899-902	9
ENST00000293406.8	489-492	8
ENST00000293443.12	457-460	11
ENST00000293760.10	1235-1238	4
ENST00000293771.10	386-389	5
ENST00000293831.13	602-605	8
ENST00000293860.6	154-157	15
ENST00000293872.13	1076-1079	8
ENST00000293883.9	1910-1913	7
ENST00000293971.11	208-211	10
ENST00000294008.4	979-982	7
ENST00000294016.8	4792-4795	11
ENST00000294064.9	1388-1391	8
ENST00000294072.9	387-390	7
ENST00000294129.7	1380-1383	6
ENST00000294168.8	1890-1893	6
ENST00000294172.7	477-480	6
ENST00000294179.8	120-123	5
ENST00000294189.11	107-110	3
ENST00000294244.9	897-900	11
ENST00000294258.8	1050-1053	4
ENST00000294304.12	631-634	10
ENST00000294309.8	423-426	5
ENST00000294353.7	2361-2364	16
ENST00000294360.5	476-479	13
ENST00000294383.7	7352-7355	11
ENST00000294428.8	569-572	10
ENST00000294618.12	273-276	10
ENST00000294785.10	1967-1970	12
ENST00000294811.2	992-995	8
ENST00000294889.6	100-103	3
ENST00000294952.13	2300-2303	4
ENST00000295006.6	1533-1536	7
ENST00000295030.6	547-550	10
ENST00000295050.12	997-1000	11
ENST00000295087.13	698-701	3
ENST00000295119.9	252-255	4
ENST00000295121.11	282-285	5
ENST00000295124.9	571-574	6
ENST00000295148.9	813-816	6
ENST00000295190.9	1296-1299	12
ENST00000295240.8	849-852	4
ENST00000295304.5	323-326	12
ENST00000295317.4	359-362	10
ENST00000295321.9	1856-1859	8
ENST00000295324.4	1046-1049	5
ENST00000295414.8	632-635	3
ENST00000295417.4	1875-1878	7
ENST00000295448.8	589-592	8
ENST00000295470.10	1126-1129	8
ENST00000295488.8	688-691	11
ENST00000295491.9	395-398	4
ENST00000295588.9	935-938	4
ENST00000295598.10	961-964	8
ENST00000295628.4	654-657	11
ENST00000295633.8	477-480	6
ENST00000295640.9	1219-1222	11
ENST00000295682.6	392-395	4
ENST00000295688.8	138-141	6
ENST00000295702.9	268-271	4
ENST00000295704.7	392-395	5
ENST00000295709.8	498-501	8
ENST00000295746.13	2061-2064	5
ENST00000295770.4	2495-2498	13
ENST00000295797.5	768-771	7
ENST00000295802.9	417-420	3
ENST00000295822.7	229-232	2
ENST00000295830.13	295-298	3
ENST00000295872.8	1277-1280	4
ENST00000295886.5	2051-2054	5
ENST00000295887.6	455-458	4
ENST00000295888.9	6743-6746	6
ENST00000295899.10	561-564	5
ENST00000295901.9	168-171	11
ENST00000295924.12	2078-2081	7
ENST00000295926.8	62-65	5
ENST00000295955.14	264-267	3
ENST00000295956.9	1979-1982	7
ENST00000295958.10	375-378	5
ENST00000295992.8	613-616	9
ENST00000296003.9	535-538	12
ENST00000296015.9	1368-1371	10
ENST00000296043.7	5885-5888	12
ENST00000296051.7	2528-2531	11
ENST00000296088.12	1834-1837	8
ENST00000296102.8	245-248	2
ENST00000296121.6	140-143	9
ENST00000296135.11	662-665	8
ENST00000296137.7	422-425	10
ENST00000296149.9	125-128	9
ENST00000296181.9	2753-2756	13
ENST00000296215.8	442-445	3
ENST00000296220.6	1333-1336	12
ENST00000296255.8	1485-1488	14
ENST00000296257.10	1073-1076	10
ENST00000296273.7	795-798	4
ENST00000296277.9	415-418	3
ENST00000296292.8	482-485	5
ENST00000296315.8	529-532	5
ENST00000296328.9	1210-1213	15
ENST00000296343.10	2198-2201	4
ENST00000296388.10	1224-1227	7
ENST00000296411.11	1056-1059	6
ENST00000296412.14	523-526	8
ENST00000296424.9	651-654	3
ENST00000296425.10	629-632	8
ENST00000296444.7	575-578	12
ENST00000296456.10	684-687	17
ENST00000296464.9	1183-1186	8
ENST00000296473.8	573-576	3
ENST00000296484.7	72-75	7
ENST00000296490.8	378-381	4
ENST00000296503.10	248-251	5
ENST00000296504.4	568-571	6
ENST00000296509.11	720-723	5
ENST00000296511.10	402-405	13
ENST00000296529.11	916-919	4
ENST00000296543.10	1098-1101	6
ENST00000296564.9	2303-2306	12
ENST00000296577.9	544-547	19
ENST00000296582.8	737-740	5
ENST00000296595.11	296-299	8
ENST00000296597.10	516-519	7
ENST00000296603.5	2393-2396	13
ENST00000296632.8	532-535	6
ENST00000296658.4	981-984	14
ENST00000296666.13	1477-1480	9
ENST00000296674.13	385-388	4
ENST00000296677.5	972-975	8
ENST00000296679.9	1344-1347	8
ENST00000296684.10	339-342	8
ENST00000296721.9	485-488	6
ENST00000296755.12	6543-6546	11
ENST00000296785.8	1350-1353	7
ENST00000296786.8	381-384	7
ENST00000296792.9	1657-1660	7
ENST00000296805.8	351-354	10
ENST00000296824.4	89-92	5
ENST00000296849.10	1411-1414	6
ENST00000296861.2	1882-1885	4
ENST00000296930.10	103-106	11
ENST00000297056.11	1621-1624	5
ENST00000297071.9	736-739	3
ENST00000297107.11	1457-1460	6
ENST00000297135.9	2364-2367	8
ENST00000297145.9	1238-1241	7
ENST00000297151.9	525-528	11
ENST00000297156.4	430-433	12
ENST00000297157.8	92-95	7
ENST00000297185.9	1865-1868	9
ENST00000297205.7	328-331	4
ENST00000297258.11	114-117	4
ENST00000297290.4	452-455	3
ENST00000297293.6	3385-3388	9
ENST00000297338.7	414-417	9
ENST00000297347.7	650-653	4
ENST00000297375.4	1140-1143	12
ENST00000297423.9	90-93	19
ENST00000297431.9	694-697	8
ENST00000297440.11	1999-2002	13
ENST00000297532.11	1222-1225	5
ENST00000297533.9	417-420	3
ENST00000297534.7	150-153	5
ENST00000297540.5	379-382	4
ENST00000297565.9	1399-1402	6
ENST00000297578.9	1097-1100	8
ENST00000297591.10	2530-2533	9
ENST00000297598.5	567-570	11
ENST00000297632.8	1069-1072	5
ENST00000297661.9	397-400	10
ENST00000297689.4	377-380	4
ENST00000297933.11	2264-2267	7
ENST00000297990.9	3100-3103	4
ENST00000297994.4	161-164	7
ENST00000298048.7	160-163	15
ENST00000298097.8	862-865	6
ENST00000298125.7	907-910	5
ENST00000298130.5	123-126	10
ENST00000298139.7	4461-4464	6
ENST00000298159.11	314-317	6
ENST00000298198.5	758-761	3
ENST00000298229.7	590-593	15
ENST00000298248.12	927-930	6
ENST00000298288.11	324-327	7
ENST00000298289.7	368-371	7
ENST00000298292.13	1838-1841	10
ENST00000298307.10	1255-1258	4
ENST00000298310.10	1712-1715	7
ENST00000298316.7	746-749	5
ENST00000298317.9	297-300	3
ENST00000298428.14	414-417	7
ENST00000298492.6	1217-1220	6
ENST00000298510.4	592-595	10
ENST00000298552.9	646-649	8
ENST00000298556.8	729-732	7
ENST00000298569.9	1005-1008	3
ENST00000298573.9	1211-1214	4
ENST00000298585.3	564-567	5
ENST00000298630.8	795-798	6
ENST00000298717.9	1302-1305	5
ENST00000298743.9	1516-1519	9
ENST00000298746.5	374-377	8
ENST00000298767.10	1326-1329	9
ENST00000298786.5	194-197	8
ENST00000298832.14	285-288	5
ENST00000298838.11	969-972	7
ENST00000298852.8	598-601	13
ENST00000298875.9	1366-1369	13
ENST00000298894.5	888-891	12
ENST00000298966.7	410-413	4
ENST00000298999.8	1361-1364	15
ENST00000299106.9	246-249	6
ENST00000299138.12	753-756	11
ENST00000299157.5	867-870	4
ENST00000299163.7	673-676	19
ENST00000299166.9	152-155	5
ENST00000299192.8	2181-2184	12
ENST00000299204.6	1234-1237	17
ENST00000299213.10	222-225	11
ENST00000299238.7	1392-1395	8
ENST00000299299.4	284-287	6
ENST00000299300.11	450-453	8
ENST00000299314.12	521-524	12
ENST00000299335.8	734-737	6
ENST00000299353.6	300-303	4
ENST00000299381.5	385-388	7
ENST00000299413.7	370-373	8
ENST00000299421.9	555-558	8
ENST00000299424.9	537-540	6
ENST00000299427.12	1003-1006	5
ENST00000299505.8	2710-2713	5
ENST00000299506.3	1665-1668	8
ENST00000299518.7	474-477	7
ENST00000299563.5	1622-1625	6
ENST00000299565.9	542-545	16
ENST00000299575.5	2036-2039	6
ENST00000299601.10	1443-1446	4
ENST00000299608.7	637-640	7
ENST00000299626.10	1163-1166	6
ENST00000299633.7	985-988	6
ENST00000299667.9	913-916	7
ENST00000299705.10	480-483	15
ENST00000299736.5	438-441	7
ENST00000299767.10	1306-1309	10
ENST00000299853.10	2282-2285	8
ENST00000299886.9	1701-1704	6
ENST00000299957.11	1580-1583	10
ENST00000299980.9	1215-1218	7
ENST00000300026.4	189-192	4
ENST00000300030.8	541-544	6
ENST00000300035.9	262-265	4
ENST00000300056.8	695-698	4
ENST00000300086.5	1298-1301	7
ENST00000300087.7	335-338	10
ENST00000300093.9	473-476	15
ENST00000300101.3	1041-1044	6
ENST00000300107.7	636-639	5
ENST00000300128.9	1210-1213	4
ENST00000300141.11	404-407	8
ENST00000300145.4	831-834	3
ENST00000300146.10	1420-1423	9
ENST00000300151.5	813-816	5
ENST00000300176.9	585-588	4
ENST00000300181.7	1611-1614	5
ENST00000300213.9	654-657	9
ENST00000300249.10	676-679	10
ENST00000300289.10	792-795	11
ENST00000300291.10	286-289	11
ENST00000300403.11	923-926	15
ENST00000300408.8	246-249	7
ENST00000300413.10	158-161	3
ENST00000300417.11	636-639	6
ENST00000300441.9	134-137	7
ENST00000300452.8	629-632	4
ENST00000300456.5	633-636	14
ENST00000300527.9	914-917	11
ENST00000300571.7	804-807	6
ENST00000300574.3	436-439	9
ENST00000300584.8	2099-2102	11
ENST00000300605.11	847-850	5
ENST00000300648.7	3696-3699	10
ENST00000300650.9	1871-1874	4
ENST00000300651.11	216-219	12
ENST00000300688.8	240-243	3
ENST00000300738.10	745-748	8
ENST00000300747.10	1414-1417	6
ENST00000300811.8	502-505	7
ENST00000300835.9	533-536	17
ENST00000300849.5	1990-1993	9
ENST00000300853.8	510-513	6
ENST00000300870.15	322-325	9
ENST00000300896.9	1034-1037	5
ENST00000300917.10	2855-2858	10
ENST00000300935.8	415-418	8
ENST00000300976.9	1506-1509	8
ENST00000301011.10	1252-1255	9
ENST00000301012.8	926-929	9
ENST00000301015.14	5680-5683	9
ENST00000301019.9	1516-1519	7
ENST00000301030.10	2441-2444	10
ENST00000301057.8	619-622	10
ENST00000301067.12	5113-5116	13
ENST00000301071.12	581-584	8
ENST00000301072.11	580-583	8
ENST00000301159.14	842-845	5
ENST00000301180.10	4779-4782	9
ENST00000301215.8	1975-1978	7
ENST00000301280.10	2511-2514	9
ENST00000301281.11	175-178	8
ENST00000301327.5	366-369	7
ENST00000301329.11	766-769	9
ENST00000301335.10	588-591	4
ENST00000301364.10	909-912	10
ENST00000301391.8	1186-1189	4
ENST00000301454.9	677-680	6
ENST00000301458.10	617-620	6
ENST00000301463.9	858-861	10
ENST00000301488.8	245-248	3
ENST00000301522.3	601-604	4
ENST00000301585.10	626-629	6
ENST00000301587.9	327-330	4
ENST00000301634.12	691-694	8
ENST00000301686.13	480-483	10
ENST00000301727.9	176-179	5
ENST00000301729.9	906-909	14
ENST00000301738.9	308-311	7
ENST00000301740.13	639-642	9
ENST00000301761.7	302-305	3
ENST00000301764.12	2195-2198	8
ENST00000301765.10	54-57	6
ENST00000301785.7	1570-1573	15
ENST00000301788.12	495-498	5
ENST00000301821.11	693-696	5
ENST00000301838.5	260-263	3
ENST00000301843.13	1725-1728	13
ENST00000301886.3	224-227	16
ENST00000301905.9	561-564	4
ENST00000301919.9	1759-1762	7
ENST00000301935.10	159-162	7
ENST00000301964.7	819-822	13
ENST00000301981.8	499-502	7
ENST00000301998.5	898-901	12
ENST00000302060.10	689-692	4
ENST00000302085.9	1568-1571	5
ENST00000302165.5	1165-1168	7
ENST00000302174.9	987-990	8
ENST00000302182.8	493-496	4
ENST00000302190.9	567-570	5
ENST00000302243.12	779-782	5
ENST00000302262.8	1431-1434	8
ENST00000302271.11	446-449	12
ENST00000302274.8	721-724	8
ENST00000302278.8	2264-2267	11
ENST00000302279.8	318-321	4
ENST00000302291.9	3448-3451	8
ENST00000302313.10	1126-1129	4
ENST00000302327.4	762-765	10
ENST00000302362.11	561-564	7
ENST00000302386.10	455-458	3
ENST00000302392.5	331-334	3
ENST00000302418.5	1478-1481	10
ENST00000302422.4	118-121	4
ENST00000302445.8	1064-1067	8
ENST00000302450.11	254-257	10
ENST00000302503.8	466-469	8
ENST00000302506.8	1622-1625	6
ENST00000302516.10	3219-3222	10
ENST00000302517.8	1059-1062	10
ENST00000302538.10	1739-1742	8
ENST00000302550.16	686-689	5
ENST00000302558.8	2715-2718	21
ENST00000302631.8	926-929	3
ENST00000302692.7	536-539	4
ENST00000302708.9	1082-1085	10
ENST00000302746.11	659-662	9
ENST00000302754.6	688-691	5
ENST00000302759.11	2198-2201	16
ENST00000302763.12	247-250	12
ENST00000302764.9	316-319	3
ENST00000302787.3	482-485	7
ENST00000302850.10	2083-2086	12
ENST00000302851.8	395-398	8
ENST00000302874.9	444-447	8
ENST00000302907.9	368-371	5
ENST00000302979.5	215-218	4
ENST00000303004.5	579-582	9
ENST00000303052.13	833-836	6
ENST00000303071.10	85-88	7
ENST00000303077.7	711-714	20
ENST00000303088.9	524-527	15
ENST00000303127.12	168-171	7
ENST00000303142.11	272-275	2
ENST00000303151.5	224-227	4
ENST00000303204.9	553-556	8
ENST00000303210.9	852-855	8
ENST00000303221.10	827-830	6
ENST00000303236.9	2173-2176	8
ENST00000303251.11	854-857	3
ENST00000303296.9	1762-1765	7
ENST00000303305.11	1325-1328	7
ENST00000303319.10	335-338	12
ENST00000303334.9	825-828	5
ENST00000303372.7	1751-1754	6
ENST00000303383.8	1085-1088	7
ENST00000303400.9	635-638	6
ENST00000303407.12	1368-1371	21
ENST00000303436.11	405-408	2
ENST00000303450.5	748-751	8
ENST00000303538.13	4317-4320	9
ENST00000303545.4	1046-1049	10
ENST00000303575.9	669-672	6
ENST00000303577.7	1107-1110	5
ENST00000303596.3	1042-1045	6
ENST00000303694.6	986-989	13
ENST00000303714.9	1743-1746	5
ENST00000303731.9	318-321	7
ENST00000303775.10	124-127	5
ENST00000303887.10	901-904	6
ENST00000303904.8	409-412	8
ENST00000303961.9	327-330	11
ENST00000303991.5	2214-2217	9
ENST00000304031.8	836-839	8
ENST00000304032.13	2234-2237	7
ENST00000304043.10	420-423	5
ENST00000304046.7	152-155	4
ENST00000304056.9	1580-1583	8
ENST00000304177.10	179-182	8
ENST00000304191.4	476-479	5
ENST00000304222.3	578-581	5
ENST00000304271.11	468-471	7
ENST00000304283.9	956-959	6
ENST00000304301.11	372-375	3
ENST00000304330.9	3940-3943	10
ENST00000304363.9	1129-1132	13
ENST00000304411.3	1047-1050	7
ENST00000304414.12	374-377	7
ENST00000304430.10	913-916	4
ENST00000304434.11	826-829	4
ENST00000304478.9	371-374	4
ENST00000304494.10	375-378	7
ENST00000304511.7	697-700	3
ENST00000304543.10	480-483	8
ENST00000304567.10	318-321	11
ENST00000304593.14	695-698	8
ENST00000304611.13	778-781	4
ENST00000304658.10	2799-2802	15
ENST00000304661.6	539-542	8
ENST00000304698.10	2436-2439	7
ENST00000304743.7	758-761	10
ENST00000304786.12	118-121	4
ENST00000304788.4	606-609	4
ENST00000304800.14	404-407	4
ENST00000304842.6	1208-1211	3
ENST00000304858.7	892-895	13
ENST00000304863.6	507-510	12
ENST00000304874.14	1083-1086	5
ENST00000304895.9	1380-1383	9
ENST00000304952.11	136-139	9
ENST00000304979.8	189-192	8
ENST00000304987.4	2854-2857	5
ENST00000304992.11	282-285	14
ENST00000305103.4	306-309	9
ENST00000305105.3	268-271	6
ENST00000305135.10	291-294	6
ENST00000305188.13	814-817	4
ENST00000305218.9	838-841	6
ENST00000305264.8	1286-1289	12
ENST00000305364.9	1498-1501	8
ENST00000305386.4	881-884	4
ENST00000305476.10	1274-1277	6
ENST00000305494.6	412-415	6
ENST00000305510.4	1852-1855	11
ENST00000305513.12	1419-1422	5
ENST00000305533.10	1015-1018	6
ENST00000305536.11	931-934	8
ENST00000305544.9	726-729	8
ENST00000305560.11	2047-2050	11
ENST00000305596.8	240-243	7
ENST00000305626.6	549-552	5
ENST00000305632.11	180-183	16
ENST00000305641.7	1272-1275	5
ENST00000305747.11	456-459	11
ENST00000305768.10	87-90	10
ENST00000305783.13	122-125	7
ENST00000305784.7	176-179	10
ENST00000305786.7	375-378	4
ENST00000305798.8	550-553	4
ENST00000305850.10	107-110	20
ENST00000305866.10	1032-1035	4
ENST00000305877.13	2792-2795	7
ENST00000305883.6	1613-1616	5
ENST00000305885.3	793-796	10
ENST00000305921.8	1740-1743	9
ENST00000305949.6	1357-1360	7
ENST00000305963.3	529-532	3
ENST00000305978.7	449-452	7
ENST00000305997.8	1531-1534	4
ENST00000306014.10	300-303	13
ENST00000306024.4	56-59	14
ENST00000306052.12	2720-2723	14
ENST00000306065.9	1250-1253	18
ENST00000306077.5	1159-1162	6
ENST00000306103.3	739-742	5
ENST00000306107.9	1328-1331	6
ENST00000306108.10	1409-1412	7
ENST00000306121.8	539-542	7
ENST00000306125.12	723-726	15
ENST00000306177.10	3840-3843	8
ENST00000306185.8	569-572	13
ENST00000306193.8	649-652	5
ENST00000306200.7	690-693	7
ENST00000306243.7	938-941	4
ENST00000306270.12	2028-2031	6
ENST00000306306.8	506-509	8
ENST00000306336.6	154-157	6
ENST00000306357.9	21-24	7
ENST00000306368.9	49-52	6
ENST00000306378.11	243-246	13
ENST00000306433.9	554-557	17
ENST00000306434.8	1284-1287	9
ENST00000306442.5	355-358	5
ENST00000306467.10	765-768	12
ENST00000306480.11	693-696	5
ENST00000306601.9	1197-1200	6
ENST00000306627.8	356-359	11
ENST00000306645.10	409-412	4
ENST00000306688.8	456-459	18
ENST00000306708.11	570-573	8
ENST00000306721.8	842-845	8
ENST00000306730.8	1223-1226	6
ENST00000306735.10	188-191	6
ENST00000306739.9	1047-1050	7
ENST00000306749.4	888-891	11
ENST00000306773.5	449-452	5
ENST00000306796.10	1387-1390	10
ENST00000306801.8	1143-1146	14
ENST00000306846.8	1386-1389	6
ENST00000306851.10	812-815	6
ENST00000306862.7	718-721	4
ENST00000306869.7	195-198	9
ENST00000306875.10	1755-1758	9
ENST00000306897.9	264-267	5
ENST00000306908.10	145-148	6
ENST00000306917.5	1885-1888	8
ENST00000306984.8	493-496	4
ENST00000306999.7	1267-1270	5
ENST00000307017.9	651-654	12
ENST00000307063.9	284-287	7
ENST00000307102.10	475-478	4
ENST00000307126.10	786-789	7
ENST00000307149.10	1017-1020	7
ENST00000307179.9	3265-3268	5
ENST00000307227.10	218-221	6
ENST00000307259.9	338-341	4
ENST00000307296.8	717-720	12
ENST00000307355.12	375-378	9
ENST00000307363.10	310-313	6
ENST00000307365.4	458-461	6
ENST00000307450.11	526-529	6
ENST00000307471.8	574-577	4
ENST00000307522.5	883-886	5
ENST00000307526.4	800-803	3
ENST00000307534.10	813-816	8
ENST00000307546.14	522-525	7
ENST00000307602.9	955-958	6
ENST00000307630.5	783-786	8
ENST00000307659.6	2028-2031	10
ENST00000307677.5	726-729	5
ENST00000307712.11	954-957	9
ENST00000307719.9	400-403	3
ENST00000307720.4	1095-1098	4
ENST00000307729.12	1000-1003	8
ENST00000307731.2	1650-1653	16
ENST00000307741.11	1339-1342	9
ENST00000307750.5	2094-2097	4
ENST00000307771.8	114-117	8
ENST00000307790.8	1149-1152	8
ENST00000307826.5	361-364	7
ENST00000307839.10	226-229	6
ENST00000307845.8	627-630	6
ENST00000307864.3	951-954	7
ENST00000307877.7	305-308	14
ENST00000307892.13	305-308	6
ENST00000307897.10	130-133	8
ENST00000307961.11	788-791	11
ENST00000307972.10	1982-1985	7
ENST00000307980.7	596-599	6
ENST00000308018.9	206-209	7
ENST00000308020.6	258-261	16
ENST00000308025.8	593-596	5
ENST00000308108.9	1176-1179	9
ENST00000308110.9	387-390	17
ENST00000308153.9	323-326	9
ENST00000308158.10	933-936	4
ENST00000308159.10	1645-1648	14
ENST00000308162.10	306-309	4
ENST00000308167.10	1453-1456	10
ENST00000308197.10	747-750	5
ENST00000308249.4	2175-2178	5
ENST00000308259.10	453-456	12
ENST00000308271.14	1581-1584	7
ENST00000308275.8	1163-1166	4
ENST00000308278.13	316-319	4
ENST00000308317.12	79-82	7
ENST00000308330.3	1244-1247	8
ENST00000308360.8	253-256	9
ENST00000308388.7	1146-1149	3
ENST00000308394.9	508-511	4
ENST00000308418.10	523-526	5
ENST00000308482.14	931-934	6
ENST00000308488.11	2564-2567	14
ENST00000308511.9	1810-1813	8
ENST00000308527.6	2637-2640	4
ENST00000308580.12	795-798	9
ENST00000308588.10	398-401	17
ENST00000308595.10	1019-1022	9
ENST00000308660.6	997-1000	3
ENST00000308677.9	872-875	8
ENST00000308683.3	576-579	7
ENST00000308696.11	2316-2319	8
ENST00000308736.7	1933-1936	19
ENST00000308742.9	234-237	9
ENST00000308775.7	2683-2686	8
ENST00000308824.11	1122-1125	3
ENST00000308874.12	929-932	4
ENST00000308893.9	1095-1098	12
ENST00000308924.9	331-334	7
ENST00000308961.5	487-490	8
ENST00000308982.12	780-783	4
ENST00000308987.6	98-101	3
ENST00000309033.5	803-806	10
ENST00000309042.12	743-746	23
ENST00000309061.12	190-193	7
ENST00000309083.8	346-349	4
ENST00000309117.11	613-616	4
ENST00000309137.13	354-357	6
ENST00000309166.8	666-669	3
ENST00000309241.10	339-342	7
ENST00000309244.9	692-695	11
ENST00000309268.11	1317-1320	6
ENST00000309311.7	530-533	16
ENST00000309318.8	366-369	4
ENST00000309324.9	375-378	7
ENST00000309328.8	57-60	12
ENST00000309352.4	690-693	10
ENST00000309377.9	596-599	3
ENST00000309395.7	222-225	4
ENST00000309424.8	842-845	9
ENST00000309428.10	683-686	7
ENST00000309451.7	195-198	5
ENST00000309469.9	361-364	6
ENST00000309522.8	632-635	5
ENST00000309558.8	1003-1006	12
ENST00000309657.8	72-75	8
ENST00000309660.10	957-960	9
ENST00000309683.11	171-174	11
ENST00000309733.6	229-232	5
ENST00000309777.11	382-385	3
ENST00000309784.9	431-434	10
ENST00000309794.16	87-90	7
ENST00000309822.7	665-668	4
ENST00000309859.8	506-509	16
ENST00000309863.11	5016-5019	9
ENST00000309922.7	1120-1123	5
ENST00000309951.8	2056-2059	7
ENST00000309955.8	593-596	7
ENST00000309971.9	876-879	12
ENST00000309983.5	791-794	4
ENST00000309993.3	1285-1288	12
ENST00000310015.12	1813-1816	14
ENST00000310046.9	253-256	16
ENST00000310053.10	1439-1442	10
ENST00000310074.8	1312-1315	6
ENST00000310078.13	1151-1154	6
ENST00000310092.12	179-182	12
ENST00000310109.5	120-123	9
ENST00000310118.9	809-812	10
ENST00000310137.5	187-190	7
ENST00000310144.11	354-357	6
ENST00000310164.3	1646-1649	5
ENST00000310256.7	393-396	9
ENST00000310300.11	1631-1634	4
ENST00000310301.9	575-578	15
ENST00000310380.11	497-500	6
ENST00000310389.6	599-602	8
ENST00000310392.5	841-844	7
ENST00000310418.9	197-200	4
ENST00000310421.5	1695-1698	5
ENST00000310430.11	1288-1291	5
ENST00000310441.12	6711-6714	14
ENST00000310442.5	81-84	3
ENST00000310447.10	408-411	11
ENST00000310496.9	444-447	5
ENST00000310512.4	1283-1286	10
ENST00000310528.9	352-355	5
ENST00000310571.8	1157-1160	9
ENST00000310574.8	1461-1464	4
ENST00000310597.6	288-291	13
ENST00000310614.12	272-275	10
ENST00000310775.12	146-149	10
ENST00000310786.10	257-260	6
ENST00000310806.9	2140-2143	6
ENST00000310823.8	834-837	9
ENST00000310826.10	2623-2626	7
ENST00000310836.11	1748-1751	6
ENST00000310842.9	756-759	8
ENST00000310850.9	593-596	5
ENST00000310864.11	1525-1528	6
ENST00000310924.7	185-188	9
ENST00000310931.10	1618-1621	7
ENST00000310942.9	322-325	13
ENST00000310955.11	372-375	10
ENST00000310999.11	457-460	11
ENST00000311008.16	809-812	12
ENST00000311048.11	255-258	15
ENST00000311052.10	60-63	5
ENST00000311066.10	3931-3934	8
ENST00000311083.10	554-557	6
ENST00000311086.9	718-721	4
ENST00000311111.11	175-178	9
ENST00000311117.8	4491-4494	7
ENST00000311124.9	167-170	6
ENST00000311128.10	188-191	5
ENST00000311141.7	425-428	3
ENST00000311148.9	1266-1269	11
ENST00000311177.7	101-104	10
ENST00000311180.9	1735-1738	5
ENST00000311181.5	1053-1056	15
ENST00000311189.8	730-733	8
ENST00000311234.9	2443-2446	5
ENST00000311277.9	370-373	10
ENST00000311337.11	192-195	3
ENST00000311350.8	1457-1460	10
ENST00000311351.9	212-215	5
ENST00000311381.8	244-247	4
ENST00000311413.5	929-932	5
ENST00000311417.7	464-467	6
ENST00000311481.11	80-83	3
ENST00000311487.9	504-507	21
ENST00000311502.12	819-822	11
ENST00000311506.10	291-294	11
ENST00000311528.10	81-84	4
ENST00000311601.6	1880-1883	6
ENST00000311630.7	1162-1165	9
ENST00000311635.12	242-245	10
ENST00000311638.7	122-125	6
ENST00000311672.10	78-81	4
ENST00000311765.4	756-759	5
ENST00000311772.10	138-141	8
ENST00000311806.8	1069-1072	12
ENST00000311832.6	308-311	8
ENST00000311893.14	150-153	3
ENST00000311895.8	96-99	8
ENST00000311916.8	1556-1559	13
ENST00000311922.4	1259-1262	5
ENST00000311936.8	502-505	4
ENST00000311956.9	763-766	10
ENST00000312026.6	238-241	3
ENST00000312175.7	282-285	7
ENST00000312184.6	609-612	4
ENST00000312196.10	150-153	8
ENST00000312251.8	345-348	6
ENST00000312280.9	378-381	4
ENST00000312377.10	374-377	9
ENST00000312397.10	842-845	19
ENST00000312475.5	548-551	4
ENST00000312499.6	175-178	8
ENST00000312515.7	121-124	14
ENST00000312521.9	833-836	8
ENST00000312541.10	503-506	4
ENST00000312547.7	580-583	8
ENST00000312561.9	5068-5071	5
ENST00000312579.4	135-138	8
ENST00000312629.10	1177-1180	6
ENST00000312637.5	412-415	3
ENST00000312814.11	1658-1661	9
ENST00000312838.9	212-215	5
ENST00000312865.10	1628-1631	18
ENST00000312912.10	1400-1403	10
ENST00000312916.12	1128-1131	9
ENST00000312938.5	1280-1283	9
ENST00000312960.4	773-776	4
ENST00000312962.12	116-119	20
ENST00000313005.11	1685-1688	12
ENST00000313010.8	1162-1165	12
ENST00000313040.12	1084-1087	7
ENST00000313056.10	368-371	4
ENST00000313071.7	1528-1531	7
ENST00000313117.11	285-288	7
ENST00000313143.9	1141-1144	11
ENST00000313182.7	1371-1374	13
ENST00000313236.10	991-994	4
ENST00000313244.14	181-184	10
ENST00000313250.10	70-73	4
ENST00000313288.9	928-931	11
ENST00000313324.9	1214-1217	5
ENST00000313334.13	197-200	8
ENST00000313349.3	349-352	16
ENST00000313367.7	2395-2398	20
ENST00000313368.8	800-803	8
ENST00000313386.9	790-793	3
ENST00000313401.4	921-924	4
ENST00000313468.10	314-317	9
ENST00000313486.12	934-937	8
ENST00000313511.8	1261-1264	13
ENST00000313525.4	389-392	6
ENST00000313546.8	668-671	6
ENST00000313552.11	573-576	5
ENST00000313582.6	280-283	13
ENST00000313597.10	119-122	6
ENST00000313601.11	312-315	5
ENST00000313608.13	517-520	6
ENST00000313655.5	810-813	6
ENST00000313698.9	344-347	5
ENST00000313732.9	665-668	7
ENST00000313733.9	1009-1012	5
ENST00000313777.9	1221-1224	13
ENST00000313806.9	609-612	8
ENST00000313833.5	577-580	7
ENST00000313835.14	524-527	5
ENST00000313843.8	1055-1058	5
ENST00000313899.12	670-673	10
ENST00000314011.9	1932-1935	4
ENST00000314028.11	766-769	5
ENST00000314067.11	243-246	6
ENST00000314103.6	1730-1733	9
ENST00000314128.9	663-666	6
ENST00000314133.4	148-151	10
ENST00000314134.4	1619-1622	4
ENST00000314138.11	244-247	4
ENST00000314163.12	495-498	5
ENST00000314167.9	2286-2289	10
ENST00000314191.7	2671-2674	9
ENST00000314222.5	71-74	10
ENST00000314256.12	2368-2371	6
ENST00000314328.14	1656-1659	10
ENST00000314340.10	79-82	4
ENST00000314355.7	314-317	4
ENST00000314358.10	4422-4425	10
ENST00000314393.6	2575-2578	6
ENST00000314400.10	51-54	8
ENST00000314423.12	2029-2032	7
ENST00000314425.9	830-833	14
ENST00000314485.12	1974-1977	7
ENST00000314529.10	437-440	7
ENST00000314531.5	218-221	7
ENST00000314565.9	722-725	3
ENST00000314574.5	1673-1676	16
ENST00000314595.6	936-939	9
ENST00000314606.9	753-756	10
ENST00000314607.11	4664-4667	8
ENST00000314616.11	526-529	9
ENST00000314622.9	834-837	5
ENST00000314636.3	503-506	14
ENST00000314666.11	748-751	12
ENST00000314673.8	1049-1052	7
ENST00000314728.10	1830-1833	9
ENST00000314742.13	1139-1142	5
ENST00000314752.12	691-694	6
ENST00000314759.6	318-321	5
ENST00000314761.9	1783-1786	14
ENST00000314797.10	1808-1811	16
ENST00000314888.10	3391-3394	14
ENST00000314891.11	537-540	5
ENST00000314940.7	384-387	16
ENST00000314970.11	419-422	12
ENST00000315005.8	561-564	8
ENST00000315073.10	1547-1550	9
ENST00000315082.9	89-92	9
ENST00000315127.9	373-376	5
ENST00000315150.10	345-348	11
ENST00000315212.4	418-421	6
ENST00000315251.11	653-656	5
ENST00000315285.9	1887-1890	15
ENST00000315286.13	56-59	6
ENST00000315322.10	559-562	6
ENST00000315323.5	1660-1663	5
ENST00000315367.4	683-686	5
ENST00000315368.8	1469-1472	6
ENST00000315423.12	869-872	11
ENST00000315436.8	677-680	4
ENST00000315467.9	495-498	9
ENST00000315491.12	1179-1182	17
ENST00000315567.13	379-382	8
ENST00000315571.6	190-193	9
ENST00000315579.10	631-634	15
ENST00000315580.10	424-427	4
ENST00000315588.11	543-546	4
ENST00000315596.15	4037-4040	8
ENST00000315616.12	483-486	8
ENST00000315691.8	1737-1740	8
ENST00000315717.10	686-689	17
ENST00000315732.3	178-181	12
ENST00000315758.10	310-313	9
ENST00000315796.5	230-233	11
ENST00000315869.8	158-161	8
ENST00000315870.10	183-186	11
ENST00000315872.11	2852-2855	7
ENST00000315927.9	1213-1216	5
ENST00000315939.11	1332-1335	12
ENST00000315948.11	286-289	11
ENST00000315970.12	1458-1461	10
ENST00000316045.10	3245-3248	7
ENST00000316052.6	546-549	5
ENST00000316059.7	480-483	8
ENST00000316077.14	1716-1719	13
ENST00000316084.10	203-206	12
ENST00000316097.13	514-517	7
ENST00000316149.8	582-585	11
ENST00000316157.8	1235-1238	13
ENST00000316218.12	560-563	6
ENST00000316273.11	484-487	8
ENST00000316308.9	246-249	6
ENST00000316334.5	1677-1680	12
ENST00000316341.8	2706-2709	7
ENST00000316355.10	579-582	7
ENST00000316403.15	1332-1335	7
ENST00000316423.11	326-329	9
ENST00000316448.10	701-704	13
ENST00000316461.9	852-855	5
ENST00000316491.14	207-210	6
ENST00000316509.11	315-318	4
ENST00000316519.11	387-390	5
ENST00000316586.9	491-494	11
ENST00000316594.6	292-295	15
ENST00000316610.7	533-536	8
ENST00000316634.6	190-193	7
ENST00000316660.7	296-299	6
ENST00000316694.8	627-630	6
ENST00000316715.9	903-906	4
ENST00000316731.13	363-366	8
ENST00000316738.12	91-94	4
ENST00000316757.4	626-629	13
ENST00000316763.8	257-260	7
ENST00000316788.12	379-382	6
ENST00000316804.10	477-480	4
ENST00000316824.4	972-975	3
ENST00000316836.5	1279-1282	7
ENST00000316843.9	3054-3057	9
ENST00000316851.12	2221-2224	6
ENST00000316881.9	1153-1156	10
ENST00000316891.10	304-307	3
ENST00000316937.8	707-710	8
ENST00000316939.3	581-584	8
ENST00000316948.9	521-524	3
ENST00000316963.8	685-688	6
ENST00000317025.13	1624-1627	10
ENST00000317040.12	98-101	9
ENST00000317058.8	850-853	4
ENST00000317089.10	306-309	5
ENST00000317096.9	274-277	6
ENST00000317135.13	784-787	6
ENST00000317147.10	3543-3546	11
ENST00000317178.10	616-619	8
ENST00000317204.11	464-467	4
ENST00000317357.10	527-530	11
ENST00000317459.11	623-626	6
ENST00000317479.8	378-381	13
ENST00000317502.11	691-694	4
ENST00000317506.8	861-864	5
ENST00000317534.6	433-436	10
ENST00000317551.12	378-381	9
ENST00000317552.9	844-847	11
ENST00000317568.10	458-461	4
ENST00000317571.8	250-253	11
ENST00000317578.7	417-420	5
ENST00000317582.10	198-201	7
ENST00000317615.11	369-372	7
ENST00000317633.14	375-378	4
ENST00000317635.6	561-564	5
ENST00000317683.4	555-558	12
ENST00000317697.8	186-189	4
ENST00000317702.10	1171-1174	23
ENST00000317799.10	1251-1254	4
ENST00000317811.6	1248-1251	13
ENST00000317827.9	1601-1604	8
ENST00000317868.9	1047-1050	3
ENST00000317881.9	84-87	5
ENST00000317897.5	948-951	6
ENST00000317905.10	410-413	6
ENST00000317907.9	756-759	5
ENST00000317968.9	1656-1659	6
ENST00000317991.10	261-264	8
ENST00000317995.5	874-877	5
ENST00000318003.11	2308-2311	8
ENST00000318006.10	2302-2305	8
ENST00000318008.11	216-219	3
ENST00000318037.3	1909-1912	12
ENST00000318059.8	207-210	3
ENST00000318066.7	138-141	5
ENST00000318080.7	362-365	5
ENST00000318121.8	1593-1596	15
ENST00000318129.6	599-602	9
ENST00000318130.13	2597-2600	14
ENST00000318158.11	58-61	6
ENST00000318217.10	2400-2403	8
ENST00000318240.8	224-227	7
ENST00000318249.10	399-402	18
ENST00000318312.12	43-46	5
ENST00000318348.9	203-206	7
ENST00000318364.13	450-453	4
ENST00000318388.11	693-696	4
ENST00000318410.12	761-764	6
ENST00000318443.10	516-519	9
ENST00000318471.5	230-233	14
ENST00000318522.10	1021-1024	18
ENST00000318560.6	3244-3247	11
ENST00000318584.10	1579-1582	6
ENST00000318607.10	649-652	8
ENST00000318631.8	285-288	3
ENST00000318636.8	424-427	6
ENST00000318709.9	2147-2150	8
ENST00000318782.9	471-474	8
ENST00000318887.8	967-970	5
ENST00000318911.5	945-948	6
ENST00000318948.7	2221-2224	5
ENST00000318950.11	769-772	6
ENST00000318967.7	2832-2835	18
ENST00000319004.6	482-485	14
ENST00000319006.8	402-405	8
ENST00000319017.5	475-478	15
ENST00000319023.7	259-262	6
ENST00000319074.6	248-251	3
ENST00000319080.12	1046-1049	7
ENST00000319119.5	1530-1533	6
ENST00000319121.4	1829-1832	8
ENST00000319170.10	221-224	9
ENST00000319172.10	1605-1608	7
ENST00000319190.11	567-570	6
ENST00000319211.5	953-956	7
ENST00000319212.9	185-188	18
ENST00000319217.12	6437-6440	6
ENST00000319248.13	655-658	4
ENST00000319283.8	1397-1400	6
ENST00000319285.5	359-362	5
ENST00000319296.10	71-74	8
ENST00000319357.6	418-421	5
ENST00000319363.11	704-707	12
ENST00000319380.12	1766-1769	8
ENST00000319394.8	1193-1196	6
ENST00000319449.9	1006-1009	7
ENST00000319466.9	357-360	6
ENST00000319481.8	1534-1537	11
ENST00000319540.9	742-745	5
ENST00000319550.9	921-924	8
ENST00000319562.11	782-785	7
ENST00000319715.10	4751-4754	10
ENST00000319725.10	983-986	9
ENST00000319769.10	572-575	14
ENST00000319778.11	1833-1836	6
ENST00000319863.13	223-226	4
ENST00000319933.7	784-787	6
ENST00000319942.8	58-61	4
ENST00000319974.6	1262-1265	9
ENST00000320027.10	2275-2278	9
ENST00000320033.5	191-194	5
ENST00000320081.10	1484-1487	10
ENST00000320172.11	870-873	4
ENST00000320211.10	628-631	9
ENST00000320225.10	825-828	9
ENST00000320246.10	241-244	6
ENST00000320270.4	472-475	11
ENST00000320285.9	999-1002	9
ENST00000320316.8	841-844	10
ENST00000320330.8	437-440	18
ENST00000320356.7	699-702	10
ENST00000320393.9	344-347	4
ENST00000320451.7	332-335	6
ENST00000320560.13	2015-2018	11
ENST00000320574.10	192-195	11
ENST00000320578.3	418-421	5
ENST00000320580.9	2423-2426	15
ENST00000320585.11	299-302	13
ENST00000320623.10	922-925	2
ENST00000320631.8	199-202	7
ENST00000320640.11	1047-1050	9
ENST00000320676.11	1145-1148	4
ENST00000320717.8	783-786	8
ENST00000320740.12	1174-1177	4
ENST00000320743.8	3494-3497	6
ENST00000320756.7	212-215	6
ENST00000320776.5	432-435	4
ENST00000320785.10	2038-2041	16
ENST00000320805.9	222-225	6
ENST00000320848.7	293-296	9
ENST00000320849.9	1172-1175	4
ENST00000320876.11	2438-2441	8
ENST00000320892.11	695-698	4
ENST00000320895.10	609-612	6
ENST00000320934.8	2369-2372	12
ENST00000320954.11	589-592	11
ENST00000321027.8	1896-1899	19
ENST00000321030.9	901-904	9
ENST00000321037.5	282-285	4
ENST00000321105.10	1053-1056	6
ENST00000321117.10	1867-1870	6
ENST00000321153.9	158-161	5
ENST00000321169.10	436-439	8
ENST00000321250.13	480-483	4
ENST00000321256.10	301-304	4
ENST00000321264.9	1091-1094	4
ENST00000321265.10	679-682	11
ENST00000321301.7	209-212	4
ENST00000321337.12	476-479	10
ENST00000321341.11	1283-1286	6
ENST00000321356.9	1349-1352	6
ENST00000321358.12	1111-1114	4
ENST00000321394.12	278-281	7
ENST00000321407.3	2133-2136	17
ENST00000321437.9	445-448	4
ENST00000321442.10	608-611	6
ENST00000321464.7	1051-1054	6
ENST00000321556.5	1525-1528	13
ENST00000321560.4	659-662	5
ENST00000321562.9	286-289	7
ENST00000321599.9	503-506	9
ENST00000321612.8	527-530	7
ENST00000321617.8	2218-2221	5
ENST00000321680.11	2762-2765	5
ENST00000321757.11	257-260	12
ENST00000321765.10	1345-1348	9
ENST00000321867.6	506-509	15
ENST00000321878.10	684-687	4
ENST00000321895.7	1230-1233	5
ENST00000321919.14	176-179	7
ENST00000321945.12	337-340	5
ENST00000321990.5	4714-4717	8
ENST00000321998.10	147-150	7
ENST00000322028.5	174-177	4
ENST00000322030.13	751-754	4
ENST00000322048.12	65-68	10
ENST00000322054.10	1517-1520	7
ENST00000322067.12	939-942	4
ENST00000322088.11	969-972	5
ENST00000322090.8	574-577	8
ENST00000322157.9	2692-2695	15
ENST00000322166.10	518-521	11
ENST00000322177.6	618-621	5
ENST00000322203.7	106-109	7
ENST00000322209.5	353-356	8
ENST00000322213.9	3000-3003	18
ENST00000322244.10	927-930	12
ENST00000322313.9	1446-1449	11
ENST00000322342.4	753-756	12
ENST00000322344.8	949-952	7
ENST00000322347.11	248-251	14
ENST00000322349.13	2590-2593	5
ENST00000322357.9	1100-1103	5
ENST00000322396.7	1520-1523	11
ENST00000322428.10	1021-1024	10
ENST00000322434.8	349-352	11
ENST00000322444.7	770-773	6
ENST00000322535.11	777-780	13
ENST00000322536.8	388-391	7
ENST00000322623.10	421-424	8
ENST00000322652.10	549-552	6
ENST00000322723.9	1865-1868	8
ENST00000322764.10	437-440	6
ENST00000322776.11	285-288	9
ENST00000322886.12	2829-2832	9
ENST00000322897.11	970-973	4
ENST00000322927.3	966-969	6
ENST00000322940.11	210-213	6
ENST00000322945.11	1268-1271	15
ENST00000322954.11	2563-2566	9
ENST00000322989.8	234-237	4
ENST00000323013.7	97-100	6
ENST00000323019.9	959-962	7
ENST00000323037.5	1478-1481	6
ENST00000323039.10	496-499	6
ENST00000323116.10	1840-1843	9
ENST00000323206.2	668-671	10
ENST00000323267.11	2573-2576	7
ENST00000323274.15	471-474	9
ENST00000323303.9	96-99	16
ENST00000323345.11	509-512	11
ENST00000323348.10	686-689	6
ENST00000323460.10	398-401	8
ENST00000323468.10	744-747	6
ENST00000323469.5	591-594	4
ENST00000323482.9	463-466	7
ENST00000323523.8	1093-1096	4
ENST00000323534.5	666-669	6
ENST00000323557.12	455-458	6
ENST00000323563.8	57-60	6
ENST00000323570.8	818-821	8
ENST00000323571.9	336-339	13
ENST00000323578.13	556-559	14
ENST00000323584.10	1097-1100	7
ENST00000323666.10	85-88	13
ENST00000323670.14	387-390	6
ENST00000323699.9	304-307	8
ENST00000323701.11	802-805	13
ENST00000323703.11	568-571	9
ENST00000323716.8	982-985	4
ENST00000323760.11	380-383	4
ENST00000323786.10	1169-1172	14
ENST00000323798.8	617-620	5
ENST00000323848.14	1144-1147	18
ENST00000323851.13	488-491	8
ENST00000323853.10	1978-1981	14
ENST00000323927.3	1840-1843	8
ENST00000323929.8	843-846	9
ENST00000323959.9	251-254	7
ENST00000323963.10	1204-1207	4
ENST00000323984.8	1324-1327	10
ENST00000324096.9	158-161	11
ENST00000324103.11	666-669	4
ENST00000324109.9	2076-2079	6
ENST00000324194.12	561-564	9
ENST00000324198.11	390-393	6
ENST00000324210.10	1505-1508	5
ENST00000324219.9	4067-4070	7
ENST00000324225.9	683-686	6
ENST00000324229.11	407-410	4
ENST00000324238.7	62-65	4
ENST00000324262.9	368-371	5
ENST00000324266.10	1120-1123	10
ENST00000324306.11	447-450	7
ENST00000324324.12	586-589	13
ENST00000324344.9	917-920	6
ENST00000324364.4	193-196	4
ENST00000324366.13	591-594	7
ENST00000324379.10	115-118	4
ENST00000324439.10	195-198	4
ENST00000324453.13	259-262	8
ENST00000324460.7	1150-1153	7
ENST00000324464.8	1743-1746	5
ENST00000324501.10	941-944	5
ENST00000324557.9	266-269	9
ENST00000324559.9	2841-2844	11
ENST00000324607.8	1660-1663	9
ENST00000324679.5	1365-1368	8
ENST00000324685.11	1631-1634	8
ENST00000324765.13	778-781	12
ENST00000324787.10	339-342	4
ENST00000324816.11	725-728	10
ENST00000324817.6	3952-3955	12
ENST00000324849.9	773-776	5
ENST00000324856.13	6092-6095	10
ENST00000324862.7	1692-1695	6
ENST00000324868.13	959-962	8
ENST00000324871.12	622-625	4
ENST00000324894.13	509-512	9
ENST00000324913.10	360-363	2
ENST00000324932.12	1725-1728	7
ENST00000325006.8	1574-1577	6
ENST00000325083.13	3567-3570	9
ENST00000325102.13	222-225	10
ENST00000325110.11	1467-1470	15
ENST00000325144.5	239-242	4
ENST00000325167.9	279-282	2
ENST00000325212.11	431-434	7
ENST00000325222.9	2508-2511	6
ENST00000325285.8	216-219	14
ENST00000325301.7	1396-1399	12
ENST00000325303.9	786-789	4
ENST00000325307.12	113-116	6
ENST00000325318.10	325-328	5
ENST00000325324.11	1421-1424	15
ENST00000325327.4	356-359	6
ENST00000325333.10	449-452	8
ENST00000325366.14	692-695	6
ENST00000325385.12	1235-1238	7
ENST00000325404.3	790-793	3
ENST00000325418.5	219-222	9
ENST00000325421.7	1586-1589	10
ENST00000325464.6	1581-1584	6
ENST00000325495.9	2040-2043	10
ENST00000325542.10	996-999	6
ENST00000325551.9	1353-1356	5
ENST00000325599.13	1758-1761	5
ENST00000325617.10	1240-1243	5
ENST00000325680.12	3690-3693	9
ENST00000325722.8	2298-2301	5
ENST00000325748.9	808-811	8
ENST00000325752.8	625-628	8
ENST00000325805.13	2212-2215	13
ENST00000325844.9	208-211	8
ENST00000325954.9	495-498	10
ENST00000325974.9	352-355	8
ENST00000326005.10	296-299	9
ENST00000326019.11	2195-2198	10
ENST00000326043.5	1900-1903	12
ENST00000326047.9	3975-3978	6
ENST00000326132.11	641-644	3
ENST00000326181.11	1132-1135	6
ENST00000326194.11	470-473	7
ENST00000326195.13	70-73	7
ENST00000326232.14	332-335	3
ENST00000326266.13	439-442	8
ENST00000326291.11	1080-1083	5
ENST00000326402.9	171-174	20
ENST00000326427.11	525-528	4
ENST00000326446.10	224-227	9
ENST00000326448.12	462-465	7
ENST00000326505.4	1211-1214	8
ENST00000326587.12	814-817	10
ENST00000326631.7	480-483	4
ENST00000326639.11	329-332	13
ENST00000326648.5	1042-1045	8
ENST00000326674.10	351-354	4
ENST00000326735.13	472-475	20
ENST00000326737.3	1208-1211	7
ENST00000326739.9	567-570	14
ENST00000326756.4	1918-1921	5
ENST00000326764.10	2177-2180	6
ENST00000326775.10	376-379	8
ENST00000326793.11	359-362	6
ENST00000326840.11	558-561	11
ENST00000326873.12	2075-2078	8
ENST00000326925.11	162-165	17
ENST00000326974.9	282-285	10
ENST00000327031.9	2385-2388	11
ENST00000327040.13	330-333	5
ENST00000327044.7	274-277	15
ENST00000327064.9	1623-1626	13
ENST00000327111.8	2723-2726	8
ENST00000327134.7	751-754	5
ENST00000327141.9	376-379	3
ENST00000327155.10	2309-2312	15
ENST00000327158.5	341-344	6
ENST00000327237.7	876-879	6
ENST00000327299.8	589-592	7
ENST00000327300.12	956-959	6
ENST00000327304.10	785-788	6
ENST00000327347.10	1404-1407	5
ENST00000327367.9	1330-1333	4
ENST00000327374.9	560-563	3
ENST00000327423.11	5153-5156	12
ENST00000327428.10	323-326	4
ENST00000327435.11	74-77	5
ENST00000327443.9	737-740	9
ENST00000327490.8	179-182	7
ENST00000327492.4	791-794	7
ENST00000327619.10	1310-1313	5
ENST00000327628.10	1994-1997	6
ENST00000327671.10	437-440	12
ENST00000327680.7	338-341	9
ENST00000327697.11	2285-2288	7
ENST00000327772.7	263-266	7
ENST00000327787.13	1406-1409	13
ENST00000327827.12	800-803	10
ENST00000327835.7	322-325	4
ENST00000327858.11	1009-1012	10
ENST00000327877.10	959-962	8
ENST00000327892.13	1010-1013	7
ENST00000327949.15	1318-1321	5
ENST00000328024.11	381-384	5
ENST00000328046.8	1948-1951	19
ENST00000328078.3	1062-1065	15
ENST00000328086.12	2317-2320	8
ENST00000328089.11	975-978	4
ENST00000328111.6	1281-1284	14
ENST00000328194.8	2279-2282	6
ENST00000328195.8	483-486	4
ENST00000328257.13	733-736	6
ENST00000328268.9	1102-1105	7
ENST00000328299.4	520-523	2
ENST00000328300.11	5190-5193	10
ENST00000328345.8	693-696	5
ENST00000328379.6	284-287	3
ENST00000328381.10	518-521	8
ENST00000328434.8	98-101	3
ENST00000328459.11	1176-1179	6
ENST00000328554.9	930-933	5
ENST00000328599.4	657-660	11
ENST00000328631.10	207-210	4
ENST00000328649.11	413-416	9
ENST00000328666.11	840-843	6
ENST00000328697.11	123-126	5
ENST00000328703.12	623-626	9
ENST00000328709.8	242-245	3
ENST00000328747.12	242-245	6
ENST00000328771.9	1290-1293	9
ENST00000328827.9	864-867	16
ENST00000328834.10	2307-2310	14
ENST00000328879.9	1470-1473	13
ENST00000328914.5	1052-1055	7
ENST00000328923.8	1304-1307	6
ENST00000328933.10	290-293	8
ENST00000328965.9	1052-1055	9
ENST00000329082.12	855-858	9
ENST00000329138.9	1109-1112	8
ENST00000329153.10	725-728	8
ENST00000329198.5	717-720	8
ENST00000329214.13	198-201	5
ENST00000329245.9	1456-1459	6
ENST00000329251.5	1258-1261	7
ENST00000329271.8	185-188	14
ENST00000329276.10	110-113	5
ENST00000329399.7	1036-1039	10
ENST00000329421.8	491-494	9
ENST00000329474.7	2420-2423	6
ENST00000329492.6	134-137	5
ENST00000329516.8	2721-2724	21
ENST00000329517.11	481-484	5
ENST00000329548.5	657-660	10
ENST00000329600.8	1182-1185	6
ENST00000329665.5	445-448	6
ENST00000329713.5	748-751	4
ENST00000329734.4	1139-1142	5
ENST00000329875.13	714-717	14
ENST00000329957.7	607-610	4
ENST00000329967.11	307-310	5
ENST00000329970.8	532-535	11
ENST00000330029.6	156-159	3
ENST00000330045.12	485-488	6
ENST00000330062.8	915-918	4
ENST00000330125.10	731-734	7
ENST00000330133.5	193-196	4
ENST00000330143.8	597-600	6
ENST00000330149.10	703-706	3
ENST00000330181.10	972-975	5
ENST00000330236.7	1526-1529	6
ENST00000330263.5	190-193	4
ENST00000330288.6	114-117	3
ENST00000330333.11	1649-1652	11
ENST00000330342.8	1365-1368	7
ENST00000330374.7	226-229	6
ENST00000330387.11	852-855	12
ENST00000330398.9	473-476	4
ENST00000330452.8	522-525	7
ENST00000330459.8	972-975	4
ENST00000330494.12	1994-1997	8
ENST00000330501.12	1518-1521	8
ENST00000330503.12	106-109	9
ENST00000330560.8	265-268	15
ENST00000330574.2	569-572	9
ENST00000330579.6	1289-1292	7
ENST00000330688.9	1171-1174	4
ENST00000330689.6	1383-1386	5
ENST00000330720.7	433-436	8
ENST00000330775.9	832-835	4
ENST00000330817.11	305-308	10
ENST00000330843.9	701-704	12
ENST00000330852.10	601-604	2
ENST00000330899.5	1069-1072	7
ENST00000330938.8	179-182	6
ENST00000330964.10	234-237	2
ENST00000330978.4	191-194	3
ENST00000331079.11	370-373	6
ENST00000331134.11	785-788	8
ENST00000331173.6	1327-1330	6
ENST00000331200.8	798-801	5
ENST00000331222.6	871-874	5
ENST00000331242.12	2040-2043	10
ENST00000331244.10	741-744	4
ENST00000331272.9	1244-1247	5
ENST00000331314.11	458-461	6
ENST00000331320.12	2168-2171	14
ENST00000331327.5	457-460	11
ENST00000331334.5	313-316	3
ENST00000331366.10	1164-1167	8
ENST00000331373.10	846-849	10
ENST00000331434.7	682-685	10
ENST00000331444.12	706-709	9
ENST00000331456.7	951-954	8
ENST00000331457.9	920-923	5
ENST00000331479.4	381-384	4
ENST00000331483.9	1228-1231	6
ENST00000331536.8	399-402	11
ENST00000331552.12	426-429	4
ENST00000331569.6	1545-1548	7
ENST00000331573.8	510-513	4
ENST00000331581.11	1308-1311	12
ENST00000331666.11	2269-2272	9
ENST00000331683.10	332-335	9
ENST00000331710.10	1458-1461	8
ENST00000331728.9	1689-1692	6
ENST00000331738.12	212-215	7
ENST00000331758.8	247-250	5
ENST00000331768.10	1262-1265	8
ENST00000331782.8	3968-3971	10
ENST00000331808.5	706-709	3
ENST00000331825.11	547-550	5
ENST00000331835.10	294-297	4
ENST00000331872.11	746-749	7
ENST00000331890.6	1045-1048	6
ENST00000331923.9	2178-2181	6
ENST00000331968.11	497-500	9
ENST00000332118.11	427-430	9
ENST00000332131.9	312-315	4
ENST00000332160.5	162-165	4
ENST00000332180.10	1927-1930	14
ENST00000332211.11	537-540	9
ENST00000332290.4	694-697	2
ENST00000332303.6	786-789	5
ENST00000332312.4	1135-1138	7
ENST00000332349.5	1698-1701	7
ENST00000332395.7	1194-1197	7
ENST00000332439.5	348-351	5
ENST00000332499.4	1349-1352	8
ENST00000332512.8	65-68	7
ENST00000332556.5	613-616	5
ENST00000332598.7	354-357	12
ENST00000332624.8	584-587	9
ENST00000332629.7	876-879	6
ENST00000332674.9	756-759	5
ENST00000332687.11	391-394	14
ENST00000332707.10	2524-2527	7
ENST00000332783.12	1369-1372	5
ENST00000332810.4	1022-1025	5
ENST00000332830.9	609-612	8
ENST00000332859.11	289-292	6
ENST00000332896.8	113-116	6
ENST00000333003.10	393-396	6
ENST00000333050.7	619-622	6
ENST00000333119.8	186-189	12
ENST00000333130.4	568-571	11
ENST00000333137.12	2877-2880	6
ENST00000333167.13	1175-1178	12
ENST00000333188.10	1501-1504	11
ENST00000333202.8	410-413	5
ENST00000333213.11	294-297	5
ENST00000333219.9	1179-1182	7
ENST00000333256.11	1201-1204	7
ENST00000333274.11	717-720	4
ENST00000333371.8	1593-1596	5
ENST00000333421.7	767-770	6
ENST00000333432.9	71-74	12
ENST00000333449.9	633-636	6
ENST00000333479.12	878-881	7
ENST00000333503.8	549-552	8
ENST00000333511.9	1080-1083	10
ENST00000333590.6	607-610	4
ENST00000333610.4	501-504	3
ENST00000333628.4	1263-1266	16
ENST00000333651.11	255-258	12
ENST00000333725.10	2370-2373	7
ENST00000333762.6	618-621	11
ENST00000333868.10	405-408	7
ENST00000333916.8	690-693	4
ENST00000333924.6	343-346	7
ENST00000333926.6	226-229	3
ENST00000334049.11	1161-1164	4
ENST00000334062.8	185-188	6
ENST00000334082.11	2188-2191	4
ENST00000334121.11	1325-1328	7
ENST00000334126.12	2826-2829	13
ENST00000334136.11	631-634	7
ENST00000334163.4	1522-1525	6
ENST00000334186.9	3620-3623	8
ENST00000334205.9	92-95	8
ENST00000334220.9	674-677	13
ENST00000334232.9	504-507	2
ENST00000334256.9	442-445	6
ENST00000334270.3	271-274	6
ENST00000334274.9	704-707	3
ENST00000334295.9	361-364	9
ENST00000334304.10	645-648	13
ENST00000334307.10	141-144	10
ENST00000334344.11	158-161	9
ENST00000334351.8	656-659	2
ENST00000334379.11	473-476	9
ENST00000334398.8	1062-1065	9
ENST00000334418.6	708-711	12
ENST00000334444.11	203-206	6
ENST00000334462.10	256-259	8
ENST00000334463.4	3713-3716	6
ENST00000334464.7	222-225	12
ENST00000334504.12	2014-2017	8
ENST00000334527.12	276-279	7
ENST00000334553.11	1407-1410	23
ENST00000334571.7	1369-1372	7
ENST00000334598.12	302-305	2
ENST00000334635.10	483-486	9
ENST00000334660.10	397-400	5
ENST00000334678.8	187-190	4
ENST00000334690.11	344-347	11
ENST00000334705.12	2025-2028	6
ENST00000334731.7	174-177	4
ENST00000334746.10	3488-3491	12
ENST00000334805.11	1496-1499	4
ENST00000334816.12	93-96	2
ENST00000334828.6	363-366	7
ENST00000334869.9	1422-1425	5
ENST00000334955.13	20-23	13
ENST00000334956.15	848-851	8
ENST00000334976.11	221-224	6
ENST00000334982.9	551-554	5
ENST00000335007.10	469-472	7
ENST00000335125.11	370-373	4
ENST00000335181.10	1111-1114	8
ENST00000335183.11	215-218	5
ENST00000335209.12	440-443	3
ENST00000335251.11	1470-1473	7
ENST00000335255.10	979-982	9
ENST00000335272.10	767-770	11
ENST00000335312.8	1401-1404	6
ENST00000335325.9	1287-1290	8
ENST00000335327.6	749-752	5
ENST00000335350.10	1739-1742	13
ENST00000335420.10	449-452	9
ENST00000335472.12	802-805	5
ENST00000335504.10	1918-1921	5
ENST00000335508.11	1757-1760	8
ENST00000335509.11	1491-1494	6
ENST00000335514.10	162-165	8
ENST00000335606.11	820-823	8
ENST00000335659.7	833-836	4
ENST00000335693.9	400-403	7
ENST00000335725.9	1312-1315	14
ENST00000335754.8	900-903	6
ENST00000335756.9	552-555	7
ENST00000335757.10	288-291	7
ENST00000335765.9	388-391	7
ENST00000335783.4	870-873	7
ENST00000335791.10	477-480	4
ENST00000335793.4	401-404	7
ENST00000335815.7	278-281	10
ENST00000335870.7	512-515	13
ENST00000335877.11	268-271	4
ENST00000335965.11	732-735	4
ENST00000335968.8	1133-1136	10
ENST00000335972.11	2383-2386	11
ENST00000336023.9	182-185	6
ENST00000336032.4	780-783	4
ENST00000336083.8	547-550	3
ENST00000336125.6	309-312	8
ENST00000336126.6	660-663	8
ENST00000336133.8	251-254	13
ENST00000336138.4	694-697	5
ENST00000336148.10	197-200	8
ENST00000336156.10	197-200	20
ENST00000336174.12	367-370	9
ENST00000336180.7	484-487	8
ENST00000336216.9	934-937	8
ENST00000336219.4	805-808	7
ENST00000336233.10	1144-1147	9
ENST00000336273.8	1763-1766	13
ENST00000336278.9	1452-1455	6
ENST00000336283.9	42-45	6
ENST00000336294.10	820-823	9
ENST00000336308.10	472-475	4
ENST00000336349.6	91-94	6
ENST00000336418.9	579-582	5
ENST00000336431.10	1481-1484	7
ENST00000336458.13	530-533	4
ENST00000336498.8	2383-2386	6
ENST00000336520.8	648-651	6
ENST00000336564.5	608-611	6
ENST00000336576.10	198-201	5
ENST00000336596.7	182-185	6
ENST00000336614.9	392-395	7
ENST00000336615.9	1552-1555	9
ENST00000336617.8	481-484	8
ENST00000336643.10	909-912	7
ENST00000336686.9	1800-1803	6
ENST00000336689.8	2137-2140	5
ENST00000336715.11	618-621	9
ENST00000336735.9	1765-1768	7
ENST00000336737.8	965-968	8
ENST00000336755.10	107-110	8
ENST00000336767.6	283-286	4
ENST00000336783.9	2457-2460	12
ENST00000336787.6	708-711	3
ENST00000336812.5	1475-1478	13
ENST00000336854.9	645-648	4
ENST00000336868.8	1169-1172	7
ENST00000336926.11	822-825	5
ENST00000336985.11	1252-1255	6
ENST00000337002.9	835-838	7
ENST00000337057.8	996-999	11
ENST00000337080.8	456-459	5
ENST00000337109.9	502-505	4
ENST00000337130.10	530-533	6
ENST00000337132.10	74-77	4
ENST00000337137.9	1472-1475	5
ENST00000337138.9	2353-2356	12
ENST00000337190.7	630-633	6
ENST00000337195.11	465-468	11
ENST00000337198.10	899-902	8
ENST00000337227.9	607-610	4
ENST00000337231.5	1210-1213	6
ENST00000337233.9	291-294	9
ENST00000337248.9	684-687	4
ENST00000337273.10	1517-1520	9
ENST00000337288.10	1287-1290	6
ENST00000337318.8	1356-1359	5
ENST00000337331.10	681-684	12
ENST00000337338.9	719-722	7
ENST00000337344.9	683-686	7
ENST00000337386.10	1334-1337	6
ENST00000337392.10	865-868	11
ENST00000337393.10	81-84	7
ENST00000337432.9	300-303	4
ENST00000337435.9	466-469	5
ENST00000337451.8	850-853	5
ENST00000337488.11	600-603	6
ENST00000337491.7	99-102	12
ENST00000337523.10	1284-1287	19
ENST00000337526.11	3436-3439	9
ENST00000337530.11	328-331	5
ENST00000337537.8	843-846	6
ENST00000337554.8	204-207	4
ENST00000337573.10	757-760	4
ENST00000337619.11	114-117	7
ENST00000337659.11	3087-3090	11
ENST00000337664.9	1028-1031	5
ENST00000337673.7	215-218	8
ENST00000337682.9	396-399	8
ENST00000337702.5	706-709	5
ENST00000337714.8	405-408	13
ENST00000337743.9	173-176	10
ENST00000337768.10	1515-1518	12
ENST00000337815.9	1608-1611	3
ENST00000337859.11	1146-1149	7
ENST00000337910.10	2322-2325	6
ENST00000337963.9	767-770	11
ENST00000337975.6	1424-1427	7
ENST00000337979.9	650-653	14
ENST00000338034.9	983-986	16
ENST00000338121.10	266-269	8
ENST00000338128.13	1166-1169	14
ENST00000338134.8	536-539	5
ENST00000338146.7	272-275	4
ENST00000338148.8	417-420	5
ENST00000338154.11	1446-1449	8
ENST00000338165.9	1774-1777	6
ENST00000338167.10	1212-1215	9
ENST00000338193.11	31-34	15
ENST00000338222.7	529-532	8
ENST00000338244.6	1394-1397	9
ENST00000338272.9	193-196	7
ENST00000338338.10	631-634	7
ENST00000338343.10	1710-1713	5
ENST00000338366.6	74-77	8
ENST00000338376.8	278-281	4
ENST00000338382.11	1156-1159	7
ENST00000338399.9	910-913	4
ENST00000338415.8	909-912	8
ENST00000338448.10	1049-1052	6
ENST00000338523.9	713-716	5
ENST00000338591.8	524-527	6
ENST00000338625.9	587-590	4
ENST00000338639.10	520-523	3
ENST00000338641.10	1839-1842	9
ENST00000338663.12	1676-1679	8
ENST00000338700.10	1546-1549	6
ENST00000338728.10	894-897	14
ENST00000338733.10	137-140	12
ENST00000338754.9	708-711	4
ENST00000338758.12	788-791	6
ENST00000338779.11	1294-1297	6
ENST00000338791.11	468-471	11
ENST00000338821.6	1605-1608	13
ENST00000338825.5	130-133	4
ENST00000338891.12	374-377	6
ENST00000338910.9	1148-1151	5
ENST00000338961.11	1059-1062	11
ENST00000338965.9	833-836	7
ENST00000338971.10	650-653	6
ENST00000339020.8	627-630	8
ENST00000339077.10	512-515	7
ENST00000339083.12	135-138	3
ENST00000339157.10	924-927	6
ENST00000339209.9	806-809	17
ENST00000339235.4	569-572	4
ENST00000339249.5	644-647	4
ENST00000339374.11	1112-1115	7
ENST00000339397.5	166-169	5
ENST00000339399.5	536-539	7
ENST00000339413.11	357-360	6
ENST00000339450.10	1941-1944	7
ENST00000339486.8	618-621	11
ENST00000339594.9	555-558	12
ENST00000339600.6	225-228	2
ENST00000339647.6	241-244	10
ENST00000339656.8	237-240	3
ENST00000339664.7	978-981	5
ENST00000339697.5	280-283	5
ENST00000339728.6	699-702	8
ENST00000339754.11	54-57	5
ENST00000339818.9	883-886	4
ENST00000339834.10	313-316	4
ENST00000339950.5	772-775	10
ENST00000340020.11	540-543	8
ENST00000340080.9	2659-2662	6
ENST00000340093.8	763-766	8
ENST00000340096.11	1509-1512	6
ENST00000340099.10	979-982	5
ENST00000340124.9	1634-1637	6
ENST00000340139.10	976-979	9
ENST00000340157.9	1019-1022	8
ENST00000340253.10	3124-3127	9
ENST00000340281.9	1858-1861	8
ENST00000340368.9	115-118	5
ENST00000340381.11	245-248	5
ENST00000340384.5	737-740	6
ENST00000340385.6	417-420	9
ENST00000340413.7	916-919	9
ENST00000340417.8	2094-2097	6
ENST00000340434.5	76-79	4
ENST00000340473.8	674-677	6
ENST00000340487.5	115-118	6
ENST00000340533.9	370-373	10
ENST00000340553.8	1573-1576	7
ENST00000340578.10	67-70	5
ENST00000340611.9	480-483	8
ENST00000340648.6	1731-1734	10
ENST00000340692.10	774-777	10
ENST00000340811.9	1168-1171	4
ENST00000340828.7	999-1002	5
ENST00000340857.4	829-832	4
ENST00000340866.10	312-315	3
ENST00000340912.6	175-178	6
ENST00000340913.11	544-547	13
ENST00000340934.10	1586-1589	6
ENST00000340941.11	1685-1688	13
ENST00000340990.10	315-318	19
ENST00000341049.7	219-222	6
ENST00000341068.8	2748-2751	12
ENST00000341084.7	666-669	5
ENST00000341105.7	468-471	15
ENST00000341119.10	598-601	6
ENST00000341162.8	630-633	6
ENST00000341170.5	203-206	5
ENST00000341181.11	435-438	17
ENST00000341247.9	730-733	6
ENST00000341255.4	835-838	7
ENST00000341285.8	1651-1654	13
ENST00000341318.9	796-799	5
ENST00000341333.10	332-335	13
ENST00000341356.10	360-363	4
ENST00000341376.11	1174-1177	7
ENST00000341394.9	720-723	11
ENST00000341423.10	317-320	4
ENST00000341426.9	711-714	12
ENST00000341446.9	233-236	7
ENST00000341469.7	121-124	9
ENST00000341491.9	588-591	3
ENST00000341514.11	176-179	7
ENST00000341516.10	2310-2313	11
ENST00000341541.8	830-833	10
ENST00000341550.9	591-594	8
ENST00000341567.8	618-621	7
ENST00000341590.8	913-916	7
ENST00000341657.9	3341-3344	7
ENST00000341695.10	465-468	11
ENST00000341698.2	717-720	12
ENST00000341744.8	1267-1270	4
ENST00000341776.7	804-807	10
ENST00000341832.11	107-110	11
ENST00000341864.6	384-387	8
ENST00000341893.8	2022-2025	6
ENST00000341928.7	819-822	10
ENST00000341942.10	262-265	4
ENST00000341949.9	1324-1327	4
ENST00000341976.5	1549-1552	12
ENST00000342016.8	150-153	6
ENST00000342085.9	620-623	10
ENST00000342136.9	767-770	12
ENST00000342166.10	337-340	6
ENST00000342192.9	262-265	9
ENST00000342203.8	1065-1068	16
ENST00000342232.5	1288-1291	5
ENST00000342245.9	1865-1868	12
ENST00000342374.5	989-992	5
ENST00000342415.6	993-996	16
ENST00000342435.9	1015-1018	3
ENST00000342449.8	546-549	20
ENST00000342480.7	797-800	15
ENST00000342483.5	1543-1546	7
ENST00000342494.8	2658-2661	8
ENST00000342505.5	2097-2100	6
ENST00000342624.10	379-382	13
ENST00000342649.9	119-122	17
ENST00000342665.5	703-706	7
ENST00000342669.8	242-245	7
ENST00000342679.9	1017-1020	4
ENST00000342683.6	523-526	4
ENST00000342702.8	777-780	10
ENST00000342704.11	553-556	3
ENST00000342745.5	322-325	6
ENST00000342782.4	1203-1206	5
ENST00000342784.7	1044-1047	13
ENST00000342907.3	1467-1470	19
ENST00000342932.8	325-328	4
ENST00000342988.8	1651-1654	5
ENST00000343004.10	1030-1033	5
ENST00000343028.9	822-825	14
ENST00000343067.9	1074-1077	15
ENST00000343090.11	1226-1229	9
ENST00000343150.10	527-530	7
ENST00000343242.9	343-346	6
ENST00000343262.9	389-392	7
ENST00000343307.5	791-794	10
ENST00000343325.9	706-709	6
ENST00000343348.11	1358-1361	6
ENST00000343380.6	1165-1168	8
ENST00000343411.8	2488-2491	10
ENST00000343455.8	2724-2727	9
ENST00000343470.9	742-745	4
ENST00000343483.7	881-884	8
ENST00000343484.10	133-136	4
ENST00000343526.9	896-899	19
ENST00000343537.12	396-399	8
ENST00000343619.9	376-379	10
ENST00000343629.11	549-552	5
ENST00000343632.9	123-126	14
ENST00000343677.4	276-279	6
ENST00000343730.10	308-311	6
ENST00000343776.10	767-770	6
ENST00000343810.9	223-226	12
ENST00000343813.10	788-791	13
ENST00000343818.11	368-371	10
ENST00000343820.10	477-480	3
ENST00000343823.11	1420-1423	8
ENST00000343938.9	910-913	3
ENST00000344034.5	1402-1405	18
ENST00000344063.7	126-129	7
ENST00000344096.4	893-896	5
ENST00000344111.4	85-88	11
ENST00000344147.10	684-687	6
ENST00000344157.9	1858-1861	9
ENST00000344175.10	765-768	4
ENST00000344204.9	672-675	10
ENST00000344293.6	2011-2014	12
ENST00000344302.9	230-233	14
ENST00000344318.4	364-367	5
ENST00000344337.11	599-602	6
ENST00000344347.6	792-795	23
ENST00000344387.9	435-438	10
ENST00000344417.10	1040-1043	6
ENST00000344420.10	915-918	8
ENST00000344423.10	897-900	4
ENST00000344442.10	1584-1587	11
ENST00000344517.5	856-859	5
ENST00000344529.5	1142-1145	7
ENST00000344537.10	642-645	5
ENST00000344595.10	765-768	5
ENST00000344624.8	1931-1934	14
ENST00000344626.10	4961-4964	10
ENST00000344629.12	374-377	12
ENST00000344641.8	184-187	4
ENST00000344646.10	913-916	6
ENST00000344651.5	689-692	3
ENST00000344683.10	389-392	6
ENST00000344697.3	418-421	10
ENST00000344768.10	638-641	3
ENST00000344795.8	200-203	4
ENST00000344836.9	3165-3168	11
ENST00000344862.10	548-551	21
ENST00000344877.10	202-205	3
ENST00000344920.9	1053-1056	7
ENST00000344922.10	3815-3818	10
ENST00000344924.8	809-812	4
ENST00000344936.7	838-841	9
ENST00000345003.9	440-443	6
ENST00000345046.12	104-107	5
ENST00000345057.9	1007-1010	6
ENST00000345080.5	279-282	14
ENST00000345093.9	1154-1157	15
ENST00000345122.8	1071-1074	9
ENST00000345146.7	835-838	9
ENST00000345254.9	1309-1312	10
ENST00000345264.10	278-281	13
ENST00000345317.7	281-284	5
ENST00000345330.9	1104-1107	14
ENST00000345358.12	102-105	3
ENST00000345365.11	694-697	4
ENST00000345519.10	493-496	7
ENST00000345716.9	1418-1421	10
ENST00000345851.8	2108-2111	7
ENST00000346027.10	2535-2538	4
ENST00000346169.7	1924-1927	13
ENST00000346183.8	450-453	11
ENST00000346213.9	620-623	6
ENST00000346234.7	260-263	10
ENST00000346246.10	830-833	16
ENST00000346249.9	480-483	4
ENST00000346299.10	378-381	17
ENST00000346416.7	1537-1540	6
ENST00000346436.11	183-186	5
ENST00000346618.8	1632-1635	6
ENST00000346798.8	930-933	7
ENST00000347055.4	454-457	6
ENST00000347136.11	429-432	8
ENST00000347162.10	554-557	12
ENST00000347230.9	3755-3758	9
ENST00000347364.7	1516-1519	4
ENST00000347454.9	1401-1404	15
ENST00000347512.8	284-287	5
ENST00000347519.12	100-103	5
ENST00000347635.9	1270-1273	17
ENST00000347708.5	881-884	13
ENST00000347869.8	755-758	8
ENST00000348035.9	713-716	6
ENST00000348165.10	1910-1913	7
ENST00000348227.4	541-544	5
ENST00000348332.8	2868-2871	9
ENST00000348335.7	809-812	7
ENST00000348354.7	271-274	14
ENST00000348367.9	503-506	7
ENST00000348370.9	908-911	6
ENST00000348403.10	1007-1010	14
ENST00000348411.3	609-612	4
ENST00000348417.7	125-128	4
ENST00000348459.10	851-854	8
ENST00000348462.6	273-276	6
ENST00000348513.12	625-628	7
ENST00000348547.7	419-422	5
ENST00000348831.9	2242-2245	5
ENST00000348849.8	1278-1281	6
ENST00000348956.7	266-269	7
ENST00000349004.6	1156-1159	6
ENST00000349048.9	752-755	11
ENST00000349062.7	927-930	5
ENST00000349129.7	300-303	8
ENST00000349139.6	1165-1168	9
ENST00000349155.7	2859-2862	6
ENST00000349215.8	427-430	6
ENST00000349431.11	756-759	5
ENST00000349456.9	168-171	11
ENST00000349485.10	720-723	5
ENST00000349496.11	2413-2416	6
ENST00000349533.11	262-265	8
ENST00000349703.7	1156-1159	6
ENST00000349721.8	2149-2152	6
ENST00000349780.9	213-216	9
ENST00000349841.10	902-905	13
ENST00000349945.7	501-504	10
ENST00000349995.10	1313-1316	12
ENST00000350028.5	1111-1114	10
ENST00000350030.8	1837-1840	6
ENST00000350033.8	872-875	4
ENST00000350051.8	268-271	11
ENST00000350302.8	437-440	6
ENST00000350320.11	825-828	8
ENST00000350427.5	1428-1431	6
ENST00000350498.8	190-193	5
ENST00000350612.11	640-643	7
ENST00000350669.5	269-272	5
ENST00000350690.10	959-962	13
ENST00000350697.8	267-270	8
ENST00000350721.9	5642-5645	10
ENST00000350777.7	349-352	16
ENST00000350796.8	156-159	5
ENST00000350997.12	314-317	5
ENST00000351018.5	515-518	3
ENST00000351030.8	797-800	7
ENST00000351111.7	801-804	4
ENST00000351193.7	1346-1349	9
ENST00000351328.8	387-390	7
ENST00000351486.10	531-534	7
ENST00000351677.7	1458-1461	7
ENST00000351698.5	519-522	9
ENST00000351797.9	749-752	5
ENST00000351829.9	411-414	5
ENST00000351870.8	1078-1081	20
ENST00000351989.8	1158-1161	5
ENST00000352035.7	470-473	6
ENST00000352066.8	1479-1482	10
ENST00000352171.12	1894-1897	11
ENST00000352241.9	1121-1124	5
ENST00000352251.8	1441-1444	5
ENST00000352397.10	668-671	22
ENST00000352410.9	821-824	11
ENST00000352433.10	51-54	6
ENST00000352480.10	118-121	10
ENST00000352511.5	925-928	13
ENST00000352618.9	914-917	8
ENST00000352645.5	434-437	9
ENST00000352689.11	486-489	15
ENST00000352732.10	496-499	3
ENST00000352766.11	1401-1404	9
ENST00000352957.9	228-231	5
ENST00000352967.9	257-260	7
ENST00000352983.7	27-30	6
ENST00000353047.11	1114-1117	11
ENST00000353214.6	1639-1642	5
ENST00000353234.5	136-139	15
ENST00000353258.8	788-791	6
ENST00000353265.8	271-274	7
ENST00000353267.8	970-973	6
ENST00000353379.12	94-97	9
ENST00000353383.6	4162-4165	7
ENST00000353411.11	528-531	5
ENST00000353442.10	322-325	5
ENST00000353487.7	1295-1298	6
ENST00000353533.10	16-19	8
ENST00000353617.7	879-882	5
ENST00000353703.9	875-878	6
ENST00000353704.3	149-152	12
ENST00000354105.10	147-150	10
ENST00000354161.8	2103-2106	11
ENST00000354171.13	260-263	16
ENST00000354181.8	2172-2175	9
ENST00000354185.9	1007-1010	10
ENST00000354200.5	833-836	6
ENST00000354202.9	1161-1164	6
ENST00000354216.11	305-308	5
ENST00000354250.7	1381-1384	9
ENST00000354258.5	1655-1658	7
ENST00000354268.9	900-903	6
ENST00000354293.10	259-262	16
ENST00000354300.5	854-857	6
ENST00000354336.8	1422-1425	8
ENST00000354366.8	379-382	8
ENST00000354371.7	691-694	11
ENST00000354420.7	1185-1188	10
ENST00000354421.8	1069-1072	7
ENST00000354452.8	1339-1342	7
ENST00000354464.11	3137-3140	16
ENST00000354475.5	327-330	6
ENST00000354488.8	847-850	4
ENST00000354532.8	338-341	8
ENST00000354546.10	1565-1568	8
ENST00000354570.8	2252-2255	5
ENST00000354586.5	942-945	4
ENST00000354611.9	132-135	4
ENST00000354618.10	728-731	8
ENST00000354619.10	1036-1039	5
ENST00000354650.7	2203-2206	12
ENST00000354666.4	342-345	4
ENST00000354694.12	392-395	10
ENST00000354698.8	257-260	12
ENST00000354700.10	1648-1651	3
ENST00000354724.8	977-980	6
ENST00000354725.8	2475-2478	11
ENST00000354764.9	1672-1675	8
ENST00000354775.5	295-298	4
ENST00000354817.8	1682-1685	6
ENST00000354868.10	1612-1615	12
ENST00000354882.10	880-883	4
ENST00000354883.11	352-355	5
ENST00000354910.10	166-169	4
ENST00000354911.9	843-846	7
ENST00000354919.11	434-437	6
ENST00000354926.9	1094-1097	6
ENST00000354947.10	116-119	5
ENST00000354957.8	315-318	10
ENST00000354981.7	278-281	8
ENST00000355029.9	670-673	11
ENST00000355072.11	6427-6430	8
ENST00000355083.11	521-524	12
ENST00000355091.9	1312-1315	10
ENST00000355105.8	1705-1708	6
ENST00000355112.8	558-561	10
ENST00000355123.9	3254-3257	15
ENST00000355209.9	696-699	11
ENST00000355235.8	2443-2446	11
ENST00000355264.9	1103-1106	8
ENST00000355280.11	1036-1039	12
ENST00000355286.12	1916-1919	6
ENST00000355295.5	584-587	7
ENST00000355312.8	1854-1857	6
ENST00000355315.8	95-98	5
ENST00000355341.8	1512-1515	4
ENST00000355346.9	506-509	10
ENST00000355371.9	1725-1728	8
ENST00000355415.7	984-987	10
ENST00000355431.8	2999-3002	7
ENST00000355443.9	132-135	8
ENST00000355451.8	643-646	5
ENST00000355467.6	428-431	5
ENST00000355472.10	1772-1775	16
ENST00000355476.8	1206-1209	11
ENST00000355485.7	341-344	9
ENST00000355499.9	1218-1221	10
ENST00000355526.10	1163-1166	12
ENST00000355527.8	1087-1090	9
ENST00000355528.9	2634-2637	10
ENST00000355552.8	452-455	8
ENST00000355585.9	2982-2985	7
ENST00000355610.9	1659-1662	6
ENST00000355619.10	1084-1087	6
ENST00000355621.8	639-642	8
ENST00000355624.8	1273-1276	6
ENST00000355653.8	795-798	7
ENST00000355680.8	300-303	5
ENST00000355693.5	145-148	6
ENST00000355697.7	94-97	4
ENST00000355703.4	1721-1724	8
ENST00000355749.7	341-344	5
ENST00000355758.9	289-292	15
ENST00000355765.11	687-690	18
ENST00000355773.6	1573-1576	6
ENST00000355832.10	1152-1155	19
ENST00000355841.7	1312-1315	8
ENST00000355849.10	555-558	4
ENST00000355857.8	249-252	2
ENST00000355898.6	3054-3057	6
ENST00000355899.8	1076-1079	9
ENST00000355904.9	1084-1087	7
ENST00000355937.9	191-194	4
ENST00000355943.8	248-251	7
ENST00000355969.11	735-738	4
ENST00000355999.5	1180-1183	6
ENST00000356056.10	7301-7304	10
ENST00000356079.9	1158-1161	4
ENST00000356080.9	543-546	7
ENST00000356099.11	895-898	8
ENST00000356126.8	1384-1387	6
ENST00000356136.8	1392-1395	3
ENST00000356151.7	1144-1147	15
ENST00000356166.11	3365-3368	7
ENST00000356183.9	5474-5477	10
ENST00000356189.6	93-96	3
ENST00000356205.9	936-939	5
ENST00000356208.10	354-357	8
ENST00000356221.8	644-647	6
ENST00000356231.4	893-896	7
ENST00000356232.10	1289-1292	5
ENST00000356239.8	469-472	9
ENST00000356244.8	264-267	5
ENST00000356245.8	720-723	9
ENST00000356260.10	554-557	5
ENST00000356286.10	495-498	4
ENST00000356309.8	1884-1887	13
ENST00000356317.8	794-797	9
ENST00000356321.4	1368-1371	15
ENST00000356341.8	1518-1521	17
ENST00000356357.9	766-769	12
ENST00000356401.9	411-414	9
ENST00000356406.10	1434-1437	3
ENST00000356413.5	631-634	7
ENST00000356432.8	142-145	5
ENST00000356433.10	1726-1729	18
ENST00000356450.3	180-183	9
ENST00000356455.9	475-478	5
ENST00000356467.5	247-250	3
ENST00000356487.11	1121-1124	11
ENST00000356493.10	940-943	9
ENST00000356521.9	135-138	13
ENST00000356537.9	199-202	12
ENST00000356554.7	1014-1017	10
ENST00000356577.10	3235-3238	15
ENST00000356607.9	473-476	5
ENST00000356628.4	661-664	5
ENST00000356638.8	1292-1295	17
ENST00000356663.8	667-670	10
ENST00000356692.10	596-599	6
ENST00000356708.12	427-430	4
ENST00000356709.9	1130-1133	6
ENST00000356714.6	391-394	11
ENST00000356736.5	1435-1438	5
ENST00000356763.8	1869-1872	6
ENST00000356792.9	3396-3399	9
ENST00000356805.9	5708-5711	10
ENST00000356839.10	1373-1376	8
ENST00000356840.8	1200-1203	4
ENST00000356853.10	567-570	8
ENST00000356860.8	3447-3450	9
ENST00000356884.11	776-779	4
ENST00000356891.4	338-341	13
ENST00000356924.9	427-430	4
ENST00000356929.3	702-705	7
ENST00000356940.11	72-75	4
ENST00000356948.11	1411-1414	7
ENST00000356950.2	330-333	9
ENST00000356955.7	137-140	16
ENST00000356956.6	765-768	9
ENST00000356976.8	934-937	7
ENST00000356978.9	208-211	3
ENST00000356994.7	1382-1385	11
ENST00000357037.6	165-168	4
ENST00000357039.9	308-311	21
ENST00000357066.8	530-533	9
ENST00000357081.8	1290-1293	13
ENST00000357082.8	895-898	10
ENST00000357103.5	337-340	9
ENST00000357137.9	568-571	8
ENST00000357156.7	280-283	9
ENST00000357162.7	499-502	9
ENST00000357164.4	215-218	7
ENST00000357166.11	1447-1450	11
ENST00000357172.9	1391-1394	7
ENST00000357179.10	1920-1923	6
ENST00000357214.6	1440-1443	10
ENST00000357227.9	434-437	13
ENST00000357244.7	1544-1547	8
ENST00000357266.9	1241-1244	6
ENST00000357276.9	2981-2984	13
ENST00000357308.9	195-198	9
ENST00000357324.11	634-637	8
ENST00000357325.10	477-480	8
ENST00000357332.8	75-78	7
ENST00000357348.10	749-752	11
ENST00000357360.5	576-579	10
ENST00000357365.8	904-907	9
ENST00000357387.8	4555-4558	5
ENST00000357388.8	3609-3612	7
ENST00000357430.8	726-729	14
ENST00000357440.7	1192-1195	6
ENST00000357460.7	1560-1563	9
ENST00000357479.10	1079-1082	6
ENST00000357484.10	270-273	6
ENST00000357485.8	348-351	5
ENST00000357495.5	524-527	16
ENST00000357500.5	112-115	3
ENST00000357519.9	131-134	6
ENST00000357559.9	82-85	10
ENST00000357578.8	1597-1600	19
ENST00000357582.3	1411-1414	9
ENST00000357586.7	1902-1905	7
ENST00000357604.10	2464-2467	8
ENST00000357628.8	1373-1376	4
ENST00000357635.10	330-333	5
ENST00000357641.10	682-685	17
ENST00000357650.9	320-323	7
ENST00000357654.9	647-650	7
ENST00000357681.10	2409-2412	8
ENST00000357700.11	743-746	8
ENST00000357720.9	1887-1890	8
ENST00000357727.7	412-415	6
ENST00000357736.9	714-717	6
ENST00000357743.9	327-330	5
ENST00000357749.7	1940-1943	9
ENST00000357750.9	637-640	15
ENST00000357765.7	253-256	12
ENST00000357785.10	1441-1444	5
ENST00000357799.9	1056-1059	6
ENST00000357814.8	529-532	3
ENST00000357847.9	595-598	7
ENST00000357849.9	722-725	10
ENST00000357869.8	2777-2780	7
ENST00000357877.7	1825-1828	16
ENST00000357899.9	1682-1685	8
ENST00000357949.5	618-621	6
ENST00000357967.9	102-105	6
ENST00000357997.10	2287-2290	8
ENST00000357998.10	650-653	8
ENST00000358007.7	1000-1003	8
ENST00000358015.8	1482-1485	8
ENST00000358039.9	424-427	11
ENST00000358056.8	164-167	8
ENST00000358065.5	71-74	8
ENST00000358149.8	685-688	8
ENST00000358154.8	727-730	4
ENST00000358171.8	845-848	8
ENST00000358173.8	1633-1636	15
ENST00000358201.9	486-489	7
ENST00000358204.9	1075-1078	4
ENST00000358230.8	465-468	4
ENST00000358232.11	995-998	12
ENST00000358252.8	1378-1381	6
ENST00000358273.9	1056-1059	9
ENST00000358290.9	832-835	7
ENST00000358296.11	267-270	10
ENST00000358303.9	959-962	5
ENST00000358314.12	344-347	6
ENST00000358337.10	60-63	8
ENST00000358344.8	1218-1221	8
ENST00000358350.9	4536-4539	4
ENST00000358359.8	4192-4195	12
ENST00000358368.5	1302-1305	4
ENST00000358377.7	352-355	6
ENST00000358387.9	1080-1083	14
ENST00000358395.11	369-372	7
ENST00000358406.10	412-415	4
ENST00000358410.8	385-388	14
ENST00000358432.8	575-578	8
ENST00000358465.7	2176-2179	8
ENST00000358487.10	2643-2646	4
ENST00000358495.8	423-426	4
ENST00000358502.10	721-724	5
ENST00000358528.9	1302-1305	17
ENST00000358531.9	1363-1366	8
ENST00000358572.10	625-628	4
ENST00000358595.10	2363-2366	10
ENST00000358602.9	5515-5518	17
ENST00000358607.11	148-151	8
ENST00000358625.4	1038-1041	3
ENST00000358654.2	1589-1592	10
ENST00000358656.9	229-232	9
ENST00000358664.9	400-403	9
ENST00000358689.9	689-692	6
ENST00000358691.10	5694-5697	14
ENST00000358701.10	1137-1140	3
ENST00000358704.4	344-347	6
ENST00000358731.9	758-761	12
ENST00000358746.7	2387-2390	6
ENST00000358755.5	1861-1864	7
ENST00000358757.5	404-407	6
ENST00000358776.7	108-111	6
ENST00000358780.10	985-988	4
ENST00000358812.9	709-712	16
ENST00000358823.7	4553-4556	12
ENST00000358849.9	1026-1029	6
ENST00000358867.11	243-246	3
ENST00000358901.11	590-593	8
ENST00000358912.5	721-724	5
ENST00000358932.9	501-504	8
ENST00000358933.10	2154-2157	13
ENST00000358935.3	409-412	5
ENST00000358951.7	860-863	8
ENST00000359003.7	1150-1153	6
ENST00000359015.5	2096-2099	8
ENST00000359039.5	2330-2333	9
ENST00000359044.5	2385-2388	10
ENST00000359114.9	203-206	6
ENST00000359154.7	906-909	5
ENST00000359204.5	920-923	7
ENST00000359209.11	1766-1769	8
ENST00000359237.9	343-346	3
ENST00000359238.7	866-869	12
ENST00000359246.9	811-814	13
ENST00000359273.8	146-149	6
ENST00000359276.9	527-530	5
ENST00000359314.5	2364-2367	5
ENST00000359315.6	139-142	6
ENST00000359321.2	236-239	8
ENST00000359326.9	1973-1976	8
ENST00000359337.9	2000-2003	7
ENST00000359365.9	574-577	12
ENST00000359426.7	203-206	6
ENST00000359428.10	4631-4634	9
ENST00000359429.11	684-687	3
ENST00000359467.8	183-186	16
ENST00000359511.5	1090-1093	2
ENST00000359520.12	323-326	8
ENST00000359523.7	497-500	8
ENST00000359526.9	3825-3828	14
ENST00000359530.7	1051-1054	10
ENST00000359543.8	581-584	3
ENST00000359568.10	448-451	19
ENST00000359591.9	2160-2163	5
ENST00000359593.9	192-195	5
ENST00000359600.6	819-822	6
ENST00000359623.9	529-532	10
ENST00000359626.10	497-500	6
ENST00000359634.10	820-823	10
ENST00000359653.4	1808-1811	11
ENST00000359655.9	634-637	12
ENST00000359678.10	838-841	10
ENST00000359697.8	466-469	10
ENST00000359707.9	1104-1107	7
ENST00000359774.9	268-271	4
ENST00000359788.9	197-200	15
ENST00000359794.11	750-753	11
ENST00000359843.8	437-440	12
ENST00000359856.11	169-172	3
ENST00000359858.9	213-216	9
ENST00000359866.9	143-146	3
ENST00000359878.8	1734-1737	9
ENST00000359890.8	176-179	13
ENST00000359904.8	1581-1584	17
ENST00000359933.6	377-380	10
ENST00000359943.8	770-773	7
ENST00000359947.9	4413-4416	17
ENST00000359957.8	182-185	4
ENST00000359995.10	375-378	12
ENST00000360001.12	713-716	10
ENST00000360004.6	859-862	5
ENST00000360079.8	1092-1095	11
ENST00000360110.9	1256-1259	13
ENST00000360128.11	547-550	5
ENST00000360131.5	205-208	12
ENST00000360150.9	167-170	10
ENST00000360171.11	97-100	14
ENST00000360184.10	12566-12569	11
ENST00000360203.11	499-502	7
ENST00000360270.7	1838-1841	4
ENST00000360280.8	1305-1308	17
ENST00000360299.10	664-667	8
ENST00000360310.6	1541-1544	16
ENST00000360321.7	305-308	6
ENST00000360359.5	3457-3460	8
ENST00000360370.9	1130-1133	5
ENST00000360388.9	997-1000	6
ENST00000360403.7	235-238	7
ENST00000360416.8	4762-4765	8
ENST00000360423.12	650-653	6
ENST00000360428.9	916-919	14
ENST00000360442.8	1168-1171	10
ENST00000360467.7	2899-2902	10
ENST00000360472.9	186-189	3
ENST00000360476.8	173-176	2
ENST00000360507.10	898-901	5
ENST00000360525.9	295-298	3
ENST00000360538.7	1038-1041	7
ENST00000360541.10	422-425	13
ENST00000360565.8	3457-3460	13
ENST00000360568.8	520-523	6
ENST00000360570.8	657-660	11
ENST00000360586.8	3295-3298	12
ENST00000360596.7	1600-1603	9
ENST00000360612.5	1112-1115	11
ENST00000360614.8	2855-2858	9
ENST00000360632.8	717-720	13
ENST00000360647.9	1186-1189	6
ENST00000360663.10	1230-1233	6
ENST00000360768.5	775-778	3
ENST00000360793.8	786-789	3
ENST00000360803.9	1330-1333	6
ENST00000360814.9	567-570	4
ENST00000360816.8	1138-1141	5
ENST00000360820.7	1964-1967	10
ENST00000360839.7	1158-1161	11
ENST00000360840.9	623-626	6
ENST00000360845.3	278-281	12
ENST00000360864.9	347-350	8
ENST00000360871.8	1453-1456	5
ENST00000360876.9	1514-1517	11
ENST00000360900.11	480-483	9
ENST00000360905.9	1213-1216	12
ENST00000360909.8	1399-1402	7
ENST00000360938.8	495-498	3
ENST00000360943.10	772-775	5
ENST00000360954.3	1389-1392	6
ENST00000360961.11	382-385	3
ENST00000361055.9	831-834	5
ENST00000361066.7	676-679	8
ENST00000361070.9	1996-1999	14
ENST00000361078.7	344-347	20
ENST00000361099.8	837-840	4
ENST00000361113.10	169-172	7
ENST00000361114.10	488-491	16
ENST00000361127.6	2522-2525	7
ENST00000361131.5	440-443	3
ENST00000361138.7	2603-2606	8
ENST00000361143.10	254-257	6
ENST00000361157.11	243-246	3
ENST00000361170.7	4176-4179	13
ENST00000361171.8	563-566	5
ENST00000361183.8	100-103	7
ENST00000361189.7	727-730	8
ENST00000361193.8	1552-1555	4
ENST00000361204.9	1564-1567	9
ENST00000361217.9	3129-3132	10
ENST00000361219.11	1245-1248	17
ENST00000361234.10	752-755	6
ENST00000361242.9	2409-2412	10
ENST00000361246.7	3766-3769	9
ENST00000361247.9	936-939	6
ENST00000361256.10	731-734	5
ENST00000361264.9	276-279	10
ENST00000361271.8	551-554	4
ENST00000361272.9	530-533	4
ENST00000361288.9	94-97	9
ENST00000361297.7	2537-2540	8
ENST00000361298.9	266-269	5
ENST00000361309.6	717-720	11
ENST00000361337.3	324-327	11
ENST00000361346.6	2015-2018	6
ENST00000361354.9	3517-3520	14
ENST00000361360.4	2326-2329	8
ENST00000361361.7	612-615	12
ENST00000361367.7	1703-1706	8
ENST00000361368.7	2191-2194	4
ENST00000361371.10	3027-3030	5
ENST00000361383.11	99-102	11
ENST00000361384.7	2595-2598	7
ENST00000361413.8	1985-1988	12
ENST00000361418.10	1212-1215	7
ENST00000361427.6	176-179	3
ENST00000361428.3	6861-6864	13
ENST00000361432.3	63-66	5
ENST00000361434.8	985-988	12
ENST00000361436.10	350-353	7
ENST00000361439.9	312-315	7
ENST00000361441.5	193-196	6
ENST00000361445.9	3958-3961	10
ENST00000361464.8	1259-1262	11
ENST00000361479.10	324-327	8
ENST00000361490.9	576-579	15
ENST00000361505.10	266-269	13
ENST00000361510.8	1244-1247	7
ENST00000361518.10	765-768	9
ENST00000361521.9	1184-1187	6
ENST00000361531.6	506-509	3
ENST00000361547.7	938-941	22
ENST00000361564.9	120-123	16
ENST00000361565.9	344-347	15
ENST00000361573.3	761-764	4
ENST00000361574.10	242-245	3
ENST00000361580.7	663-666	5
ENST00000361582.8	2416-2419	12
ENST00000361605.4	128-131	14
ENST00000361611.11	172-175	14
ENST00000361618.4	844-847	13
ENST00000361627.8	1530-1533	7
ENST00000361671.10	550-553	6
ENST00000361675.7	2504-2507	14
ENST00000361677.6	870-873	8
ENST00000361682.11	802-805	7
ENST00000361717.4	817-820	2
ENST00000361720.10	739-742	8
ENST00000361725.5	714-717	10
ENST00000361729.3	1730-1733	5
ENST00000361731.4	238-241	5
ENST00000361733.8	1021-1024	7
ENST00000361735.4	353-356	10
ENST00000361752.8	1394-1397	10
ENST00000361756.8	586-589	4
ENST00000361757.8	2068-2071	7
ENST00000361781.7	1962-1965	7
ENST00000361786.7	723-726	4
ENST00000361794.7	850-853	10
ENST00000361799.7	1410-1413	6
ENST00000361804.5	185-188	5
ENST00000361807.8	1351-1354	7
ENST00000361813.5	2938-2941	10
ENST00000361822.8	1114-1117	6
ENST00000361837.9	912-915	4
ENST00000361840.8	474-477	5
ENST00000361847.7	868-871	11
ENST00000361866.8	1743-1746	14
ENST00000361871.8	94-97	11
ENST00000361891.9	212-215	14
ENST00000361906.8	1298-1301	4
ENST00000361910.9	1211-1214	10
ENST00000361915.8	4377-4380	10
ENST00000361924.7	1948-1951	8
ENST00000361952.5	51-54	4
ENST00000361956.8	1481-1484	6
ENST00000361983.7	39-42	7
ENST00000362003.10	697-700	5
ENST00000362007.6	343-346	9
ENST00000362031.10	647-650	11
ENST00000362034.7	562-565	6
ENST00000362042.8	2527-2530	8
ENST00000362065.9	267-270	7
ENST00000362091.9	190-193	7
ENST00000366510.4	539-542	5
ENST00000366513.9	1507-1510	6
ENST00000366514.5	405-408	7
ENST00000366523.6	803-806	4
ENST00000366535.4	662-665	7
ENST00000366541.8	193-196	4
ENST00000366542.6	4132-4135	13
ENST00000366548.8	2828-2831	10
ENST00000366553.3	2244-2247	7
ENST00000366560.4	1320-1323	10
ENST00000366577.10	2659-2662	8
ENST00000366582.8	3625-3628	10
ENST00000366592.8	1260-1263	8
ENST00000366600.8	398-401	8
ENST00000366607.5	230-233	7
ENST00000366609.4	1185-1188	12
ENST00000366615.10	452-455	19
ENST00000366621.8	690-693	9
ENST00000366624.8	1814-1817	14
ENST00000366628.10	535-538	5
ENST00000366639.9	298-301	5
ENST00000366641.4	558-561	16
ENST00000366645.1	839-842	10
ENST00000366647.9	1064-1067	8
ENST00000366649.7	304-307	5
ENST00000366654.5	295-298	6
ENST00000366661.9	1942-1945	8
ENST00000366663.10	981-984	7
ENST00000366669.9	1998-2001	7
ENST00000366672.5	1294-1297	6
ENST00000366690.5	358-361	5
ENST00000366691.4	582-585	5
ENST00000366711.4	997-1000	6
ENST00000366766.8	1322-1325	9
ENST00000366773.8	153-156	4
ENST00000366777.4	673-676	11
ENST00000366779.6	1499-1502	4
ENST00000366783.8	1211-1214	4
ENST00000366794.10	2408-2411	15
ENST00000366812.6	381-384	12
ENST00000366815.10	122-125	3
ENST00000366835.8	1101-1104	5
ENST00000366843.7	1741-1744	7
ENST00000366847.9	874-877	6
ENST00000366862.10	1114-1117	3
ENST00000366903.8	1327-1330	6
ENST00000366910.10	935-938	6
ENST00000366913.8	471-474	6
ENST00000366917.6	2460-2463	6
ENST00000366922.3	382-385	21
ENST00000366923.8	153-156	16
ENST00000366932.4	429-432	10
ENST00000366935.8	368-371	9
ENST00000366955.8	5364-5367	7
ENST00000366956.10	3007-3010	6
ENST00000366957.10	399-402	8
ENST00000366960.8	1988-1991	7
ENST00000366962.8	1021-1024	4
ENST00000366971.9	1639-1642	9
ENST00000366974.9	253-256	19
ENST00000366977.8	50-53	8
ENST00000366988.5	342-345	8
ENST00000366991.5	1619-1622	4
ENST00000366994.8	1113-1116	7
ENST00000366997.9	1091-1094	5
ENST00000366999.9	922-925	13
ENST00000367001.5	1989-1992	10
ENST00000367012.4	1196-1199	9
ENST00000367034.5	295-298	7
ENST00000367042.6	990-993	12
ENST00000367048.5	154-157	8
ENST00000367064.9	925-928	8
ENST00000367069.7	1684-1687	4
ENST00000367075.4	686-689	4
ENST00000367080.8	1330-1333	4
ENST00000367103.4	781-784	7
ENST00000367109.8	480-483	8
ENST00000367123.8	1637-1640	5
ENST00000367128.8	955-958	5
ENST00000367137.4	2177-2180	6
ENST00000367139.8	640-643	3
ENST00000367142.5	272-275	7
ENST00000367162.8	2219-2222	6
ENST00000367166.5	821-824	8
ENST00000367178.8	1877-1880	7
ENST00000367182.8	388-391	9
ENST00000367188.5	1924-1927	5
ENST00000367202.9	369-372	7
ENST00000367204.6	979-982	7
ENST00000367210.3	3637-3640	10
ENST00000367233.10	285-288	5
ENST00000367242.4	95-98	11
ENST00000367249.9	559-562	12
ENST00000367261.8	1826-1829	10
ENST00000367262.4	306-309	10
ENST00000367265.9	3794-3797	12
ENST00000367287.5	288-291	6
ENST00000367294.4	1232-1235	10
ENST00000367311.5	711-714	8
ENST00000367321.8	514-517	16
ENST00000367330.6	1082-1085	15
ENST00000367339.7	316-319	6
ENST00000367350.5	1845-1848	10
ENST00000367351.4	617-620	4
ENST00000367353.2	1108-1111	8
ENST00000367385.9	703-706	12
ENST00000367393.8	350-353	4
ENST00000367405.5	572-575	7
ENST00000367409.9	2368-2371	9
ENST00000367411.7	1375-1378	6
ENST00000367419.10	583-586	8
ENST00000367435.5	1067-1070	7
ENST00000367439.8	506-509	3
ENST00000367454.6	277-280	10
ENST00000367463.5	1184-1187	11
ENST00000367466.4	1164-1167	4
ENST00000367467.8	272-275	15
ENST00000367478.9	3084-3087	12
ENST00000367498.8	1161-1164	6
ENST00000367506.10	1873-1876	5
ENST00000367510.8	124-127	5
ENST00000367545.8	4977-4980	7
ENST00000367549.4	2808-2811	12
ENST00000367553.6	167-170	4
ENST00000367558.6	259-262	4
ENST00000367559.7	1958-1961	6
ENST00000367569.4	190-193	2
ENST00000367576.6	332-335	14
ENST00000367577.7	1142-1145	4
ENST00000367590.9	675-678	18
ENST00000367591.5	268-271	6
ENST00000367595.4	677-680	13
ENST00000367602.8	1776-1779	13
ENST00000367607.8	1501-1504	10
ENST00000367619.8	490-493	13
ENST00000367627.8	692-695	9
ENST00000367630.9	460-463	11
ENST00000367635.8	1843-1846	10
ENST00000367649.8	968-971	8
ENST00000367651.4	970-973	9
ENST00000367658.3	995-998	5
ENST00000367660.4	260-263	5
ENST00000367669.8	1373-1376	5
ENST00000367679.7	696-699	5
ENST00000367696.7	892-895	5
ENST00000367739.9	514-517	5
ENST00000367763.8	121-124	7
ENST00000367771.11	249-252	3
ENST00000367806.8	660-663	8
ENST00000367808.8	555-558	7
ENST00000367811.8	318-321	15
ENST00000367815.9	293-296	8
ENST00000367833.7	425-428	4
ENST00000367837.10	1616-1619	10
ENST00000367840.4	2743-2746	16
ENST00000367866.7	960-963	5
ENST00000367874.5	283-286	4
ENST00000367876.9	516-519	9
ENST00000367879.9	652-655	4
ENST00000367881.11	228-231	8
ENST00000367889.8	163-166	5
ENST00000367925.6	311-314	4
ENST00000367941.7	189-192	6
ENST00000367942.4	1703-1706	11
ENST00000367943.5	151-154	8
ENST00000367963.8	1747-1750	7
ENST00000367975.7	106-109	8
ENST00000367988.8	770-773	5
ENST00000367999.9	1275-1278	9
ENST00000368002.8	656-659	6
ENST00000368003.6	23-26	10
ENST00000368006.8	370-373	8
ENST00000368009.7	552-555	4
ENST00000368010.4	362-365	8
ENST00000368021.7	283-286	9
ENST00000368026.11	175-178	10
ENST00000368068.8	634-637	8
ENST00000368072.10	639-642	9
ENST00000368074.6	441-444	4
ENST00000368090.5	1505-1508	5
ENST00000368097.9	431-434	8
ENST00000368149.3	695-698	9
ENST00000368192.9	297-300	6
ENST00000368194.8	2414-2417	6
ENST00000368216.9	1512-1515	6
ENST00000368219.2	565-568	8
ENST00000368222.8	509-512	3
ENST00000368226.9	499-502	20
ENST00000368235.8	686-689	8
ENST00000368277.3	369-372	4
ENST00000368300.9	1270-1273	8
ENST00000368305.9	141-144	4
ENST00000368309.4	817-820	4
ENST00000368314.6	611-614	4
ENST00000368321.8	1756-1759	14
ENST00000368323.8	786-789	6
ENST00000368328.5	288-291	2
ENST00000368331.6	2812-2815	20
ENST00000368336.10	304-307	6
ENST00000368356.9	1247-1250	9
ENST00000368361.9	439-442	8
ENST00000368364.4	508-511	6
ENST00000368373.8	911-914	8
ENST00000368376.8	1286-1289	5
ENST00000368400.5	247-250	4
ENST00000368404.9	366-369	7
ENST00000368407.8	228-231	5
ENST00000368452.7	315-318	2
ENST00000368455.9	383-386	6
ENST00000368457.3	884-887	12
ENST00000368463.8	352-355	6
ENST00000368467.4	601-604	6
ENST00000368468.4	955-958	5
ENST00000368474.9	2436-2439	8
ENST00000368489.6	3623-3626	8
ENST00000368491.8	814-817	5
ENST00000368494.4	961-964	8
ENST00000368498.7	964-967	8
ENST00000368521.10	660-663	16
ENST00000368547.4	855-858	13
ENST00000368564.7	1621-1624	4
ENST00000368575.5	652-655	4
ENST00000368576.8	1095-1098	7
ENST00000368594.8	829-832	4
ENST00000368607.8	1293-1296	7
ENST00000368608.4	1057-1060	7
ENST00000368633.2	1846-1849	9
ENST00000368654.8	810-813	7
ENST00000368655.5	1618-1621	12
ENST00000368662.10	1113-1116	3
ENST00000368685.6	380-383	3
ENST00000368694.8	361-364	4
ENST00000368797.10	421-424	12
ENST00000368802.8	345-348	7
ENST00000368811.8	252-255	5
ENST00000368814.8	299-302	7
ENST00000368824.8	424-427	5
ENST00000368830.8	281-284	12
ENST00000368836.7	621-624	6
ENST00000368842.10	415-418	5
ENST00000368845.6	488-491	5
ENST00000368849.8	1081-1084	3
ENST00000368851.10	595-598	5
ENST00000368865.9	870-873	16
ENST00000368868.10	184-187	5
ENST00000368873.6	606-609	6
ENST00000368884.8	871-874	3
ENST00000368885.8	813-816	4
ENST00000368886.10	1094-1097	10
ENST00000368888.9	1951-1954	12
ENST00000368892.9	271-274	6
ENST00000368905.9	678-681	12
ENST00000368908.10	779-782	10
ENST00000368911.8	1416-1419	4
ENST00000368918.8	600-603	3
ENST00000368921.5	418-421	3
ENST00000368926.6	388-391	4
ENST00000368954.10	725-728	6
ENST00000368990.8	329-332	6
ENST00000369002.9	535-538	14
ENST00000369014.10	400-403	9
ENST00000369023.8	229-232	5
ENST00000369026.3	947-950	5
ENST00000369037.9	324-327	6
ENST00000369042.6	443-446	7
ENST00000369046.8	650-653	7
ENST00000369063.8	801-804	12
ENST00000369064.8	1973-1976	9
ENST00000369068.5	4393-4396	10
ENST00000369075.8	926-929	5
ENST00000369076.8	1028-1031	8
ENST00000369077.4	1837-1840	11
ENST00000369085.8	440-443	6
ENST00000369103.3	120-123	5
ENST00000369109.8	989-992	4
ENST00000369124.5	1368-1371	9
ENST00000369144.8	936-939	11
ENST00000369146.8	1647-1650	5
ENST00000369151.8	823-826	5
ENST00000369152.6	557-560	6
ENST00000369159.3	250-253	7
ENST00000369162.7	5812-5815	14
ENST00000369183.9	729-732	4
ENST00000369209.8	472-475	5
ENST00000369239.10	1615-1618	8
ENST00000369244.7	545-548	14
ENST00000369248.9	557-560	4
ENST00000369258.8	1031-1034	9
ENST00000369278.5	926-929	6
ENST00000369287.8	1381-1384	9
ENST00000369301.3	2135-2138	4
ENST00000369303.9	1208-1211	7
ENST00000369306.8	527-530	4
ENST00000369318.8	391-394	4
ENST00000369329.8	1635-1638	14
ENST00000369367.8	951-954	6
ENST00000369390.7	992-995	5
ENST00000369393.8	1096-1099	15
ENST00000369405.7	1138-1141	8
ENST00000369415.9	541-544	4
ENST00000369443.10	523-526	5
ENST00000369452.9	987-990	4
ENST00000369466.9	3282-3285	6
ENST00000369484.8	570-573	4
ENST00000369485.9	1547-1550	7
ENST00000369486.8	2918-2921	6
ENST00000369489.10	240-243	6
ENST00000369498.8	206-209	4
ENST00000369519.4	2888-2891	6
ENST00000369534.8	619-622	6
ENST00000369535.5	518-521	6
ENST00000369536.10	87-90	18
ENST00000369541.4	258-261	9
ENST00000369550.10	1533-1536	13
ENST00000369552.9	402-405	5
ENST00000369569.6	1207-1210	5
ENST00000369577.8	4239-4242	4
ENST00000369603.10	395-398	5
ENST00000369604.6	497-500	6
ENST00000369622.8	1323-1326	10
ENST00000369626.8	920-923	5
ENST00000369645.6	1600-1603	7
ENST00000369660.9	466-469	11
ENST00000369663.10	873-876	8
ENST00000369681.10	985-988	4
ENST00000369702.5	2418-2421	7
ENST00000369705.4	484-487	12
ENST00000369709.4	599-602	9
ENST00000369713.10	574-577	12
ENST00000369722.8	621-624	6
ENST00000369724.5	566-569	4
ENST00000369727.4	640-643	9
ENST00000369747.8	783-786	4
ENST00000369750.4	983-986	11
ENST00000369755.4	2814-2817	10
ENST00000369762.7	781-784	4
ENST00000369763.5	2430-2433	13
ENST00000369774.9	712-715	5
ENST00000369784.9	1757-1760	10
ENST00000369795.8	1298-1301	10
ENST00000369797.8	3692-3695	6
ENST00000369798.7	1927-1930	13
ENST00000369799.10	1575-1578	12
ENST00000369807.6	722-725	6
ENST00000369816.5	367-370	7
ENST00000369817.7	506-509	6
ENST00000369839.4	494-497	4
ENST00000369842.9	469-472	14
ENST00000369847.4	815-818	10
ENST00000369849.9	278-281	6
ENST00000369850.10	2120-2123	18
ENST00000369851.7	388-391	7
ENST00000369878.9	1456-1459	13
ENST00000369880.8	606-609	7
ENST00000369888.6	299-302	13
ENST00000369893.10	584-587	4
ENST00000369902.8	1444-1447	11
ENST00000369905.9	311-314	6
ENST00000369909.7	943-946	5
ENST00000369937.5	824-827	5
ENST00000369956.8	357-360	6
ENST00000369962.8	2347-2350	6
ENST00000369969.7	635-638	16
ENST00000369977.8	994-997	9
ENST00000369980.8	1518-1521	6
ENST00000369983.5	4610-4613	13
ENST00000370008.4	550-553	8
ENST00000370025.9	810-813	13
ENST00000370033.9	883-886	5
ENST00000370035.8	350-353	7
ENST00000370053.3	100-103	5
ENST00000370077.2	866-869	14
ENST00000370078.2	192-195	5
ENST00000370086.8	404-407	9
ENST00000370109.8	857-860	4
ENST00000370110.6	275-278	3
ENST00000370114.8	500-503	6
ENST00000370128.9	250-253	4
ENST00000370132.8	998-1001	6
ENST00000370141.8	204-207	5
ENST00000370151.9	217-220	5
ENST00000370152.8	1479-1482	11
ENST00000370162.8	494-497	7
ENST00000370179.8	392-395	7
ENST00000370187.8	784-787	14
ENST00000370202.5	660-663	9
ENST00000370203.9	889-892	3
ENST00000370206.9	669-672	6
ENST00000370211.10	349-352	11
ENST00000370214.9	216-219	8
ENST00000370238.8	855-858	5
ENST00000370272.9	763-766	4
ENST00000370274.8	665-668	5
ENST00000370277.5	389-392	8
ENST00000370282.8	840-843	7
ENST00000370283.9	367-370	7
ENST00000370298.9	589-592	4
ENST00000370310.5	1167-1170	5
ENST00000370321.8	219-222	6
ENST00000370339.8	770-773	9
ENST00000370355.3	1310-1313	13
ENST00000370360.8	603-606	13
ENST00000370372.7	114-117	6
ENST00000370377.8	275-278	7
ENST00000370396.7	166-169	8
ENST00000370397.8	1048-1051	8
ENST00000370406.8	773-776	13
ENST00000370435.5	552-555	11
ENST00000370454.9	966-969	15
ENST00000370455.8	504-507	9
ENST00000370474.4	296-299	9
ENST00000370475.9	657-660	9
ENST00000370476.10	193-196	6
ENST00000370487.5	456-459	6
ENST00000370489.5	355-358	4
ENST00000370495.6	662-665	13
ENST00000370500.10	353-356	5
ENST00000370508.7	140-143	6
ENST00000370509.5	672-675	5
ENST00000370521.8	2354-2357	6
ENST00000370544.10	536-539	2
ENST00000370548.3	622-625	7
ENST00000370550.10	1029-1032	6
ENST00000370558.8	855-858	5
ENST00000370574.4	1316-1319	5
ENST00000370589.7	674-677	13
ENST00000370608.8	844-847	21
ENST00000370611.4	848-851	9
ENST00000370626.4	867-870	7
ENST00000370630.6	217-220	5
ENST00000370631.4	114-117	5
ENST00000370649.3	687-690	5
ENST00000370654.6	220-223	20
ENST00000370659.2	214-217	5
ENST00000370664.4	376-379	4
ENST00000370683.6	930-933	7
ENST00000370685.7	1249-1252	5
ENST00000370693.5	753-756	4
ENST00000370706.9	132-135	12
ENST00000370733.5	99-102	9
ENST00000370763.6	406-409	6
ENST00000370768.7	1631-1634	12
ENST00000370775.3	111-114	6
ENST00000370783.8	258-261	4
ENST00000370791.9	301-304	9
ENST00000370794.7	2019-2022	13
ENST00000370801.8	1001-1004	12
ENST00000370803.8	1030-1033	5
ENST00000370812.8	583-586	5
ENST00000370823.8	1007-1010	7
ENST00000370828.4	1079-1082	4
ENST00000370833.7	486-489	14
ENST00000370841.9	175-178	9
ENST00000370853.8	1704-1707	5
ENST00000370867.8	861-864	3
ENST00000370873.9	493-496	6
ENST00000370874.2	895-898	4
ENST00000370888.6	474-477	11
ENST00000370898.9	937-940	9
ENST00000370902.8	390-393	9
ENST00000370920.8	781-784	9
ENST00000370938.8	355-358	5
ENST00000370944.9	386-389	10
ENST00000370949.2	512-515	8
ENST00000370952.4	744-747	12
ENST00000370963.9	651-654	8
ENST00000370978.9	1375-1378	10
ENST00000370986.9	360-363	3
ENST00000370992.9	157-160	8
ENST00000370996.5	734-737	4
ENST00000371065.9	381-384	3
ENST00000371068.11	1428-1431	6
ENST00000371069.5	3074-3077	11
ENST00000371079.6	2378-2381	11
ENST00000371084.8	555-558	4
ENST00000371085.8	732-735	13
ENST00000371088.5	642-645	5
ENST00000371113.9	2167-2170	11
ENST00000371121.5	2361-2364	12
ENST00000371141.8	1057-1060	5
ENST00000371142.9	414-417	16
ENST00000371145.8	2998-3001	16
ENST00000371199.8	1218-1221	5
ENST00000371208.5	367-370	10
ENST00000371217.10	1081-1084	15
ENST00000371222.4	986-989	12
ENST00000371224.7	761-764	7
ENST00000371226.8	568-571	4
ENST00000371244.9	449-452	11
ENST00000371250.4	904-907	3
ENST00000371269.9	1471-1474	15
ENST00000371279.4	203-206	5
ENST00000371281.4	96-99	10
ENST00000371317.10	298-301	6
ENST00000371322.11	1797-1800	8
ENST00000371361.3	284-287	11
ENST00000371370.8	284-287	7
ENST00000371384.4	332-335	5
ENST00000371410.5	791-794	6
ENST00000371419.7	224-227	5
ENST00000371421.9	1145-1148	6
ENST00000371429.4	335-338	13
ENST00000371437.5	230-233	5
ENST00000371442.4	723-726	5
ENST00000371443.6	438-441	12
ENST00000371459.6	521-524	5
ENST00000371470.8	82-85	8
ENST00000371471.7	1140-1143	9
ENST00000371475.9	1252-1255	19
ENST00000371477.4	970-973	18
ENST00000371485.8	621-624	4
ENST00000371486.4	897-900	6
ENST00000371514.8	1330-1333	9
ENST00000371528.2	169-172	14
ENST00000371538.5	117-120	6
ENST00000371558.7	401-404	4
ENST00000371568.8	198-201	6
ENST00000371571.5	1788-1791	5
ENST00000371588.10	447-450	11
ENST00000371589.9	987-990	7
ENST00000371601.5	986-989	9
ENST00000371608.8	101-104	10
ENST00000371614.2	277-280	4
ENST00000371620.4	37-40	5
ENST00000371621.5	1099-1102	8
ENST00000371626.9	554-557	4
ENST00000371627.5	3298-3301	9
ENST00000371628.8	982-985	5
ENST00000371646.10	995-998	14
ENST00000371652.9	104-107	5
ENST00000371655.4	707-710	5
ENST00000371666.8	192-195	8
ENST00000371674.8	70-73	7
ENST00000371692.9	961-964	6
ENST00000371696.7	394-397	3
ENST00000371703.8	172-175	5
ENST00000371711.4	839-842	8
ENST00000371712.4	1953-1956	9
ENST00000371717.8	341-344	6
ENST00000371728.8	1382-1385	21
ENST00000371733.8	2111-2114	9
ENST00000371738.4	423-426	4
ENST00000371755.9	1121-1124	11
ENST00000371756.4	565-568	19
ENST00000371761.4	367-370	6
ENST00000371795.5	1623-1626	7
ENST00000371850.8	331-334	11
ENST00000371856.7	744-747	12
ENST00000371873.10	249-252	9
ENST00000371877.8	3578-3581	9
ENST00000371899.9	766-769	8
ENST00000371917.5	872-875	9
ENST00000371926.8	1050-1053	8
ENST00000371933.8	1132-1135	12
ENST00000371942.8	247-250	8
ENST00000371945.10	368-371	8
ENST00000371953.8	1904-1907	6
ENST00000371964.5	52-55	8
ENST00000371974.8	358-361	6
ENST00000371975.9	1012-1015	10
ENST00000371984.8	224-227	12
ENST00000371989.8	742-745	7
ENST00000371996.9	320-323	13
ENST00000371998.8	4326-4329	12
ENST00000372014.5	457-460	8
ENST00000372022.6	1100-1103	10
ENST00000372025.5	520-523	5
ENST00000372037.8	1498-1501	6
ENST00000372050.8	1811-1814	11
ENST00000372068.7	468-471	2
ENST00000372088.8	1720-1723	5
ENST00000372090.6	413-416	7
ENST00000372097.10	975-978	18
ENST00000372106.6	199-202	7
ENST00000372114.4	543-546	6
ENST00000372133.8	591-594	7
ENST00000372134.6	832-835	12
ENST00000372146.5	2541-2544	6
ENST00000372159.8	364-367	5
ENST00000372171.5	696-699	4
ENST00000372172.5	1708-1711	5
ENST00000372215.5	851-854	12
ENST00000372224.9	1794-1797	7
ENST00000372230.10	1014-1017	7
ENST00000372232.8	97-100	18
ENST00000372236.9	353-356	5
ENST00000372237.8	123-126	5
ENST00000372257.7	1215-1218	16
ENST00000372281.8	389-392	7
ENST00000372289.7	1063-1066	6
ENST00000372324.6	1290-1293	11
ENST00000372336.4	880-883	3
ENST00000372343.8	1104-1107	6
ENST00000372358.10	471-474	4
ENST00000372360.9	294-297	5
ENST00000372371.8	1779-1782	15
ENST00000372391.7	3478-3481	8
ENST00000372396.4	776-779	12
ENST00000372398.6	821-824	8
ENST00000372409.8	1974-1977	11
ENST00000372422.7	212-215	6
ENST00000372429.8	1931-1934	7
ENST00000372430.9	840-843	6
ENST00000372435.10	632-635	10
ENST00000372447.7	747-750	4
ENST00000372449.6	581-584	16
ENST00000372457.9	297-300	5
ENST00000372458.8	255-258	3
ENST00000372466.8	558-561	4
ENST00000372483.9	256-259	11
ENST00000372491.4	944-947	5
ENST00000372521.9	433-436	6
ENST00000372523.1	830-833	7
ENST00000372524.5	1980-1983	11
ENST00000372525.7	546-549	8
ENST00000372530.9	849-852	7
ENST00000372538.8	197-200	6
ENST00000372546.9	687-690	5
ENST00000372548.9	1333-1336	6
ENST00000372561.4	584-587	6
ENST00000372564.8	699-702	6
ENST00000372577.2	576-579	10
ENST00000372586.4	1785-1788	5
ENST00000372592.8	1110-1113	8
ENST00000372600.9	2402-2405	8
ENST00000372622.8	570-573	10
ENST00000372625.8	487-490	8
ENST00000372642.5	530-533	10
ENST00000372648.10	767-770	10
ENST00000372663.9	238-241	6
ENST00000372677.8	494-497	6
ENST00000372685.8	531-534	5
ENST00000372695.6	546-549	3
ENST00000372706.6	1786-1789	4
ENST00000372710.5	245-248	4
ENST00000372715.7	481-484	15
ENST00000372718.8	1144-1147	9
ENST00000372733.3	226-229	4
ENST00000372739.7	1595-1598	11
ENST00000372759.4	189-192	10
ENST00000372771.5	1417-1420	11
ENST00000372805.8	605-608	9
ENST00000372806.8	1416-1419	7
ENST00000372813.4	457-460	5
ENST00000372827.8	647-650	4
ENST00000372833.6	223-226	5
ENST00000372836.5	106-109	5
ENST00000372838.9	744-747	10
ENST00000372841.8	871-874	5
ENST00000372851.8	338-341	6
ENST00000372853.9	13-16	4
ENST00000372858.8	1418-1421	8
ENST00000372874.9	281-284	3
ENST00000372876.2	765-768	7
ENST00000372886.6	324-327	4
ENST00000372890.6	459-462	6
ENST00000372901.2	2475-2478	7
ENST00000372902.4	360-363	10
ENST00000372921.10	771-774	6
ENST00000372923.8	1712-1715	11
ENST00000372936.4	909-912	4
ENST00000372938.10	1616-1619	9
ENST00000372945.8	321-324	4
ENST00000372950.6	495-498	6
ENST00000372969.8	241-244	3
ENST00000372972.7	431-434	7
ENST00000372977.8	510-513	5
ENST00000372979.9	1740-1743	8
ENST00000372989.6	616-619	3
ENST00000372991.9	486-489	7
ENST00000372994.2	209-212	3
ENST00000373001.4	1230-1233	8
ENST00000373014.5	189-192	4
ENST00000373016.4	973-976	6
ENST00000373019.5	651-654	6
ENST00000373020.9	172-175	7
ENST00000373024.8	2148-2151	5
ENST00000373030.8	505-508	4
ENST00000373042.5	921-924	10
ENST00000373044.3	565-568	5
ENST00000373045.11	429-432	10
ENST00000373053.8	492-495	6
ENST00000373055.6	385-388	4
ENST00000373062.8	1996-1999	6
ENST00000373069.10	382-385	8
ENST00000373078.5	807-810	14
ENST00000373116.6	226-229	3
ENST00000373132.4	576-579	3
ENST00000373166.8	450-453	3
ENST00000373173.7	354-357	6
ENST00000373178.5	346-349	4
ENST00000373191.9	2296-2299	8
ENST00000373202.8	1467-1470	5
ENST00000373204.6	345-348	7
ENST00000373210.4	2378-2381	13
ENST00000373218.5	515-518	10
ENST00000373232.8	591-594	7
ENST00000373233.8	6046-6049	11
ENST00000373237.4	454-457	5
ENST00000373241.9	541-544	8
ENST00000373243.7	1151-1154	7
ENST00000373247.7	379-382	10
ENST00000373255.9	403-406	5
ENST00000373257.8	2113-2116	4
ENST00000373264.5	895-898	5
ENST00000373275.5	793-796	15
ENST00000373279.6	410-413	8
ENST00000373284.10	501-504	7
ENST00000373290.7	154-157	5
ENST00000373299.5	1708-1711	8
ENST00000373312.4	499-502	9
ENST00000373316.5	1041-1044	13
ENST00000373327.5	298-301	12
ENST00000373337.4	465-468	5
ENST00000373344.11	3257-3260	7
ENST00000373358.8	176-179	5
ENST00000373365.5	589-592	9
ENST00000373371.8	1436-1439	7
ENST00000373383.9	200-203	4
ENST00000373394.8	407-410	5
ENST00000373408.4	72-75	6
ENST00000373433.9	487-490	5
ENST00000373447.8	382-385	6
ENST00000373451.9	265-268	6
ENST00000373464.5	1574-1577	7
ENST00000373474.9	810-813	4
ENST00000373475.10	255-258	3
ENST00000373477.9	1293-1296	20
ENST00000373479.9	629-632	6
ENST00000373489.10	114-117	8
ENST00000373491.3	1121-1124	5
ENST00000373493.10	1248-1251	14
ENST00000373509.6	652-655	3
ENST00000373510.9	1021-1024	3
ENST00000373537.7	443-446	8
ENST00000373538.8	395-398	12
ENST00000373542.9	3000-3003	16
ENST00000373547.9	394-397	4
ENST00000373548.8	1083-1086	10
ENST00000373555.9	2502-2505	4
ENST00000373563.9	1614-1617	8
ENST00000373573.9	349-352	9
ENST00000373578.7	1748-1751	4
ENST00000373585.8	874-877	9
ENST00000373602.10	291-294	7
ENST00000373610.8	1055-1058	8
ENST00000373625.8	1581-1584	6
ENST00000373627.10	545-548	9
ENST00000373644.5	3999-4002	6
ENST00000373647.9	1821-1824	7
ENST00000373656.4	890-893	4
ENST00000373659.4	547-550	5
ENST00000373664.8	420-423	9
ENST00000373669.8	32-35	15
ENST00000373699.6	61-64	9
ENST00000373700.9	1406-1409	7
ENST00000373703.5	504-507	6
ENST00000373715.11	143-146	5
ENST00000373719.8	2389-2392	6
ENST00000373731.7	1313-1316	7
ENST00000373750.9	873-876	5
ENST00000373758.5	226-229	17
ENST00000373768.4	345-348	4
ENST00000373779.8	2793-2796	6
ENST00000373783.3	979-982	5
ENST00000373789.8	588-591	7
ENST00000373795.7	952-955	4
ENST00000373812.8	1606-1609	8
ENST00000373816.6	1718-1721	6
ENST00000373824.9	373-376	5
ENST00000373825.7	1179-1182	7
ENST00000373830.4	56-59	5
ENST00000373839.8	1546-1549	6
ENST00000373840.9	673-676	4
ENST00000373842.9	216-219	5
ENST00000373855.7	5603-5606	8
ENST00000373871.8	1082-1085	15
ENST00000373872.9	741-744	5
ENST00000373886.8	1349-1352	5
ENST00000373894.8	811-814	8
ENST00000373896.8	212-215	15
ENST00000373910.9	571-574	4
ENST00000373912.8	492-495	17
ENST00000373930.4	1576-1579	4
ENST00000373935.4	637-640	4
ENST00000373943.9	722-725	4
ENST00000373944.8	824-827	7
ENST00000373953.8	221-224	11
ENST00000373954.11	525-528	4
ENST00000374012.8	109-112	10
ENST00000374023.8	851-854	15
ENST00000374050.4	190-193	7
ENST00000374076.9	407-410	7
ENST00000374077.8	82-85	3
ENST00000374080.8	2136-2139	9
ENST00000374092.9	1141-1144	7
ENST00000374114.8	1796-1799	7
ENST00000374126.10	795-798	6
ENST00000374135.9	958-961	6
ENST00000374142.9	756-759	7
ENST00000374168.7	1315-1318	9
ENST00000374171.5	501-504	10
ENST00000374180.4	995-998	4
ENST00000374189.6	1205-1208	6
ENST00000374198.5	131-134	14
ENST00000374206.4	534-537	4
ENST00000374212.5	425-428	6
ENST00000374222.6	635-638	17
ENST00000374232.8	743-746	4
ENST00000374242.9	430-433	6
ENST00000374257.6	1488-1491	9
ENST00000374259.8	1314-1317	10
ENST00000374266.7	337-340	4
ENST00000374269.2	883-886	6
ENST00000374274.8	298-301	10
ENST00000374279.4	1341-1344	5
ENST00000374282.8	131-134	7
ENST00000374293.5	102-105	3
ENST00000374294.3	439-442	9
ENST00000374298.4	1048-1051	9
ENST00000374303.7	189-192	4
ENST00000374338.5	174-177	5
ENST00000374343.5	805-808	12
ENST00000374358.5	586-589	7
ENST00000374360.8	2086-2089	16
ENST00000374379.9	386-389	8
ENST00000374385.10	382-385	4
ENST00000374395.9	836-839	3
ENST00000374399.9	729-732	18
ENST00000374403.4	2060-2063	6
ENST00000374423.9	479-482	12
ENST00000374446.7	702-705	4
ENST00000374450.8	70-73	5
ENST00000374466.4	1447-1450	6
ENST00000374467.4	709-712	3
ENST00000374479.4	439-442	5
ENST00000374490.8	809-812	4
ENST00000374492.8	297-300	7
ENST00000374514.8	387-390	5
ENST00000374517.6	231-234	10
ENST00000374518.6	669-672	12
ENST00000374530.8	2097-2100	7
ENST00000374541.4	295-298	13
ENST00000374542.10	801-804	11
ENST00000374561.6	123-126	4
ENST00000374571.5	443-446	7
ENST00000374580.10	1277-1280	6
ENST00000374586.8	1774-1777	12
ENST00000374606.10	343-346	5
ENST00000374617.9	102-105	8
ENST00000374630.8	684-687	8
ENST00000374647.10	772-775	11
ENST00000374656.5	971-974	8
ENST00000374662.4	377-380	5
ENST00000374677.8	1459-1462	5
ENST00000374680.4	1314-1317	6
ENST00000374692.8	966-969	7
ENST00000374694.3	1380-1383	6
ENST00000374704.8	1016-1019	6
ENST00000374720.8	506-509	11
ENST00000374741.4	205-208	8
ENST00000374749.8	329-332	6
ENST00000374759.8	1715-1718	14
ENST00000374767.5	737-740	8
ENST00000374788.8	2473-2476	10
ENST00000374793.8	701-704	9
ENST00000374811.8	1794-1797	6
ENST00000374825.9	3054-3057	25
ENST00000374839.8	712-715	3
ENST00000374848.8	824-827	8
ENST00000374864.10	1135-1138	6
ENST00000374865.5	209-212	4
ENST00000374867.7	1656-1659	8
ENST00000374879.5	1005-1008	5
ENST00000374884.3	1137-1140	4
ENST00000374893.11	2293-2296	8
ENST00000374897.4	1573-1576	8
ENST00000374902.9	189-192	8
ENST00000374922.9	150-153	4
ENST00000374941.9	690-693	11
ENST00000374979.8	992-995	6
ENST00000374980.3	142-145	7
ENST00000374987.4	171-174	6
ENST00000374994.9	798-801	5
ENST00000375050.6	1187-1190	8
ENST00000375068.6	1035-1038	11
ENST00000375094.4	638-641	4
ENST00000375095.3	794-797	4
ENST00000375107.8	454-457	4
ENST00000375119.8	283-286	11
ENST00000375120.4	455-458	5
ENST00000375128.5	525-528	6
ENST00000375135.4	1156-1159	6
ENST00000375136.8	626-629	4
ENST00000375147.8	1153-1156	5
ENST00000375151.5	513-516	5
ENST00000375153.8	717-720	5
ENST00000375156.4	1009-1012	7
ENST00000375203.8	1617-1620	9
ENST00000375213.8	413-416	12
ENST00000375234.8	615-618	4
ENST00000375241.6	1167-1170	3
ENST00000375249.5	1125-1128	7
ENST00000375254.8	8436-8439	17
ENST00000375255.8	520-523	8
ENST00000375256.5	554-557	17
ENST00000375258.9	567-570	12
ENST00000375299.8	1368-1371	12
ENST00000375341.8	596-599	6
ENST00000375344.8	899-902	6
ENST00000375370.10	1145-1148	6
ENST00000375377.2	2714-2717	8
ENST00000375394.7	372-375	7
ENST00000375401.8	624-627	13
ENST00000375429.8	160-163	10
ENST00000375431.9	448-451	5
ENST00000375436.9	954-957	8
ENST00000375440.9	2199-2202	17
ENST00000375442.8	981-984	10
ENST00000375446.5	46-49	4
ENST00000375464.7	558-561	8
ENST00000375490.10	141-144	3
ENST00000375499.8	157-160	15
ENST00000375527.3	882-885	5
ENST00000375533.6	929-932	2
ENST00000375535.4	318-321	6
ENST00000375537.9	855-858	6
ENST00000375549.8	473-476	8
ENST00000375571.6	273-276	6
ENST00000375587.8	628-631	4
ENST00000375592.8	1830-1833	17
ENST00000375614.7	241-244	6
ENST00000375631.5	1230-1233	6
ENST00000375645.8	1360-1363	6
ENST00000375647.5	3067-3070	8
ENST00000375650.5	1659-1662	11
ENST00000375651.7	1660-1663	11
ENST00000375661.6	215-218	3
ENST00000375663.8	1095-1098	14
ENST00000375687.10	526-529	9
ENST00000375712.4	471-474	6
ENST00000375731.9	446-449	5
ENST00000375735.7	5651-5654	7
ENST00000375743.9	799-802	5
ENST00000375749.8	191-194	8
ENST00000375759.8	592-595	20
ENST00000375766.8	273-276	5
ENST00000375784.8	737-740	6
ENST00000375789.7	327-330	15
ENST00000375799.8	2039-2042	12
ENST00000375807.8	1319-1322	7
ENST00000375820.10	2161-2164	12
ENST00000375847.8	516-519	6
ENST00000375859.4	271-274	3
ENST00000375880.6	433-436	11
ENST00000375882.7	521-524	10
ENST00000375896.9	994-997	10
ENST00000375898.4	1101-1104	6
ENST00000375911.2	966-969	7
ENST00000375940.9	1365-1368	6
ENST00000375963.8	630-633	6
ENST00000375980.9	531-534	16
ENST00000375991.9	431-434	5
ENST00000375992.4	184-187	8
ENST00000376004.5	816-819	6
ENST00000376008.3	1062-1065	4
ENST00000376016.8	303-306	11
ENST00000376032.9	513-516	8
ENST00000376033.3	328-331	12
ENST00000376052.5	623-626	18
ENST00000376087.5	3024-3027	6
ENST00000376091.8	617-620	3
ENST00000376112.4	306-309	6
ENST00000376140.4	1460-1463	5
ENST00000376148.9	891-894	6
ENST00000376215.10	326-329	9
ENST00000376227.4	1709-1712	5
ENST00000376228.10	171-174	8
ENST00000376257.8	1424-1427	10
ENST00000376263.8	665-668	11
ENST00000376285.6	2056-2059	9
ENST00000376300.7	201-204	12
ENST00000376335.8	1451-1454	11
ENST00000376344.8	878-881	2
ENST00000376352.6	963-966	5
ENST00000376356.5	1010-1013	11
ENST00000376358.4	958-961	8
ENST00000376371.7	866-869	3
ENST00000376372.9	1204-1207	11
ENST00000376387.5	276-279	8
ENST00000376389.8	544-547	9
ENST00000376395.9	1827-1830	14
ENST00000376406.8	3967-3970	8
ENST00000376421.7	250-253	4
ENST00000376423.8	2534-2537	6
ENST00000376442.8	1983-1986	8
ENST00000376447.4	2486-2489	4
ENST00000376485.9	756-759	6
ENST00000376488.8	1720-1723	13
ENST00000376495.5	1622-1625	5
ENST00000376499.8	3113-3116	9
ENST00000376509.4	670-673	3
ENST00000376510.8	504-507	3
ENST00000376511.7	1665-1668	11
ENST00000376552.8	2641-2644	7
ENST00000376560.8	605-608	7
ENST00000376568.8	876-879	5
ENST00000376572.8	2032-2035	4
ENST00000376573.9	1014-1017	12
ENST00000376588.4	1010-1013	8
ENST00000376590.9	366-369	6
ENST00000376621.8	682-685	20
ENST00000376630.5	770-773	9
ENST00000376649.8	627-630	10
ENST00000376652.9	735-738	7
ENST00000376663.8	1067-1070	12
ENST00000376687.4	210-213	5
ENST00000376692.9	719-722	8
ENST00000376693.3	350-353	3
ENST00000376729.10	819-822	5
ENST00000376730.5	1743-1746	4
ENST00000376736.6	648-651	3
ENST00000376745.9	361-364	15
ENST00000376747.8	578-581	8
ENST00000376759.8	157-160	3
ENST00000376771.9	1386-1389	5
ENST00000376772.8	357-360	8
ENST00000376809.10	1033-1036	5
ENST00000376810.6	685-688	6
ENST00000376829.7	1716-1719	5
ENST00000376834.8	646-649	8
ENST00000376836.8	312-315	4
ENST00000376854.6	784-787	8
ENST00000376874.9	675-678	12
ENST00000376901.9	224-227	7
ENST00000376925.8	480-483	15
ENST00000376936.9	1586-1589	8
ENST00000376943.8	1109-1112	4
ENST00000376957.7	639-642	7
ENST00000376958.5	410-413	4
ENST00000376962.10	1217-1220	5
ENST00000376980.8	1238-1241	8
ENST00000376983.8	959-962	8
ENST00000377026.4	800-803	7
ENST00000377038.8	407-410	12
ENST00000377044.9	541-544	13
ENST00000377045.9	1021-1024	12
ENST00000377047.9	2114-2117	8
ENST00000377071.9	2467-2470	14
ENST00000377075.3	1583-1586	6
ENST00000377095.10	881-884	5
ENST00000377104.4	604-607	11
ENST00000377107.7	1838-1841	4
ENST00000377126.4	1441-1444	9
ENST00000377139.8	628-631	5
ENST00000377190.8	1509-1512	5
ENST00000377191.5	2198-2201	9
ENST00000377199.4	1598-1601	14
ENST00000377205.6	703-706	3
ENST00000377244.8	849-852	13
ENST00000377245.9	1191-1194	5
ENST00000377263.6	495-498	2
ENST00000377264.8	3665-3668	14
ENST00000377275.4	342-345	3
ENST00000377294.3	568-571	5
ENST00000377298.9	340-343	6
ENST00000377304.7	1083-1086	6
ENST00000377307.7	1187-1190	7
ENST00000377386.8	435-438	6
ENST00000377390.8	588-591	9
ENST00000377391.8	107-110	14
ENST00000377452.4	550-553	5
ENST00000377453.9	420-423	7
ENST00000377474.4	1001-1004	5
ENST00000377482.10	1503-1506	6
ENST00000377524.8	1479-1482	8
ENST00000377526.4	1298-1301	8
ENST00000377575.3	222-225	3
ENST00000377577.10	58-61	7
ENST00000377595.8	420-423	5
ENST00000377603.5	144-147	15
ENST00000377604.8	2877-2880	13
ENST00000377636.8	3240-3243	12
ENST00000377648.5	663-666	8
ENST00000377658.8	1192-1195	8
ENST00000377673.10	340-343	5
ENST00000377674.9	2267-2270	3
ENST00000377687.6	563-566	9
ENST00000377698.4	1567-1570	5
ENST00000377705.6	1892-1895	11
ENST00000377707.4	585-588	9
ENST00000377708.7	617-620	6
ENST00000377710.10	549-552	9
ENST00000377724.8	1567-1570	5
ENST00000377759.9	861-864	7
ENST00000377767.9	2915-2918	6
ENST00000377777.6	321-324	14
ENST00000377791.4	325-328	5
ENST00000377793.9	650-653	5
ENST00000377798.9	490-493	9
ENST00000377799.8	1100-1103	8
ENST00000377803.4	24-27	7
ENST00000377811.4	164-167	5
ENST00000377813.6	1609-1612	16
ENST00000377818.4	141-144	3
ENST00000377819.10	3179-3182	10
ENST00000377843.8	736-739	13
ENST00000377865.7	3377-3380	7
ENST00000377881.8	2095-2098	12
ENST00000377953.4	160-163	4
ENST00000377960.9	475-478	7
ENST00000377990.7	600-603	5
ENST00000378024.9	11217-11220	12
ENST00000378026.5	1960-1963	8
ENST00000378045.5	156-159	7
ENST00000378060.9	325-328	4
ENST00000378078.5	441-444	8
ENST00000378090.9	289-292	9
ENST00000378103.7	2510-2513	8
ENST00000378106.10	287-290	6
ENST00000378116.9	486-489	12
ENST00000378119.9	612-615	7
ENST00000378156.9	3757-3760	4
ENST00000378163.7	1346-1349	9
ENST00000378164.7	1198-1201	8
ENST00000378165.9	255-258	9
ENST00000378182.4	1817-1820	15
ENST00000378197.5	1360-1363	11
ENST00000378198.9	604-607	14
ENST00000378204.7	1377-1380	8
ENST00000378209.8	752-755	7
ENST00000378226.7	1805-1808	12
ENST00000378230.8	2896-2899	8
ENST00000378251.3	1351-1354	11
ENST00000378278.7	140-143	4
ENST00000378302.7	398-401	6
ENST00000378308.7	2731-2734	10
ENST00000378339.7	365-368	6
ENST00000378344.7	490-493	7
ENST00000378364.8	383-386	8
ENST00000378372.8	535-538	16
ENST00000378386.8	162-165	6
ENST00000378387.4	203-206	10
ENST00000378392.6	560-563	9
ENST00000378444.9	4054-4057	17
ENST00000378460.7	2939-2942	7
ENST00000378466.9	525-528	9
ENST00000378482.7	530-533	6
ENST00000378494.8	952-955	8
ENST00000378509.9	1091-1094	12
ENST00000378526.9	202-205	20
ENST00000378536.5	1483-1486	9
ENST00000378546.9	293-296	6
ENST00000378567.8	1846-1849	8
ENST00000378572.8	125-128	6
ENST00000378609.9	999-1002	5
ENST00000378617.4	717-720	8
ENST00000378628.9	649-652	9
ENST00000378643.8	2239-2242	13
ENST00000378670.8	149-152	2
ENST00000378700.8	850-853	4
ENST00000378714.8	1675-1678	12
ENST00000378719.7	756-759	11
ENST00000378720.8	817-820	5
ENST00000378743.9	2050-2053	10
ENST00000378747.8	1728-1731	4
ENST00000378750.10	519-522	9
ENST00000378756.8	833-836	6
ENST00000378799.11	608-611	5
ENST00000378823.8	1107-1110	8
ENST00000378842.8	48-51	9
ENST00000378863.9	826-829	5
ENST00000378875.8	73-76	4
ENST00000378888.10	1241-1244	9
ENST00000378895.9	1086-1089	9
ENST00000378954.9	958-961	15
ENST00000378959.9	442-445	7
ENST00000379019.7	565-568	4
ENST00000379031.10	548-551	5
ENST00000379068.8	2561-2564	12
ENST00000379095.5	152-155	12
ENST00000379143.10	541-544	8
ENST00000379151.9	1023-1026	15
ENST00000379158.7	433-436	6
ENST00000379161.5	503-506	9
ENST00000379162.9	851-854	8
ENST00000379170.9	539-542	16
ENST00000379198.5	423-426	9
ENST00000379205.5	416-419	12
ENST00000379214.9	3329-3332	6
ENST00000379226.9	821-824	3
ENST00000379238.7	890-893	7
ENST00000379263.8	979-982	13
ENST00000379270.5	611-614	6
ENST00000379287.4	1094-1097	4
ENST00000379300.8	634-637	13
ENST00000379303.10	318-321	7
ENST00000379310.8	412-415	6
ENST00000379341.9	639-642	9
ENST00000379344.8	2811-2814	5
ENST00000379370.7	4403-4406	8
ENST00000379378.8	703-706	6
ENST00000379380.9	116-119	3
ENST00000379406.8	658-661	5
ENST00000379440.9	376-379	5
ENST00000379454.9	578-581	15
ENST00000379480.9	391-394	9
ENST00000379483.4	1119-1122	11
ENST00000379484.10	226-229	8
ENST00000379485.2	1110-1113	10
ENST00000379487.5	216-219	5
ENST00000379504.8	1473-1476	5
ENST00000379509.8	364-367	10
ENST00000379516.7	714-717	18
ENST00000379540.8	609-612	11
ENST00000379542.10	454-457	7
ENST00000379561.6	2265-2268	6
ENST00000379562.9	285-288	3
ENST00000379565.9	2302-2305	7
ENST00000379568.4	110-113	4
ENST00000379589.4	632-635	3
ENST00000379600.8	502-505	4
ENST00000379607.10	597-600	3
ENST00000379611.10	615-618	7
ENST00000379613.10	1196-1199	12
ENST00000379624.6	378-381	7
ENST00000379638.9	226-229	6
ENST00000379644.9	1527-1530	9
ENST00000379661.8	1903-1906	6
ENST00000379672.10	1532-1535	5
ENST00000379715.10	483-486	3
ENST00000379719.8	319-322	12
ENST00000379731.5	1346-1349	9
ENST00000379751.5	1973-1976	10
ENST00000379757.9	1293-1296	8
ENST00000379772.4	342-345	8
ENST00000379775.9	935-938	11
ENST00000379802.8	1292-1295	19
ENST00000379817.7	153-156	6
ENST00000379826.5	1140-1143	9
ENST00000379834.7	1881-1884	6
ENST00000379847.8	414-417	3
ENST00000379852.8	859-862	13
ENST00000379887.9	412-415	6
ENST00000379888.9	634-637	10
ENST00000379915.4	84-87	5
ENST00000379938.7	1731-1734	10
ENST00000379942.5	2444-2447	12
ENST00000379982.8	2102-2105	15
ENST00000380003.8	725-728	10
ENST00000380005.9	203-206	3
ENST00000380009.9	1513-1516	19
ENST00000380013.9	5714-5717	12
ENST00000380041.8	478-481	10
ENST00000380044.6	189-192	4
ENST00000380050.8	1201-1204	7
ENST00000380051.7	404-407	6
ENST00000380062.10	193-196	14
ENST00000380071.8	696-699	5
ENST00000380087.7	1272-1275	8
ENST00000380094.10	761-764	5
ENST00000380113.8	528-531	5
ENST00000380118.8	84-87	11
ENST00000380122.10	376-379	9
ENST00000380152.8	1183-1186	8
ENST00000380155.4	188-191	8
ENST00000380171.9	580-583	11
ENST00000380191.9	359-362	12
ENST00000380243.9	752-755	5
ENST00000380266.4	1799-1802	9
ENST00000380324.8	1425-1428	9
ENST00000380325.4	164-167	6
ENST00000380338.9	894-897	9
ENST00000380345.7	1148-1151	5
ENST00000380377.9	88-91	6
ENST00000380379.10	357-360	5
ENST00000380394.9	656-659	7
ENST00000380412.7	531-534	7
ENST00000380420.10	727-730	8
ENST00000380445.8	2229-2232	5
ENST00000380455.11	391-394	6
ENST00000380492.8	1101-1104	5
ENST00000380502.8	2833-2836	9
ENST00000380516.7	498-501	6
ENST00000380525.9	740-743	8
ENST00000380527.3	1109-1112	6
ENST00000380539.7	327-330	4
ENST00000380542.9	429-432	8
ENST00000380591.8	688-691	10
ENST00000380615.8	1324-1327	11
ENST00000380629.7	413-416	7
ENST00000380639.10	169-172	5
ENST00000380649.8	2229-2232	10
ENST00000380656.7	300-303	5
ENST00000380668.10	284-287	10
ENST00000380680.5	1172-1175	5
ENST00000380707.9	209-212	5
ENST00000380728.7	889-892	4
ENST00000380729.8	353-356	16
ENST00000380733.9	880-883	15
ENST00000380737.8	690-693	5
ENST00000380739.6	582-585	8
ENST00000380743.9	209-212	5
ENST00000380749.10	252-255	9
ENST00000380750.8	357-360	4
ENST00000380752.10	864-867	6
ENST00000380762.5	817-820	8
ENST00000380773.9	1799-1802	10
ENST00000380815.5	984-987	8
ENST00000380817.8	306-309	11
ENST00000380821.8	943-946	5
ENST00000380834.7	820-823	8
ENST00000380842.5	100-103	10
ENST00000380843.9	769-772	6
ENST00000380876.5	2272-2275	9
ENST00000380877.8	655-658	4
ENST00000380903.7	2018-2021	13
ENST00000380909.9	770-773	5
ENST00000380950.7	3299-3302	5
ENST00000380958.8	2510-2513	4
ENST00000380985.10	1783-1786	9
ENST00000380986.9	235-238	11
ENST00000381006.8	1924-1927	7
ENST00000381007.9	446-449	8
ENST00000381020.8	948-951	7
ENST00000381031.8	500-503	7
ENST00000381070.8	955-958	6
ENST00000381120.8	135-138	10
ENST00000381125.9	774-777	14
ENST00000381151.5	1014-1017	5
ENST00000381199.8	1065-1068	8
ENST00000381209.8	101-104	9
ENST00000381232.8	2889-2892	21
ENST00000381237.6	1289-1292	15
ENST00000381249.4	828-831	7
ENST00000381254.7	271-274	3
ENST00000381271.7	806-809	7
ENST00000381295.7	1513-1516	9
ENST00000381298.7	655-658	13
ENST00000381309.8	2795-2798	5
ENST00000381318.8	2531-2534	9
ENST00000381334.10	335-338	13
ENST00000381340.8	4832-4835	6
ENST00000381342.7	714-717	5
ENST00000381344.8	656-659	5
ENST00000381346.9	658-661	6
ENST00000381356.9	240-243	4
ENST00000381410.5	491-494	10
ENST00000381431.10	913-916	4
ENST00000381482.8	1411-1414	6
ENST00000381525.8	618-621	4
ENST00000381527.8	1602-1605	5
ENST00000381554.8	355-358	6
ENST00000381571.6	387-390	3
ENST00000381588.9	1634-1637	16
ENST00000381604.9	1738-1741	5
ENST00000381638.7	2007-2010	11
ENST00000381647.7	780-783	17
ENST00000381685.10	2151-2154	10
ENST00000381736.8	1916-1919	15
ENST00000381750.9	727-730	5
ENST00000381774.9	756-759	8
ENST00000381801.6	1339-1342	4
ENST00000381809.8	706-709	7
ENST00000381815.9	439-442	13
ENST00000381854.4	214-217	4
ENST00000381883.5	778-781	4
ENST00000381884.9	3317-3320	5
ENST00000381920.8	476-479	6
ENST00000381937.9	484-487	8
ENST00000381962.4	186-189	2
ENST00000381967.9	896-899	11
ENST00000381989.4	380-383	7
ENST00000382038.7	644-647	4
ENST00000382044.9	2138-2141	7
ENST00000382103.7	638-641	3
ENST00000382125.9	270-273	7
ENST00000382142.8	1913-1916	5
ENST00000382172.4	1877-1880	5
ENST00000382199.7	1522-1525	8
ENST00000382247.6	1303-1306	3
ENST00000382252.6	632-635	9
ENST00000382285.7	427-430	3
ENST00000382292.9	4420-4423	15
ENST00000382361.8	271-274	13
ENST00000382363.8	1148-1151	5
ENST00000382368.8	180-183	6
ENST00000382374.9	1153-1156	6
ENST00000382405.8	97-100	14
ENST00000382409.4	202-205	20
ENST00000382533.9	536-539	7
ENST00000382564.8	362-365	4
ENST00000382581.5	430-433	13
ENST00000382723.5	247-250	11
ENST00000382743.9	23-26	6
ENST00000382745.9	2130-2133	7
ENST00000382751.4	4380-4383	12
ENST00000382753.5	132-135	5
ENST00000382758.6	156-159	10
ENST00000382762.8	402-405	12
ENST00000382882.9	171-174	7
ENST00000382936.8	1083-1086	5
ENST00000382952.8	982-985	10
ENST00000383202.7	2964-2967	13
ENST00000383314.7	786-789	8
ENST00000383432.8	402-405	16
ENST00000383463.9	611-614	9
ENST00000383657.10	503-506	5
ENST00000383678.8	286-289	5
ENST00000383701.8	1600-1603	5
ENST00000383790.8	351-354	15
ENST00000383791.8	343-346	3
ENST00000383794.7	81-84	7
ENST00000383820.10	306-309	9
ENST00000383829.7	672-675	11
ENST00000388712.7	721-724	6
ENST00000388752.8	797-800	6
ENST00000388761.4	744-747	5
ENST00000388798.7	2411-2414	4
ENST00000388822.10	527-530	20
ENST00000388825.9	274-277	15
ENST00000388835.4	452-455	5
ENST00000388901.10	1041-1044	11
ENST00000388968.8	625-628	8
ENST00000388988.9	442-445	4
ENST00000388995.11	409-412	14
ENST00000389005.6	1397-1400	15
ENST00000389017.6	958-961	12
ENST00000389032.8	727-730	8
ENST00000389054.8	2207-2210	13
ENST00000389061.10	1381-1384	7
ENST00000389063.3	313-316	21
ENST00000389082.10	1732-1735	9
ENST00000389120.8	490-493	6
ENST00000389221.9	1300-1303	21
ENST00000389253.9	443-446	10
ENST00000389266.8	395-398	6
ENST00000389301.8	4382-4385	8
ENST00000389501.9	502-505	6
ENST00000389532.9	5067-5070	10
ENST00000389561.7	1276-1279	10
ENST00000389617.9	500-503	5
ENST00000389622.7	8821-8824	5
ENST00000389629.9	564-567	14
ENST00000389677.6	1511-1514	4
ENST00000389682.8	447-450	6
ENST00000389704.4	791-794	9
ENST00000389709.8	1160-1163	5
ENST00000389737.5	1210-1213	4
ENST00000389749.9	128-131	4
ENST00000389759.8	2462-2465	5
ENST00000389797.8	2123-2126	7
ENST00000389805.9	1190-1193	9
ENST00000389834.9	1652-1655	5
ENST00000389851.10	2442-2445	5
ENST00000389857.11	4402-4405	10
ENST00000389879.9	300-303	7
ENST00000389902.8	582-585	7
ENST00000389912.7	189-192	8
ENST00000389915.4	387-390	3
ENST00000389919.8	371-374	8
ENST00000389924.7	2146-2149	11
ENST00000390658.4	709-712	4
ENST00000390667.11	445-448	6
ENST00000391440.3	236-239	7
ENST00000391701.1	407-410	8
ENST00000391759.6	766-769	11
ENST00000391842.6	236-239	6
ENST00000391854.7	422-425	4
ENST00000391857.9	292-295	5
ENST00000391860.7	1163-1166	8
ENST00000391945.10	135-138	6
ENST00000391946.7	1221-1224	7
ENST00000391971.7	474-477	6
ENST00000391980.7	791-794	5
ENST00000392006.8	2655-2658	8
ENST00000392011.7	1206-1209	8
ENST00000392017.9	1337-1340	5
ENST00000392038.7	591-594	8
ENST00000392062.7	1226-1229	8
ENST00000392070.7	791-794	4
ENST00000392092.7	915-918	6
ENST00000392102.6	1931-1934	6
ENST00000392132.7	1364-1367	9
ENST00000392142.9	265-268	8
ENST00000392185.8	1350-1353	16
ENST00000392219.7	135-138	3
ENST00000392222.7	721-724	7
ENST00000392238.3	1626-1629	9
ENST00000392246.7	164-167	5
ENST00000392250.7	246-249	9
ENST00000392271.6	678-681	9
ENST00000392283.9	561-564	5
ENST00000392290.6	589-592	7
ENST00000392318.8	1285-1288	7
ENST00000392325.9	632-635	6
ENST00000392329.7	842-845	10
ENST00000392349.9	398-401	5
ENST00000392373.7	370-373	3
ENST00000392403.8	1608-1611	12
ENST00000392446.10	625-628	12
ENST00000392455.9	1475-1478	6
ENST00000392477.7	1501-1504	11
ENST00000392514.9	857-860	11
ENST00000392521.7	4642-4645	6
ENST00000392523.9	532-535	7
ENST00000392524.7	438-441	15
ENST00000392533.8	1371-1374	5
ENST00000392539.4	1178-1181	8
ENST00000392550.8	201-204	10
ENST00000392554.8	1649-1652	7
ENST00000392568.7	499-502	5
ENST00000392589.6	1226-1229	4
ENST00000392634.9	674-677	5
ENST00000392647.7	1626-1629	7
ENST00000392692.8	1297-1300	14
ENST00000392708.9	1614-1617	21
ENST00000392745.8	1586-1589	3
ENST00000392749.7	180-183	11
ENST00000392750.7	631-634	2
ENST00000392837.9	1231-1234	6
ENST00000392844.8	118-121	8
ENST00000392857.10	1280-1283	5
ENST00000392872.8	1078-1081	4
ENST00000392876.8	618-621	7
ENST00000392882.7	423-426	9
ENST00000392894.8	1175-1178	6
ENST00000392920.8	1171-1174	5
ENST00000392981.7	2316-2319	7
ENST00000392993.7	154-157	4
ENST00000393033.9	1201-1204	6
ENST00000393038.3	420-423	8
ENST00000393045.7	1186-1189	8
ENST00000393047.8	1418-1421	5
ENST00000393077.3	246-249	9
ENST00000393085.4	448-451	6
ENST00000393094.7	2326-2329	4
ENST00000393110.7	1654-1657	11
ENST00000393114.8	203-206	6
ENST00000393119.7	580-583	15
ENST00000393196.8	543-546	5
ENST00000393203.3	2451-2454	14
ENST00000393232.6	813-816	5
ENST00000393238.8	2581-2584	5
ENST00000393256.8	294-297	6
ENST00000393261.8	104-107	5
ENST00000393274.6	1435-1438	9
ENST00000393295.8	337-340	5
ENST00000393346.8	1327-1330	8
ENST00000393359.7	2699-2702	8
ENST00000393366.7	310-313	2
ENST00000393370.7	768-771	10
ENST00000393381.3	400-403	11
ENST00000393409.3	3015-3018	8
ENST00000393427.7	182-185	4
ENST00000393432.9	834-837	7
ENST00000393459.6	1346-1349	4
ENST00000393486.6	1058-1061	3
ENST00000393487.6	329-332	7
ENST00000393537.5	413-416	6
ENST00000393562.10	822-825	12
ENST00000393565.6	2162-2165	7
ENST00000393599.3	707-710	3
ENST00000393600.8	1070-1073	12
ENST00000393609.8	883-886	11
ENST00000393630.8	4606-4609	9
ENST00000393651.8	1117-1120	14
ENST00000393674.7	824-827	5
ENST00000393695.8	5575-5578	7
ENST00000393708.3	337-340	5
ENST00000393760.6	1135-1138	4
ENST00000393765.7	854-857	6
ENST00000393784.8	340-343	5
ENST00000393792.3	432-435	5
ENST00000393795.8	130-133	6
ENST00000393796.4	555-558	13
ENST00000393800.7	1697-1700	9
ENST00000393812.4	817-820	16
ENST00000393818.3	940-943	7
ENST00000393868.7	47-50	6
ENST00000393885.9	438-441	5
ENST00000393892.8	468-471	6
ENST00000393909.7	814-817	13
ENST00000393915.9	355-358	4
ENST00000393927.9	427-430	5
ENST00000393928.6	1303-1306	15
ENST00000393931.8	156-159	5
ENST00000393960.7	649-652	5
ENST00000393965.8	1247-1250	9
ENST00000393985.8	825-828	13
ENST00000394030.8	630-633	8
ENST00000394048.10	3062-3065	11
ENST00000394053.7	627-630	7
ENST00000394067.7	1257-1260	9
ENST00000394070.7	589-592	8
ENST00000394077.8	75-78	4
ENST00000394095.7	1045-1048	5
ENST00000394106.7	833-836	3
ENST00000394128.7	136-139	12
ENST00000394140.9	281-284	5
ENST00000394144.9	951-954	9
ENST00000394152.7	776-779	7
ENST00000394166.8	2306-2309	8
ENST00000394196.9	1172-1175	10
ENST00000394198.7	771-774	10
ENST00000394215.7	3335-3338	5
ENST00000394222.8	680-683	4
ENST00000394223.2	382-385	6
ENST00000394231.8	334-337	3
ENST00000394236.9	1860-1863	5
ENST00000394249.8	1135-1138	9
ENST00000394252.4	397-400	6
ENST00000394258.7	839-842	3
ENST00000394264.7	610-613	5
ENST00000394272.8	420-423	8
ENST00000394295.6	841-844	6
ENST00000394308.8	1260-1263	10
ENST00000394334.7	864-867	9
ENST00000394349.9	146-149	12
ENST00000394363.6	574-577	8
ENST00000394391.9	855-858	8
ENST00000394412.8	549-552	12
ENST00000394419.9	2868-2871	10
ENST00000394420.9	1622-1625	11
ENST00000394422.8	812-815	9
ENST00000394434.7	3349-3352	15
ENST00000394440.8	1541-1544	9
ENST00000394456.10	796-799	7
ENST00000394464.7	1335-1338	7
ENST00000394479.4	528-531	5
ENST00000394505.7	728-731	11
ENST00000394518.7	4794-4797	11
ENST00000394520.7	480-483	7
ENST00000394552.4	233-236	8
ENST00000394553.6	2785-2788	10
ENST00000394610.7	375-378	5
ENST00000394636.9	760-763	6
ENST00000394650.7	257-260	14
ENST00000394657.12	460-463	9
ENST00000394667.8	109-112	5
ENST00000394670.9	381-384	15
ENST00000394671.8	224-227	11
ENST00000394672.8	107-110	6
ENST00000394688.8	2017-2020	10
ENST00000394708.7	734-737	4
ENST00000394718.4	495-498	10
ENST00000394725.3	938-941	8
ENST00000394752.8	2638-2641	9
ENST00000394773.7	2049-2052	6
ENST00000394780.8	85-88	12
ENST00000394785.9	806-809	8
ENST00000394817.7	437-440	4
ENST00000394818.8	1295-1298	14
ENST00000394854.8	1798-1801	6
ENST00000394859.8	1531-1534	7
ENST00000394861.3	1529-1532	7
ENST00000394876.7	822-825	5
ENST00000394885.8	816-819	5
ENST00000394886.7	584-587	12
ENST00000394890.7	1453-1456	6
ENST00000394894.8	2299-2302	5
ENST00000394900.8	907-910	5
ENST00000394908.9	627-630	10
ENST00000394909.7	1635-1638	5
ENST00000394936.8	318-321	12
ENST00000394947.8	3970-3973	7
ENST00000394963.9	1018-1021	7
ENST00000394975.3	449-452	7
ENST00000394976.4	803-806	6
ENST00000394987.5	1308-1311	12
ENST00000394991.8	234-237	7
ENST00000395042.2	566-569	5
ENST00000395064.3	670-673	5
ENST00000395066.9	186-189	5
ENST00000395067.7	485-488	5
ENST00000395068.9	171-174	6
ENST00000395076.9	1065-1068	10
ENST00000395081.7	174-177	6
ENST00000395091.3	537-540	8
ENST00000395146.9	2222-2225	9
ENST00000395159.7	527-530	2
ENST00000395176.3	363-366	6
ENST00000395245.9	1016-1019	4
ENST00000395284.8	931-934	15
ENST00000395310.7	1225-1228	10
ENST00000395314.8	391-394	6
ENST00000395326.8	125-128	4
ENST00000395343.6	1016-1019	12
ENST00000395366.3	577-580	12
ENST00000395384.9	684-687	4
ENST00000395386.7	3100-3103	13
ENST00000395418.8	150-153	5
ENST00000395422.4	480-483	10
ENST00000395443.7	1921-1924	10
ENST00000395468.9	296-299	3
ENST00000395510.7	570-573	7
ENST00000395511.8	140-143	6
ENST00000395527.9	231-234	8
ENST00000395550.7	2024-2027	5
ENST00000395564.9	844-847	7
ENST00000395566.9	487-490	9
ENST00000395571.8	2683-2686	8
ENST00000395604.8	288-291	11
ENST00000395675.7	1029-1032	6
ENST00000395686.8	1136-1139	5
ENST00000395693.8	788-791	5
ENST00000395694.7	1115-1118	11
ENST00000395699.5	758-761	19
ENST00000395715.8	1941-1944	6
ENST00000395787.4	710-713	7
ENST00000395799.8	2918-2921	8
ENST00000395841.7	1000-1003	3
ENST00000395860.7	50-53	9
ENST00000395863.8	1059-1062	7
ENST00000395878.8	601-604	15
ENST00000395915.8	62-65	5
ENST00000395925.8	1586-1589	7
ENST00000395952.8	1702-1705	7
ENST00000395958.6	688-691	7
ENST00000395965.8	324-327	5
ENST00000396027.9	559-562	5
ENST00000396056.7	677-680	14
ENST00000396060.7	390-393	4
ENST00000396062.4	574-577	10
ENST00000396077.8	642-645	8
ENST00000396083.7	280-283	12
ENST00000396105.6	5281-5284	7
ENST00000396124.9	614-617	5
ENST00000396128.9	501-504	8
ENST00000396137.5	1561-1564	7
ENST00000396153.7	2139-2142	12
ENST00000396161.10	376-379	5
ENST00000396172.6	987-990	6
ENST00000396197.8	95-98	4
ENST00000396203.7	184-187	4
ENST00000396210.8	499-502	3
ENST00000396268.8	439-442	9
ENST00000396271.8	1288-1291	7
ENST00000396290.2	290-293	9
ENST00000396319.7	886-889	7
ENST00000396354.6	798-801	4
ENST00000396368.8	3165-3168	4
ENST00000396386.7	473-476	9
ENST00000396388.3	744-747	9
ENST00000396394.7	684-687	6
ENST00000396398.8	641-644	4
ENST00000396410.9	936-939	14
ENST00000396432.7	2467-2470	15
ENST00000396442.7	1121-1124	10
ENST00000396463.7	680-683	12
ENST00000396478.4	800-803	8
ENST00000396496.7	232-235	6
ENST00000396551.9	706-709	6
ENST00000396591.8	2198-2201	11
ENST00000396602.7	606-609	3
ENST00000396618.9	884-887	6
ENST00000396628.7	543-546	11
ENST00000396651.8	477-480	3
ENST00000396654.7	207-210	5
ENST00000396668.8	734-737	9
ENST00000396679.6	233-236	11
ENST00000396703.6	359-362	8
ENST00000396705.10	486-489	4
ENST00000396777.8	1019-1022	9
ENST00000396819.8	4360-4363	11
ENST00000396825.4	390-393	10
ENST00000396832.6	784-787	13
ENST00000396842.7	440-443	5
ENST00000396852.9	409-412	7
ENST00000396865.7	691-694	8
ENST00000396912.2	611-614	15
ENST00000396914.4	287-290	10
ENST00000396926.8	1297-1300	6
ENST00000396954.8	745-748	17
ENST00000396958.8	669-672	4
ENST00000396981.7	605-608	6
ENST00000396987.7	2106-2109	4
ENST00000397061.4	491-494	7
ENST00000397062.8	1279-1282	6
ENST00000397066.9	152-155	7
ENST00000397080.8	346-349	7
ENST00000397098.8	1396-1399	7
ENST00000397119.8	1962-1965	9
ENST00000397120.8	64-67	7
ENST00000397128.7	209-212	9
ENST00000397130.8	192-195	5
ENST00000397149.4	774-777	10
ENST00000397166.7	823-826	9
ENST00000397167.6	651-654	11
ENST00000397195.10	1356-1359	5
ENST00000397224.9	270-273	8
ENST00000397238.7	531-534	7
ENST00000397256.5	281-284	13
ENST00000397261.8	262-265	4
ENST00000397292.8	704-707	5
ENST00000397298.8	286-289	8
ENST00000397312.7	1302-1305	5
ENST00000397333.4	344-347	6
ENST00000397356.8	743-746	14
ENST00000397375.7	240-243	7
ENST00000397394.8	2277-2280	8
ENST00000397397.7	235-238	5
ENST00000397410.10	554-557	12
ENST00000397412.8	1496-1499	10
ENST00000397420.9	627-630	4
ENST00000397443.7	375-378	8
ENST00000397456.2	21-24	3
ENST00000397457.7	259-262	3
ENST00000397496.7	29-32	4
ENST00000397510.9	222-225	8
ENST00000397514.8	242-245	4
ENST00000397527.6	2704-2707	7
ENST00000397560.7	898-901	8
ENST00000397572.5	325-328	9
ENST00000397583.8	1034-1037	4
ENST00000397588.8	1205-1208	10
ENST00000397609.6	350-353	15
ENST00000397622.7	1015-1018	5
ENST00000397625.9	446-449	6
ENST00000397641.8	1731-1734	9
ENST00000397659.9	972-975	9
ENST00000397668.8	283-286	11
ENST00000397676.8	1216-1219	5
ENST00000397677.6	888-891	7
ENST00000397701.9	364-367	10
ENST00000397712.7	448-451	13
ENST00000397728.8	395-398	8
ENST00000397752.8	2115-2118	7
ENST00000397762.6	93-96	2
ENST00000397764.8	318-321	4
ENST00000397778.7	805-808	4
ENST00000397786.7	1315-1318	12
ENST00000397809.10	2559-2562	6
ENST00000397821.8	1268-1271	14
ENST00000397843.7	1683-1686	12
ENST00000397885.3	565-568	6
ENST00000397901.8	642-645	4
ENST00000397906.7	456-459	13
ENST00000397912.3	226-229	5
ENST00000397938.7	1128-1131	11
ENST00000397942.4	1495-1498	9
ENST00000397977.8	1034-1037	8
ENST00000397979.4	824-827	8
ENST00000398004.4	340-343	4
ENST00000398022.7	1248-1251	8
ENST00000398055.8	827-830	7
ENST00000398073.7	663-666	5
ENST00000398092.4	650-653	18
ENST00000398136.7	316-319	7
ENST00000398145.7	843-846	6
ENST00000398153.7	404-407	3
ENST00000398165.8	561-564	6
ENST00000398174.9	131-134	7
ENST00000398208.3	116-119	9
ENST00000398238.8	365-368	14
ENST00000398246.8	1609-1612	4
ENST00000398333.7	1184-1187	7
ENST00000398344.9	123-126	3
ENST00000398473.7	636-639	7
ENST00000398532.9	1494-1497	7
ENST00000398548.6	984-987	14
ENST00000398559.7	1495-1498	5
ENST00000398571.7	5078-5081	7
ENST00000398606.10	509-512	4
ENST00000398637.10	894-897	6
ENST00000398665.8	2241-2244	9
ENST00000398675.8	1539-1542	9
ENST00000398712.7	488-491	6
ENST00000398733.8	681-684	5
ENST00000398752.11	1679-1682	11
ENST00000398805.8	1136-1139	5
ENST00000398831.8	604-607	8
ENST00000398844.7	2728-2731	7
ENST00000398868.8	956-959	5
ENST00000398881.4	133-136	5
ENST00000398955.2	79-82	3
ENST00000399004.7	142-145	7
ENST00000399022.9	170-173	3
ENST00000399050.10	1155-1158	8
ENST00000399069.8	289-292	6
ENST00000399138.5	1406-1409	6
ENST00000399233.7	4247-4250	7
ENST00000399262.7	567-570	6
ENST00000399277.6	287-290	2
ENST00000399292.8	N/A	0
ENST00000399312.3	183-186	3
ENST00000399332.6	6895-6898	12
ENST00000399336.9	418-421	17
ENST00000399395.8	67-70	6
ENST00000399410.8	412-415	11
ENST00000399438.8	1231-1234	10
ENST00000399440.7	684-687	4
ENST00000399464.7	4616-4619	15
ENST00000399496.8	336-339	3
ENST00000399503.4	1132-1135	10
ENST00000399562.9	320-323	3
ENST00000399583.4	1463-1466	10
ENST00000399598.7	511-514	4
ENST00000399602.9	1684-1687	9
ENST00000399668.7	2084-2087	5
ENST00000399703.6	2276-2279	8
ENST00000399744.8	786-789	15
ENST00000399788.7	2794-2797	14
ENST00000399799.3	3141-3144	8
ENST00000399820.8	155-158	17
ENST00000399892.7	363-366	5
ENST00000399903.7	1317-1320	6
ENST00000399932.8	272-275	13
ENST00000399976.7	862-865	10
ENST00000400000.7	448-451	14
ENST00000400075.4	825-828	7
ENST00000400137.9	83-86	4
ENST00000400159.7	540-543	9
ENST00000400181.9	603-606	10
ENST00000400183.7	2458-2461	6
ENST00000400198.8	344-347	5
ENST00000400206.7	964-967	13
ENST00000400256.5	1033-1036	4
ENST00000400288.7	1008-1011	7
ENST00000400299.6	198-201	11
ENST00000400324.9	534-537	10
ENST00000400335.9	390-393	4
ENST00000400345.8	648-651	6
ENST00000400485.6	1334-1337	5
ENST00000400521.7	1575-1578	7
ENST00000400556.8	1527-1530	8
ENST00000400590.8	588-591	4
ENST00000400677.5	369-372	11
ENST00000400788.9	179-182	8
ENST00000400809.8	371-374	7
ENST00000400889.3	1015-1018	5
ENST00000400908.7	943-946	11
ENST00000400968.7	1716-1719	4
ENST00000401041.6	150-153	8
ENST00000401061.9	630-633	9
ENST00000401073.7	1283-1286	6
ENST00000401088.9	157-160	15
ENST00000401500.7	3483-3486	7
ENST00000401558.7	969-972	12
ENST00000401592.6	2257-2260	12
ENST00000401642.8	1170-1173	10
ENST00000401707.7	1051-1054	9
ENST00000401827.8	1570-1573	7
ENST00000401878.8	849-852	5
ENST00000401949.6	958-961	12
ENST00000401950.7	2615-2618	14
ENST00000401959.6	218-221	4
ENST00000402010.8	1300-1303	6
ENST00000402050.7	1697-1700	13
ENST00000402198.7	731-734	9
ENST00000402219.8	1202-1205	6
ENST00000402291.6	975-978	6
ENST00000402312.8	47-50	3
ENST00000402412.6	3333-3336	6
ENST00000402558.7	3275-3278	5
ENST00000402673.7	530-533	6
ENST00000402676.7	3746-3749	12
ENST00000402686.8	1236-1239	5
ENST00000402744.9	517-520	12
ENST00000402774.8	1530-1533	7
ENST00000402868.8	1072-1075	12
ENST00000402939.7	2293-2296	8
ENST00000403028.8	517-520	4
ENST00000403231.6	1453-1456	7
ENST00000403245.8	2268-2271	4
ENST00000403359.8	1522-1525	10
ENST00000403490.3	473-476	5
ENST00000403491.8	369-372	12
ENST00000403681.7	938-941	9
ENST00000403733.8	3253-3256	6
ENST00000403734.2	1497-1500	15
ENST00000403766.8	421-424	5
ENST00000403825.8	1567-1570	5
ENST00000403888.8	376-379	11
ENST00000403994.9	551-554	7
ENST00000404125.6	5438-5441	13
ENST00000404141.6	3138-3141	12
ENST00000404169.8	1325-1328	5
ENST00000404249.8	116-119	12
ENST00000404276.6	364-367	4
ENST00000404530.6	435-438	5
ENST00000404537.6	1924-1927	13
ENST00000404589.8	615-618	4
ENST00000404739.8	844-847	4
ENST00000404760.6	1354-1357	11
ENST00000404767.8	1803-1806	7
ENST00000404789.8	800-803	3
ENST00000404816.7	1839-1842	8
ENST00000404914.8	607-610	6
ENST00000404929.6	1132-1135	6
ENST00000404933.7	971-974	8
ENST00000405094.2	663-666	12
ENST00000405159.8	301-304	5
ENST00000405201.6	2563-2566	6
ENST00000405303.7	1007-1010	5
ENST00000405315.9	1356-1359	6
ENST00000405655.8	792-795	5
ENST00000405709.7	1133-1136	6
ENST00000405858.6	1943-1946	10
ENST00000405876.9	1638-1641	7
ENST00000405912.8	281-284	4
ENST00000405975.7	924-927	7
ENST00000406189.4	1456-1459	9
ENST00000406246.8	963-966	7
ENST00000406334.3	378-381	16
ENST00000406360.2	1435-1438	7
ENST00000406438.5	2183-2186	7
ENST00000406452.8	813-816	4
ENST00000406686.8	650-653	6
ENST00000406818.8	673-676	4
ENST00000406854.6	3460-3463	7
ENST00000406875.8	2496-2499	7
ENST00000406877.8	923-926	11
ENST00000406902.6	1093-1096	6
ENST00000407086.8	750-753	9
ENST00000407193.7	57-60	2
ENST00000407280.4	329-332	7
ENST00000407315.6	663-666	6
ENST00000407364.8	507-510	5
ENST00000407418.8	155-158	17
ENST00000407426.8	518-521	12
ENST00000407464.7	362-365	8
ENST00000407558.9	294-297	23
ENST00000407559.8	700-703	7
ENST00000407610.8	351-354	6
ENST00000407627.7	178-181	3
ENST00000407690.6	1887-1890	10
ENST00000407818.8	579-582	6
ENST00000407847.5	1140-1143	6
ENST00000408888.8	348-351	13
ENST00000408901.8	661-664	7
ENST00000408903.7	1320-1323	8
ENST00000408927.8	629-632	5
ENST00000408936.8	937-940	7
ENST00000408946.7	238-241	4
ENST00000408953.4	480-483	4
ENST00000408954.8	2647-2650	11
ENST00000408957.7	2103-2106	5
ENST00000409012.6	1545-1548	5
ENST00000409020.6	1109-1112	9
ENST00000409074.8	261-264	6
ENST00000409134.8	1113-1116	6
ENST00000409140.8	1739-1742	11
ENST00000409155.8	415-418	7
ENST00000409170.3	77-80	3
ENST00000409175.6	600-603	6
ENST00000409248.10	279-282	4
ENST00000409262.8	1899-1902	9
ENST00000409293.6	395-398	3
ENST00000409299.8	544-547	5
ENST00000409304.6	1155-1158	6
ENST00000409379.8	1796-1799	11
ENST00000409402.9	2422-2425	13
ENST00000409411.6	388-391	17
ENST00000409418.9	1677-1680	5
ENST00000409573.7	280-283	4
ENST00000409600.6	352-355	7
ENST00000409644.6	1672-1675	9
ENST00000409682.8	989-992	3
ENST00000409687.5	334-337	6
ENST00000409690.5	413-416	5
ENST00000409697.8	2531-2534	5
ENST00000409735.9	535-538	16
ENST00000409746.5	1023-1026	6
ENST00000409753.8	223-226	7
ENST00000409757.9	1034-1037	8
ENST00000409784.8	638-641	5
ENST00000409785.9	759-762	6
ENST00000409790.6	3265-3268	10
ENST00000409792.4	6513-6516	13
ENST00000409830.6	1244-1247	7
ENST00000409851.8	3276-3279	11
ENST00000409852.2	495-498	2
ENST00000409858.8	265-268	4
ENST00000409883.7	709-712	4
ENST00000409900.9	1582-1585	10
ENST00000409906.9	152-155	17
ENST00000409933.6	1736-1739	7
ENST00000409939.8	1490-1493	6
ENST00000409959.8	1673-1676	9
ENST00000410022.7	547-550	3
ENST00000410042.1	531-534	4
ENST00000410053.8	946-949	11
ENST00000410062.9	625-628	8
ENST00000410067.8	386-389	8
ENST00000410111.8	671-674	17
ENST00000411432.6	371-374	2
ENST00000411486.7	638-641	6
ENST00000411646.2	230-233	3
ENST00000411696.7	2401-2404	9
ENST00000411767.7	4566-4569	7
ENST00000411809.7	913-916	19
ENST00000411948.7	75-78	16
ENST00000412278.2	830-833	9
ENST00000412585.7	165-168	6
ENST00000412615.7	440-443	6
ENST00000412716.8	394-397	6
ENST00000412770.7	781-784	15
ENST00000412830.8	875-878	6
ENST00000412916.7	724-727	6
ENST00000412997.6	1808-1811	9
ENST00000413034.3	350-353	4
ENST00000413139.2	1544-1547	10
ENST00000413242.6	325-328	5
ENST00000413366.8	2153-2156	7
ENST00000413384.7	3258-3261	8
ENST00000413453.7	717-720	8
ENST00000413518.6	279-282	2
ENST00000413761.7	1167-1170	6
ENST00000413834.5	92-95	20
ENST00000414144.7	316-319	12
ENST00000414202.7	2591-2594	5
ENST00000414487.7	208-211	4
ENST00000414645.6	117-120	9
ENST00000414716.8	3255-3258	8
ENST00000414820.6	665-668	3
ENST00000415050.3	191-194	6
ENST00000415061.8	593-596	9
ENST00000415083.7	146-149	12
ENST00000415229.6	617-620	12
ENST00000415493.7	572-575	8
ENST00000415807.7	267-270	8
ENST00000415822.8	117-120	10
ENST00000415826.3	130-133	4
ENST00000415914.4	1073-1076	8
ENST00000415922.7	1759-1762	6
ENST00000416007.9	721-724	8
ENST00000416165.6	2406-2409	5
ENST00000416247.4	600-603	10
ENST00000416274.7	786-789	4
ENST00000416614.7	1551-1554	17
ENST00000416810.7	556-559	7
ENST00000416858.7	211-214	10
ENST00000416904.5	858-861	17
ENST00000417098.6	2565-2568	11
ENST00000417201.4	655-658	15
ENST00000417314.2	1177-1180	3
ENST00000417362.7	1455-1458	12
ENST00000417368.7	386-389	8
ENST00000417410.7	925-928	8
ENST00000417564.3	2278-2281	12
ENST00000417626.8	230-233	9
ENST00000417647.7	122-125	12
ENST00000417826.3	311-314	5
ENST00000417901.6	1800-1803	9
ENST00000418107.3	308-311	5
ENST00000418115.6	219-222	5
ENST00000418260.3	893-896	10
ENST00000418265.1	310-313	6
ENST00000418331.7	3261-3264	7
ENST00000418458.6	202-205	7
ENST00000418476.2	1111-1114	12
ENST00000418532.6	1607-1610	5
ENST00000418543.8	369-372	11
ENST00000418766.6	3078-3081	6
ENST00000418814.7	2961-2964	7
ENST00000419091.7	624-627	12
ENST00000419234.9	1493-1496	7
ENST00000419235.7	110-113	4
ENST00000419445.6	962-965	10
ENST00000419617.7	157-160	6
ENST00000419783.3	213-216	13
ENST00000419869.7	1356-1359	10
ENST00000419916.8	247-250	3
ENST00000420124.4	1429-1432	8
ENST00000420283.3	673-676	5
ENST00000420613.7	391-394	7
ENST00000420658.6	1144-1147	6
ENST00000420696.7	1506-1509	8
ENST00000420702.6	756-759	5
ENST00000420765.6	171-174	9
ENST00000420826.7	263-266	7
ENST00000420843.7	411-414	8
ENST00000420993.7	1221-1224	10
ENST00000421351.4	610-613	5
ENST00000421367.7	1396-1399	9
ENST00000421553.7	1112-1115	5
ENST00000421745.7	2725-2728	12
ENST00000421798.5	800-803	5
ENST00000421806.4	1183-1186	7
ENST00000421807.7	917-920	4
ENST00000421812.3	2203-2206	8
ENST00000421832.3	624-627	7
ENST00000421852.6	467-470	3
ENST00000421990.7	1795-1798	12
ENST00000421999.8	760-763	9
ENST00000422285.7	378-381	11
ENST00000422318.7	885-888	9
ENST00000422424.7	443-446	5
ENST00000422437.5	644-647	12
ENST00000422440.7	453-456	11
ENST00000422447.8	257-260	8
ENST00000422453.7	498-501	4
ENST00000422514.7	444-447	9
ENST00000422704.7	2304-2307	6
ENST00000422774.2	3858-3861	7
ENST00000422840.7	3296-3299	10
ENST00000422959.8	2277-2280	12
ENST00000422982.8	354-357	5
ENST00000422989.6	890-893	11
ENST00000423312.7	3037-3040	11
ENST00000423381.6	1546-1549	5
ENST00000423484.3	286-289	4
ENST00000423485.6	948-951	7
ENST00000423556.7	3557-3560	4
ENST00000423729.3	989-992	5
ENST00000423759.6	3651-3654	14
ENST00000423855.7	1614-1617	5
ENST00000423902.7	2722-2725	13
ENST00000424014.7	168-171	8
ENST00000424266.7	207-210	4
ENST00000424310.7	2120-2123	9
ENST00000424337.7	871-874	10
ENST00000424479.7	133-136	4
ENST00000424491.5	963-966	5
ENST00000424526.7	782-785	11
ENST00000424542.7	644-647	7
ENST00000424785.7	413-416	5
ENST00000424848.3	1174-1177	15
ENST00000424869.6	769-772	4
ENST00000424952.7	569-572	4
ENST00000425241.6	1158-1161	6
ENST00000425248.5	1784-1787	16
ENST00000425346.6	478-481	7
ENST00000425380.7	404-407	5
ENST00000425432.6	418-421	4
ENST00000425478.7	538-541	4
ENST00000425528.6	453-456	9
ENST00000425534.8	164-167	13
ENST00000425562.7	865-868	11
ENST00000425611.9	527-530	7
ENST00000425642.3	100-103	3
ENST00000425675.7	695-698	7
ENST00000425686.3	1877-1880	4
ENST00000425690.8	934-937	7
ENST00000425753.7	186-189	7
ENST00000425929.6	100-103	4
ENST00000426013.7	638-641	15
ENST00000426077.3	1357-1360	4
ENST00000426105.7	443-446	10
ENST00000426126.7	248-251	5
ENST00000426263.10	1348-1351	6
ENST00000426333.7	2802-2805	14
ENST00000426508.7	1103-1106	10
ENST00000426546.7	607-610	6
ENST00000426595.1	1509-1512	11
ENST00000426677.7	882-885	9
ENST00000426820.7	2458-2461	9
ENST00000427159.7	1247-1250	5
ENST00000427177.6	1099-1102	5
ENST00000427190.6	268-271	7
ENST00000427197.2	80-83	4
ENST00000427358.5	441-444	5
ENST00000427363.7	697-700	7
ENST00000427478.7	214-217	2
ENST00000427482.7	778-781	5
ENST00000427569.7	941-944	11
ENST00000427575.6	417-420	3
ENST00000427587.9	176-179	7
ENST00000427738.8	1721-1724	10
ENST00000427836.8	1651-1654	5
ENST00000427926.6	1911-1914	5
ENST00000428135.7	2428-2431	6
ENST00000428149.7	2028-2031	7
ENST00000428202.7	566-569	6
ENST00000428216.4	593-596	11
ENST00000428304.7	517-520	5
ENST00000428443.8	2360-2363	7
ENST00000428468.6	685-688	15
ENST00000428559.7	214-217	4
ENST00000428670.8	2642-2645	7
ENST00000428708.7	1616-1619	14
ENST00000428826.7	2208-2211	18
ENST00000428849.7	1882-1885	8
ENST00000428931.6	1105-1108	6
ENST00000429027.7	457-460	7
ENST00000429094.7	1754-1757	7
ENST00000429243.7	514-517	6
ENST00000429260.7	393-396	4
ENST00000429344.7	1759-1762	8
ENST00000429360.6	749-752	5
ENST00000429436.7	2628-2631	17
ENST00000429544.7	574-577	15
ENST00000429584.3	543-546	4
ENST00000429586.7	42-45	7
ENST00000429602.7	97-100	7
ENST00000429644.7	1337-1340	4
ENST00000429687.8	895-898	10
ENST00000429709.7	1076-1079	9
ENST00000429711.7	164-167	13
ENST00000429722.3	878-881	5
ENST00000429772.7	188-191	11
ENST00000429989.8	478-481	4
ENST00000430044.7	339-342	7
ENST00000430046.7	1298-1301	8
ENST00000430070.7	541-544	9
ENST00000430262.3	648-651	5
ENST00000430297.7	1626-1629	6
ENST00000430334.8	138-141	5
ENST00000430365.7	598-601	18
ENST00000430524.6	498-501	5
ENST00000430566.6	65-68	8
ENST00000430889.3	496-499	4
ENST00000430969.6	820-823	13
ENST00000431016.6	365-368	7
ENST00000431156.7	531-534	6
ENST00000431232.7	2332-2335	6
ENST00000431350.7	1281-1284	7
ENST00000431388.3	85-88	3
ENST00000431391.1	307-310	6
ENST00000431473.4	341-344	3
ENST00000431489.6	1346-1349	6
ENST00000431606.5	435-438	5
ENST00000431670.7	3830-3833	10
ENST00000431828.6	1838-1841	12
ENST00000431843.7	1320-1323	6
ENST00000431877.7	3625-3628	7
ENST00000431975.7	756-759	5
ENST00000432126.7	131-134	10
ENST00000432176.7	639-642	6
ENST00000432226.7	2113-2116	6
ENST00000432641.3	95-98	4
ENST00000432648.8	594-597	4
ENST00000432763.7	1406-1409	16
ENST00000432791.7	870-873	10
ENST00000432825.7	563-566	8
ENST00000432900.7	195-198	16
ENST00000432920.2	396-399	13
ENST00000433017.6	907-910	5
ENST00000433060.3	1254-1257	10
ENST00000433351.7	127-130	5
ENST00000433386.7	356-359	9
ENST00000433395.7	528-531	8
ENST00000433529.7	753-756	7
ENST00000433642.3	564-567	6
ENST00000433688.2	159-162	5
ENST00000433866.7	165-168	2
ENST00000433976.7	1437-1440	9
ENST00000433985.7	562-565	8
ENST00000434316.7	1836-1839	5
ENST00000434397.3	706-709	8
ENST00000434415.6	528-531	10
ENST00000434423.5	3765-3768	9
ENST00000434436.8	750-753	4
ENST00000434457.7	2240-2243	13
ENST00000434526.8	323-326	5
ENST00000434581.7	1100-1103	3
ENST00000434634.7	12-15	7
ENST00000434651.7	155-158	8
ENST00000434724.7	1721-1724	9
ENST00000434821.7	2184-2187	4
ENST00000434935.7	1957-1960	7
ENST00000435030.6	1423-1426	5
ENST00000435041.3	345-348	12
ENST00000435064.6	814-817	13
ENST00000435070.7	1680-1683	8
ENST00000435224.3	1687-1690	8
ENST00000435456.7	479-482	19
ENST00000435504.9	2422-2425	10
ENST00000435506.7	720-723	3
ENST00000435532.8	2748-2751	6
ENST00000435634.3	544-547	10
ENST00000435822.6	243-246	5
ENST00000435881.7	538-541	7
ENST00000435907.6	1155-1158	6
ENST00000435962.7	649-652	5
ENST00000436063.7	1753-1756	10
ENST00000436066.4	796-799	7
ENST00000436088.6	571-574	8
ENST00000436233.9	1702-1705	8
ENST00000436346.7	6045-6048	11
ENST00000436547.7	661-664	10
ENST00000436587.7	462-465	7
ENST00000436636.7	1134-1137	9
ENST00000436639.7	2213-2216	9
ENST00000436697.3	416-419	3
ENST00000436784.7	595-598	8
ENST00000436874.6	368-371	13
ENST00000437048.7	1366-1369	7
ENST00000437139.7	403-406	4
ENST00000437150.7	741-744	6
ENST00000437198.7	1446-1449	9
ENST00000438015.7	1161-1164	6
ENST00000438032.6	1494-1497	13
ENST00000438166.7	302-305	4
ENST00000438320.7	329-332	3
ENST00000438576.3	691-694	8
ENST00000438607.2	127-130	5
ENST00000438666.7	358-361	6
ENST00000438737.3	1903-1906	9
ENST00000438747.7	336-339	10
ENST00000438773.4	122-125	7
ENST00000438793.8	1863-1866	5
ENST00000438911.6	668-671	9
ENST00000438925.7	665-668	9
ENST00000438980.7	1052-1055	5
ENST00000438998.7	430-433	8
ENST00000439151.7	2573-2576	12
ENST00000439174.7	474-477	9
ENST00000439211.7	740-743	6
ENST00000439424.6	547-550	6
ENST00000439461.6	66-69	6
ENST00000439502.7	709-712	4
ENST00000439561.7	876-879	8
ENST00000439602.7	282-285	9
ENST00000439958.8	129-132	17
ENST00000439977.7	1072-1075	7
ENST00000440232.7	939-942	13
ENST00000440378.6	594-597	7
ENST00000440411.8	2947-2950	6
ENST00000440460.7	1096-1099	5
ENST00000440486.8	2024-2027	6
ENST00000440859.8	688-691	9
ENST00000440863.7	714-717	11
ENST00000440869.7	484-487	9
ENST00000440940.7	828-831	13
ENST00000440944.6	616-619	6
ENST00000440978.2	1607-1610	14
ENST00000441076.7	741-744	6
ENST00000441174.8	280-283	7
ENST00000441222.8	919-922	5
ENST00000441236.3	1958-1961	4
ENST00000441310.7	2465-2468	5
ENST00000441322.6	717-720	8
ENST00000441448.7	930-933	10
ENST00000441493.7	1822-1825	9
ENST00000441788.7	906-909	4
ENST00000441802.7	6577-6580	11
ENST00000441876.7	1318-1321	4
ENST00000442039.3	411-414	4
ENST00000442196.8	1675-1678	9
ENST00000442218.3	133-136	3
ENST00000442234.6	1795-1798	8
ENST00000442241.9	523-526	7
ENST00000442253.3	385-388	4
ENST00000442267.3	2728-2731	14
ENST00000442396.7	614-617	13
ENST00000442597.6	322-325	11
ENST00000442668.7	129-132	10
ENST00000442697.7	233-236	3
ENST00000442738.7	101-104	6
ENST00000442744.7	169-172	10
ENST00000442966.7	328-331	9
ENST00000442995.4	84-87	13
ENST00000443024.7	526-529	6
ENST00000443035.8	1825-1828	15
ENST00000443119.7	767-770	5
ENST00000443185.7	1234-1237	6
ENST00000443272.3	195-198	16
ENST00000443381.7	1541-1544	9
ENST00000443387.3	1637-1640	7
ENST00000443617.7	7600-7603	7
ENST00000443786.3	1917-1920	6
ENST00000444024.3	1250-1253	6
ENST00000444122.3	459-462	5
ENST00000444129.7	1957-1960	5
ENST00000444328.7	889-892	5
ENST00000444614.8	615-618	14
ENST00000444643.8	922-925	9
ENST00000444659.6	1151-1154	5
ENST00000444746.7	7321-7324	14
ENST00000445061.6	443-446	9
ENST00000445177.6	1330-1333	11
ENST00000445323.7	1719-1722	7
ENST00000445716.6	270-273	6
ENST00000445755.7	177-180	4
ENST00000445877.6	281-284	4
ENST00000445902.3	1596-1599	6
ENST00000445930.7	878-881	7
ENST00000446050.7	703-706	8
ENST00000446113.7	1924-1927	7
ENST00000446176.7	436-439	11
ENST00000446197.8	847-850	9
ENST00000446231.7	4579-4582	19
ENST00000446465.3	617-620	9
ENST00000446526.8	1014-1017	9
ENST00000446597.6	1395-1398	6
ENST00000446859.7	746-749	5
ENST00000446868.8	383-386	4
ENST00000446961.4	545-548	3
ENST00000447079.6	3292-3295	10
ENST00000447146.7	276-279	12
ENST00000447266.7	816-819	17
ENST00000447388.8	322-325	7
ENST00000447393.6	2025-2028	5
ENST00000447513.7	680-683	5
ENST00000447540.6	4307-4310	5
ENST00000447601.7	1045-1048	3
ENST00000447648.7	1862-1865	7
ENST00000447712.7	2246-2249	8
ENST00000447750.7	305-308	6
ENST00000447906.8	1471-1474	11
ENST00000447944.7	1017-1020	10
ENST00000447966.7	1327-1330	9
ENST00000447998.7	513-516	7
ENST00000448108.7	954-957	5
ENST00000448116.7	1250-1253	14
ENST00000448120.7	903-906	7
ENST00000448223.7	3193-3196	8
ENST00000448276.7	881-884	8
ENST00000448281.7	2553-2556	11
ENST00000448299.7	1135-1138	9
ENST00000448469.8	1651-1654	4
ENST00000448521.6	1044-1047	12
ENST00000448552.7	419-422	6
ENST00000448666.7	1707-1710	12
ENST00000448790.7	741-744	12
ENST00000448841.7	790-793	5
ENST00000448903.7	1991-1994	8
ENST00000449022.7	3765-3768	5
ENST00000449058.7	1370-1373	6
ENST00000449105.8	1412-1415	4
ENST00000449191.1	434-437	3
ENST00000449309.2	1962-1965	6
ENST00000449352.7	368-371	7
ENST00000449428.7	238-241	10
ENST00000449592.7	297-300	7
ENST00000449606.7	883-886	4
ENST00000449726.6	1674-1677	4
ENST00000449934.7	821-824	6
ENST00000449938.7	2241-2244	9
ENST00000450053.8	4657-4660	15
ENST00000450056.7	161-164	6
ENST00000450114.7	351-354	10
ENST00000450136.2	1655-1658	12
ENST00000450142.7	856-859	5
ENST00000450253.7	321-324	5
ENST00000450366.7	597-600	7
ENST00000450525.7	521-524	9
ENST00000450536.7	1399-1402	12
ENST00000450673.4	309-312	8
ENST00000450689.7	867-870	6
ENST00000450708.7	646-649	5
ENST00000450735.7	1169-1172	6
ENST00000450791.8	355-358	14
ENST00000450824.7	1480-1483	9
ENST00000450845.7	92-95	7
ENST00000451249.7	47-50	5
ENST00000451270.7	64-67	4
ENST00000451315.7	549-552	12
ENST00000451429.8	595-598	8
ENST00000451739.7	1025-1028	5
ENST00000451782.7	2922-2925	7
ENST00000451899.7	353-356	4
ENST00000451997.6	1876-1879	16
ENST00000452027.3	340-343	11
ENST00000452070.6	487-490	7
ENST00000452135.7	1198-1201	7
ENST00000452236.3	2690-2693	6
ENST00000452361.5	518-521	9
ENST00000452400.7	2567-2570	17
ENST00000452510.7	2398-2401	12
ENST00000452671.7	956-959	7
ENST00000452733.7	160-163	18
ENST00000452837.7	685-688	11
ENST00000452918.7	2216-2219	13
ENST00000453061.7	1023-1026	5
ENST00000453153.7	2547-2550	7
ENST00000453190.7	1472-1475	10
ENST00000453200.6	1773-1776	9
ENST00000453269.7	1534-1537	6
ENST00000453321.8	1212-1215	6
ENST00000453372.7	1458-1461	8
ENST00000453386.7	412-415	7
ENST00000453424.7	359-362	14
ENST00000453514.6	720-723	6
ENST00000453744.7	640-643	4
ENST00000453848.7	2811-2814	14
ENST00000453943.6	219-222	9
ENST00000453960.7	1486-1489	4
ENST00000453996.7	673-676	7
ENST00000454207.2	419-422	3
ENST00000454349.7	4531-4534	8
ENST00000454366.2	305-308	5
ENST00000454376.7	652-655	23
ENST00000454389.6	1014-1017	8
ENST00000454402.7	677-680	8
ENST00000454422.2	223-226	8
ENST00000454678.7	1995-1998	4
ENST00000454682.6	6255-6258	17
ENST00000454859.8	369-372	9
ENST00000455036.8	2349-2352	7
ENST00000455127.7	228-231	3
ENST00000455140.7	1105-1108	9
ENST00000455146.8	869-872	6
ENST00000455385.7	560-563	11
ENST00000455511.9	444-447	8
ENST00000455537.7	2805-2808	6
ENST00000455566.6	573-576	7
ENST00000455785.7	447-450	3
ENST00000455809.6	978-981	5
ENST00000455833.7	1121-1124	4
ENST00000455895.7	681-684	8
ENST00000456197.2	722-725	12
ENST00000456247.7	1169-1172	6
ENST00000456283.7	1411-1414	5
ENST00000456315.7	2192-2195	10
ENST00000456318.6	1210-1213	12
ENST00000456397.7	256-259	4
ENST00000456430.6	83-86	6
ENST00000456471.3	652-655	12
ENST00000456790.2	318-321	4
ENST00000456849.2	1115-1118	8
ENST00000456909.6	1995-1998	5
ENST00000456914.7	1224-1227	5
ENST00000456935.7	1982-1985	10
ENST00000456936.4	481-484	3
ENST00000457167.9	905-908	7
ENST00000457308.6	331-334	5
ENST00000457354.7	475-478	8
ENST00000457408.7	274-277	8
ENST00000457734.7	681-684	7
ENST00000457928.7	654-657	15
ENST00000458013.7	1292-1295	17
ENST00000458035.3	1158-1161	9
ENST00000458128.3	246-249	9
ENST00000458143.7	1581-1584	10
ENST00000458198.3	186-189	10
ENST00000458385.7	869-872	6
ENST00000458493.6	493-496	11
ENST00000458549.7	1171-1174	4
ENST00000458591.7	1289-1292	8
ENST00000458659.3	3214-3217	19
ENST00000460006.6	553-556	6
ENST00000460680.6	325-328	13
ENST00000460698.7	1295-1298	6
ENST00000460843.6	3318-3321	5
ENST00000460851.6	1321-1324	9
ENST00000461393.7	832-835	6
ENST00000461988.6	170-173	15
ENST00000462069.6	410-413	8
ENST00000462138.6	407-410	6
ENST00000462683.6	541-544	10
ENST00000462790.8	41-44	4
ENST00000463745.6	703-706	2
ENST00000463937.1	703-706	16
ENST00000464233.6	3060-3063	11
ENST00000464506.2	480-483	5
ENST00000464845.6	322-325	9
ENST00000464848.5	1565-1568	9
ENST00000464889.7	683-686	8
ENST00000464942.7	47-50	4
ENST00000465093.6	1510-1513	5
ENST00000465139.6	609-612	9
ENST00000465148.3	484-487	4
ENST00000465271.6	448-451	2
ENST00000465647.6	1373-1376	7
ENST00000465995.6	89-92	10
ENST00000466246.7	449-452	8
ENST00000466271.3	1123-1126	5
ENST00000466444.7	88-91	5
ENST00000466681.2	356-359	11
ENST00000466830.6	391-394	11
ENST00000467963.6	1548-1551	10
ENST00000468148.6	1349-1352	3
ENST00000468695.6	153-156	5
ENST00000468812.6	128-131	7
ENST00000469044.6	272-275	7
ENST00000469257.2	388-391	7
ENST00000469408.6	432-435	9
ENST00000470487.6	1389-1392	5
ENST00000470747.4	679-682	9
ENST00000471115.6	548-551	13
ENST00000471229.7	1441-1444	3
ENST00000471389.6	374-377	6
ENST00000471583.6	833-836	6
ENST00000471696.6	180-183	11
ENST00000471841.6	244-247	5
ENST00000471932.6	1942-1945	5
ENST00000471951.7	116-119	7
ENST00000472174.7	219-222	3
ENST00000472484.6	642-645	5
ENST00000472487.6	376-379	8
ENST00000472726.3	1639-1642	23
ENST00000473414.6	360-363	9
ENST00000473835.7	1226-1229	20
ENST00000473968.7	1480-1483	7
ENST00000473989.8	1928-1931	6
ENST00000474627.8	914-917	6
ENST00000474796.2	813-816	9
ENST00000474844.6	425-428	13
ENST00000474879.7	690-693	12
ENST00000474889.6	1257-1260	6
ENST00000474897.6	1001-1004	12
ENST00000475153.6	2018-2021	8
ENST00000475243.6	570-573	3
ENST00000475381.7	1262-1265	5
ENST00000476133.6	255-258	4
ENST00000476151.5	49-52	12
ENST00000476287.4	1249-1252	13
ENST00000476371.1	101-104	3
ENST00000476781.6	569-572	13
ENST00000476832.2	876-879	8
ENST00000476907.6	704-707	12
ENST00000476941.6	2653-2656	4
ENST00000476993.2	641-644	13
ENST00000477853.6	2115-2118	12
ENST00000477892.5	507-510	13
ENST00000478244.6	252-255	4
ENST00000478253.6	1139-1142	5
ENST00000478722.6	1794-1797	10
ENST00000478753.5	318-321	24
ENST00000479035.7	275-278	10
ENST00000479633.2	1363-1366	8
ENST00000479665.6	481-484	6
ENST00000479870.6	287-290	17
ENST00000479961.1	712-715	3
ENST00000480824.7	1132-1135	20
ENST00000480945.6	801-804	10
ENST00000481195.6	827-830	6
ENST00000481247.6	964-967	6
ENST00000481739.2	1224-1227	5
ENST00000481752.6	461-464	13
ENST00000481909.2	166-169	5
ENST00000482016.6	878-881	3
ENST00000483063.2	352-355	7
ENST00000483720.7	2169-2172	6
ENST00000483754.1	474-477	11
ENST00000483910.6	210-213	4
ENST00000484259.3	394-397	6
ENST00000484310.6	519-522	5
ENST00000484457.6	461-464	4
ENST00000484532.6	124-127	9
ENST00000484558.3	470-473	8
ENST00000484897.4	1048-1051	5
ENST00000484952.6	1631-1634	9
ENST00000485419.7	478-481	9
ENST00000485511.6	1275-1278	6
ENST00000485876.6	192-195	4
ENST00000485960.7	1895-1898	8
ENST00000485972.6	553-556	9
ENST00000486637.2	792-795	7
ENST00000486685.3	907-910	4
ENST00000486715.6	207-210	12
ENST00000486777.7	756-759	7
ENST00000487099.7	1146-1149	4
ENST00000487273.7	595-598	10
ENST00000487416.7	55-58	3
ENST00000487418.8	87-90	7
ENST00000487519.6	180-183	5
ENST00000487874.1	2339-2342	4
ENST00000488034.6	560-563	4
ENST00000488423.2	118-121	4
ENST00000488633.2	801-804	5
ENST00000489294.2	1170-1173	6
ENST00000489418.6	725-728	10
ENST00000489432.7	437-440	16
ENST00000489671.6	613-616	10
ENST00000490103.6	128-131	11
ENST00000490107.6	353-356	5
ENST00000490491.5	394-397	4
ENST00000491306.6	154-157	4
ENST00000491381.6	379-382	6
ENST00000491415.7	659-662	4
ENST00000491431.2	348-351	4
ENST00000491614.6	286-289	5
ENST00000491895.7	487-490	5
ENST00000492112.3	90-93	5
ENST00000492406.6	1235-1238	7
ENST00000492595.6	213-216	12
ENST00000492622.6	1622-1625	10
ENST00000493111.7	586-589	7
ENST00000493196.2	831-834	6
ENST00000493442.2	603-606	6
ENST00000493763.7	763-766	4
ENST00000494664.6	856-859	4
ENST00000494857.6	698-701	5
ENST00000495186.6	440-443	6
ENST00000495276.6	597-600	8
ENST00000495461.6	77-80	4
ENST00000495880.2	1453-1456	12
ENST00000495893.7	1923-1926	8
ENST00000496259.6	1061-1064	6
ENST00000496455.7	317-320	9
ENST00000496634.2	712-715	10
ENST00000496677.6	468-471	7
ENST00000496811.6	599-602	10
ENST00000496856.6	535-538	6
ENST00000497473.6	490-493	4
ENST00000497547.2	74-77	7
ENST00000497571.6	540-543	8
ENST00000498165.6	1038-1041	5
ENST00000498286.6	1423-1426	7
ENST00000498737.8	295-298	4
ENST00000498907.3	1023-1026	10
ENST00000498926.7	767-770	9
ENST00000499023.7	665-668	7
ENST00000499247.3	749-752	8
ENST00000499666.7	442-445	3
ENST00000499869.7	1462-1465	9
ENST00000500704.7	111-114	16
ENST00000500893.4	431-434	9
ENST00000502346.2	170-173	10
ENST00000502412.2	81-84	10
ENST00000502486.6	1041-1044	5
ENST00000502492.6	792-795	6
ENST00000502613.3	1091-1094	14
ENST00000502717.6	464-467	18
ENST00000502732.6	1117-1120	6
ENST00000502773.6	1355-1358	9
ENST00000502935.6	156-159	8
ENST00000502978.1	499-502	5
ENST00000503176.6	379-382	7
ENST00000503362.2	507-510	7
ENST00000503393.8	592-595	6
ENST00000503585.6	553-556	6
ENST00000503731.6	642-645	13
ENST00000503780.6	1032-1035	8
ENST00000503787.6	577-580	9
ENST00000504087.6	2064-2067	5
ENST00000504102.6	1338-1341	10
ENST00000504108.7	1996-1999	4
ENST00000504110.2	N/A	0
ENST00000504123.7	96-99	10
ENST00000504148.3	42-45	9
ENST00000504154.6	2196-2199	10
ENST00000504156.7	204-207	15
ENST00000504169.2	468-471	6
ENST00000504329.1	535-538	13
ENST00000504548.4	1813-1816	12
ENST00000504771.3	465-468	11
ENST00000504921.7	1731-1734	7
ENST00000504924.6	181-184	3
ENST00000504986.6	695-698	3
ENST00000505019.6	3230-3233	12
ENST00000505065.2	811-814	2
ENST00000505242.6	1154-1157	5
ENST00000505459.6	327-330	3
ENST00000505490.3	762-765	5
ENST00000505560.5	1005-1008	5
ENST00000505658.6	298-301	4
ENST00000505667.6	3024-3027	14
ENST00000505747.6	322-325	6
ENST00000506184.7	1280-1283	13
ENST00000506447.5	704-707	13
ENST00000506455.6	322-325	5
ENST00000506502.2	1506-1509	8
ENST00000507110.6	952-955	5
ENST00000507142.6	699-702	8
ENST00000507166.5	402-405	9
ENST00000507489.2	1637-1640	7
ENST00000507544.3	610-613	4
ENST00000507656.6	293-296	5
ENST00000507754.9	227-230	7
ENST00000508164.6	492-495	5
ENST00000508593.6	2243-2246	5
ENST00000508596.6	2987-2990	5
ENST00000508775.6	1013-1016	7
ENST00000508803.6	1862-1865	10
ENST00000508821.6	216-219	4
ENST00000509018.6	247-250	16
ENST00000509437.6	312-315	6
ENST00000509910.2	22-25	5
ENST00000510025.7	163-166	9
ENST00000510168.6	839-842	14
ENST00000510461.6	234-237	10
ENST00000510585.3	419-422	3
ENST00000510644.6	849-852	8
ENST00000510708.6	54-57	4
ENST00000511320.6	147-150	7
ENST00000511437.6	399-402	7
ENST00000511664.6	1894-1897	6
ENST00000511685.6	1086-1089	14
ENST00000511689.6	392-395	8
ENST00000511833.3	197-200	7
ENST00000511912.6	521-524	7
ENST00000512123.4	2748-2751	6
ENST00000512528.3	126-129	4
ENST00000512576.3	968-971	18
ENST00000512733.5	985-988	13
ENST00000512737.6	274-277	13
ENST00000512805.6	766-769	8
ENST00000512944.6	855-858	11
ENST00000513185.3	1155-1158	5
ENST00000513440.6	423-426	9
ENST00000513458.9	468-471	3
ENST00000513610.6	1737-1740	17
ENST00000513710.4	1225-1228	8
ENST00000513761.6	829-832	11
ENST00000513973.6	956-959	5
ENST00000514213.7	2553-2556	14
ENST00000514667.1	4796-4799	12
ENST00000514747.6	2406-2409	5
ENST00000515279.6	1574-1577	12
ENST00000515673.7	1660-1663	4
ENST00000515837.7	99-102	7
ENST00000517309.6	538-541	8
ENST00000517392.6	840-843	14
ENST00000517395.6	1765-1768	8
ENST00000517399.3	710-713	5
ENST00000517490.6	857-860	8
ENST00000517562.3	430-433	6
ENST00000517566.7	2551-2554	6
ENST00000517956.5	267-270	5
ENST00000517970.6	1875-1878	6
ENST00000518156.3	1085-1088	9
ENST00000518297.6	1320-1323	9
ENST00000518321.6	329-332	8
ENST00000518322.6	416-419	6
ENST00000518721.6	3575-3578	10
ENST00000518738.2	881-884	6
ENST00000518937.6	346-349	4
ENST00000519065.6	1371-1374	6
ENST00000519262.6	813-816	5
ENST00000519289.1	1455-1458	6
ENST00000519374.6	171-174	7
ENST00000519520.7	1926-1929	6
ENST00000519638.3	939-942	5
ENST00000519676.6	438-441	3
ENST00000519718.2	534-537	5
ENST00000519728.6	454-457	10
ENST00000519948.4	554-557	7
ENST00000519973.6	185-188	6
ENST00000520242.6	432-435	3
ENST00000520262.6	693-696	5
ENST00000520429.6	175-178	16
ENST00000520468.7	115-118	3
ENST00000520539.6	8731-8734	10
ENST00000520547.4	501-504	13
ENST00000520560.6	1840-1843	6
ENST00000520810.6	2346-2349	4
ENST00000521022.6	1437-1440	6
ENST00000521198.7	1062-1065	6
ENST00000521288.2	202-205	7
ENST00000521381.6	2347-2350	6
ENST00000521389.6	351-354	10
ENST00000521508.2	1305-1308	8
ENST00000521545.7	375-378	6
ENST00000521591.6	224-227	15
ENST00000521604.7	971-974	12
ENST00000521654.7	1275-1278	9
ENST00000521688.6	293-296	3
ENST00000521776.2	1495-1498	15
ENST00000521861.6	533-536	6
ENST00000521913.7	1126-1129	9
ENST00000521988.6	549-552	3
ENST00000522212.6	407-410	7
ENST00000522362.7	1224-1227	9
ENST00000522514.6	313-316	4
ENST00000522557.2	1488-1491	7
ENST00000522677.8	647-650	6
ENST00000522782.6	1000-1003	10
ENST00000522938.5	988-991	6
ENST00000523037.6	581-584	7
ENST00000523111.7	432-435	7
ENST00000523189.6	982-985	6
ENST00000523377.2	49-52	3
ENST00000523505.3	919-922	6
ENST00000523638.6	1879-1882	5
ENST00000523731.6	2758-2761	19
ENST00000524300.6	1124-1127	6
ENST00000524782.6	35-38	9
ENST00000524803.6	992-995	6
ENST00000524821.6	201-204	4
ENST00000524958.6	350-353	3
ENST00000525428.6	611-614	4
ENST00000525566.6	480-483	8
ENST00000525621.6	1284-1287	9
ENST00000525634.6	110-113	3
ENST00000525680.6	256-259	6
ENST00000525815.6	305-308	6
ENST00000526049.6	623-626	13
ENST00000526104.6	2731-2734	13
ENST00000526596.2	2023-2026	5
ENST00000526627.2	380-383	2
ENST00000526639.3	648-651	5
ENST00000526683.6	1566-1569	7
ENST00000526926.6	1044-1047	9
ENST00000526991.3	438-441	6
ENST00000526995.6	1315-1318	7
ENST00000527372.7	1169-1172	11
ENST00000527424.6	147-150	5
ENST00000527447.2	1211-1214	8
ENST00000527614.6	334-337	8
ENST00000527673.2	62-65	5
ENST00000527733.7	2788-2791	12
ENST00000527958.6	259-262	4
ENST00000528080.6	728-731	5
ENST00000528157.7	490-493	7
ENST00000528405.1	36-39	3
ENST00000528416.6	512-515	16
ENST00000528667.7	2906-2909	13
ENST00000528718.6	858-861	5
ENST00000528838.6	1585-1588	10
ENST00000528841.6	1293-1296	9
ENST00000528848.3	197-200	12
ENST00000528896.7	474-477	13
ENST00000528957.6	1017-1020	6
ENST00000529006.7	3588-3591	6
ENST00000529010.6	383-386	12
ENST00000529221.6	1827-1830	8
ENST00000529230.6	5900-5903	7
ENST00000529639.6	155-158	5
ENST00000529689.6	437-440	5
ENST00000530028.3	355-358	5
ENST00000530122.1	795-798	5
ENST00000530167.2	347-350	12
ENST00000530340.6	1026-1029	3
ENST00000530349.2	597-600	3
ENST00000530374.6	877-880	9
ENST00000530393.6	699-702	7
ENST00000530611.1	658-661	10
ENST00000530705.6	396-399	5
ENST00000530758.2	192-195	3
ENST00000530997.7	829-832	16
ENST00000531120.6	282-285	8
ENST00000531188.6	588-591	6
ENST00000531224.6	362-365	20
ENST00000531273.6	1092-1095	11
ENST00000531738.6	2707-2710	6
ENST00000531863.6	991-994	7
ENST00000532059.6	1193-1196	13
ENST00000532090.3	1912-1915	7
ENST00000532097.6	83-86	9
ENST00000532219.5	1083-1086	11
ENST00000532287.6	562-565	9
ENST00000532414.3	1892-1895	7
ENST00000532485.6	230-233	6
ENST00000532699.1	200-203	4
ENST00000532777.6	485-488	5
ENST00000532942.5	764-767	5
ENST00000533028.8	191-194	6
ENST00000533050.6	140-143	5
ENST00000533211.6	7720-7723	11
ENST00000533213.7	1404-1407	12
ENST00000533244.6	161-164	4
ENST00000533544.6	679-682	11
ENST00000533608.7	1498-1501	9
ENST00000533632.6	678-681	3
ENST00000533655.6	515-518	12
ENST00000533682.2	559-562	6
ENST00000533683.7	712-715	7
ENST00000534000.6	437-440	5
ENST00000534025.6	564-567	5
ENST00000534064.6	289-292	13
ENST00000534312.5	245-248	8
ENST00000534313.6	1286-1289	9
ENST00000534324.6	313-316	8
ENST00000534355.6	228-231	19
ENST00000534358.8	552-555	12
ENST00000534548.7	584-587	18
ENST00000534624.6	1524-1527	6
ENST00000534854.7	377-380	12
ENST00000534898.9	642-645	3
ENST00000534980.7	1660-1663	11
ENST00000535032.7	254-257	5
ENST00000535342.7	292-295	7
ENST00000535456.7	737-740	6
ENST00000535612.6	1274-1277	8
ENST00000535784.7	899-902	9
ENST00000535829.6	927-930	3
ENST00000535844.1	687-690	9
ENST00000535902.6	520-523	8
ENST00000535923.6	334-337	5
ENST00000536163.6	1213-1216	5
ENST00000536226.2	178-181	8
ENST00000536435.7	2902-2905	9
ENST00000536441.7	792-795	10
ENST00000536442.6	1121-1124	8
ENST00000536681.8	1542-1545	8
ENST00000537098.8	1148-1151	4
ENST00000537235.2	1482-1485	14
ENST00000537328.6	179-182	5
ENST00000537384.6	571-574	5
ENST00000537505.6	335-338	14
ENST00000537686.6	1990-1993	8
ENST00000538039.6	1740-1743	10
ENST00000538183.7	176-179	7
ENST00000538426.6	406-409	8
ENST00000538716.7	699-702	4
ENST00000538862.7	440-443	8
ENST00000538924.7	467-470	5
ENST00000538936.7	674-677	4
ENST00000539111.7	1202-1205	7
ENST00000539276.7	1308-1311	14
ENST00000539294.6	728-731	12
ENST00000539354.6	2009-2012	13
ENST00000539542.6	7758-7761	9
ENST00000539652.1	454-457	4
ENST00000539719.6	1301-1304	4
ENST00000539909.6	211-214	6
ENST00000539966.6	1188-1191	10
ENST00000540167.6	2190-2193	6
ENST00000540200.6	364-367	9
ENST00000540220.6	123-126	2
ENST00000540385.2	1118-1121	14
ENST00000540732.3	1453-1456	5
ENST00000540801.6	4500-4503	6
ENST00000541036.6	510-513	10
ENST00000541212.6	379-382	5
ENST00000541284.6	1890-1893	6
ENST00000541515.3	949-952	6
ENST00000541587.6	410-413	3
ENST00000541638.6	525-528	5
ENST00000541669.6	190-193	6
ENST00000541970.6	842-845	9
ENST00000542104.6	330-333	5
ENST00000542230.7	622-625	5
ENST00000542267.7	1469-1472	5
ENST00000542527.7	374-377	6
ENST00000542569.6	244-247	7
ENST00000542575.6	641-644	11
ENST00000542838.6	2906-2909	5
ENST00000543095.7	162-165	11
ENST00000543155.6	375-378	3
ENST00000543175.5	618-621	6
ENST00000543341.7	283-286	9
ENST00000543431.6	1238-1241	16
ENST00000543473.2	548-551	5
ENST00000543571.6	2931-2934	6
ENST00000543796.6	86-89	3
ENST00000544040.7	2255-2258	13
ENST00000544216.8	424-427	12
ENST00000544301.7	1139-1142	6
ENST00000544440.7	1051-1054	10
ENST00000544547.6	843-846	4
ENST00000544604.7	2697-2700	7
ENST00000544612.6	199-202	5
ENST00000544844.6	228-231	6
ENST00000544916.6	2881-2884	7
ENST00000545279.6	1046-1049	6
ENST00000545287.7	1070-1073	6
ENST00000545606.6	1602-1605	7
ENST00000545712.7	669-672	5
ENST00000545797.7	1173-1176	10
ENST00000545805.6	338-341	9
ENST00000545856.8	2719-2722	8
ENST00000546148.6	241-244	10
ENST00000546333.1	54-57	3
ENST00000546361.7	2735-2738	11
ENST00000546463.6	1316-1319	7
ENST00000546815.6	832-835	9
ENST00000547026.6	174-177	4
ENST00000547530.7	1725-1728	5
ENST00000547754.6	982-985	5
ENST00000548065.7	384-387	5
ENST00000548249.6	1143-1146	8
ENST00000548278.2	1292-1295	5
ENST00000548925.6	360-363	5
ENST00000549115.7	281-284	4
ENST00000549518.6	2019-2022	9
ENST00000549578.6	453-456	12
ENST00000549701.6	2187-2190	6
ENST00000549884.6	5427-5430	10
ENST00000549920.6	209-212	6
ENST00000549921.6	1831-1834	6
ENST00000549982.6	252-255	4
ENST00000549987.1	150-153	8
ENST00000550164.6	763-766	10
ENST00000550412.5	133-136	5
ENST00000550487.6	86-89	5
ENST00000550697.6	307-310	6
ENST00000550735.7	1853-1856	4
ENST00000550804.6	2086-2089	6
ENST00000551295.7	2651-2654	8
ENST00000551964.6	665-668	9
ENST00000552283.6	280-283	8
ENST00000552810.6	2061-2064	7
ENST00000552864.6	806-809	5
ENST00000552918.6	1695-1698	9
ENST00000552951.7	400-403	6
ENST00000552981.6	764-767	8
ENST00000553110.8	78-81	2
ENST00000553300.6	726-729	6
ENST00000553458.6	1232-1235	9
ENST00000553532.6	1363-1366	10
ENST00000553612.6	1557-1560	4
ENST00000553645.7	540-543	3
ENST00000553851.3	30-33	3
ENST00000553935.6	2010-2013	6
ENST00000554659.6	203-206	7
ENST00000554922.6	4266-4269	8
ENST00000554943.6	1269-1272	9
ENST00000555028.7	100-103	3
ENST00000555044.6	347-350	11
ENST00000555055.6	441-444	7
ENST00000555181.6	160-163	4
ENST00000555238.6	2128-2131	13
ENST00000555265.6	371-374	11
ENST00000555523.6	335-338	3
ENST00000555531.1	90-93	3
ENST00000555572.1	779-782	13
ENST00000555619.6	298-301	11
ENST00000555661.6	460-463	7
ENST00000555846.2	1532-1535	7
ENST00000555938.1	255-258	9
ENST00000556029.6	1487-1490	7
ENST00000556143.6	1407-1410	7
ENST00000556147.6	1554-1557	6
ENST00000556440.7	2371-2374	8
ENST00000556492.6	799-802	5
ENST00000556529.4	250-253	5
ENST00000556816.6	463-466	6
ENST00000557154.6	385-388	6
ENST00000557185.6	1097-1100	7
ENST00000557258.6	1643-1646	8
ENST00000557385.2	1623-1626	19
ENST00000557395.5	162-165	5
ENST00000557413.6	900-903	4
ENST00000557421.7	161-164	5
ENST00000557565.1	645-648	3
ENST00000557658.6	452-455	8
ENST00000557942.6	567-570	9
ENST00000557943.6	783-786	11
ENST00000558468.2	616-619	4
ENST00000558518.6	1511-1514	6
ENST00000558530.1	327-330	4
ENST00000559228.6	346-349	7
ENST00000559447.8	4658-4661	11
ENST00000559471.6	3219-3222	6
ENST00000559596.6	485-488	9
ENST00000559717.6	620-623	10
ENST00000559844.6	731-734	7
ENST00000560031.6	1021-1024	5
ENST00000560079.7	1024-1027	9
ENST00000560891.6	6157-6160	7
ENST00000561208.6	1881-1884	7
ENST00000561421.6	959-962	5
ENST00000561678.7	1906-1909	14
ENST00000561878.2	140-143	9
ENST00000562103.2	605-608	12
ENST00000562188.7	936-939	5
ENST00000562435.6	1215-1218	6
ENST00000562787.6	1768-1771	5
ENST00000562833.2	1885-1888	17
ENST00000563197.6	256-259	11
ENST00000563281.2	2554-2557	10
ENST00000563290.6	440-443	10
ENST00000563588.6	621-624	8
ENST00000563594.6	338-341	10
ENST00000563694.6	943-946	8
ENST00000564079.6	425-428	13
ENST00000564536.2	396-399	10
ENST00000564657.2	2382-2385	7
ENST00000564754.7	1706-1709	11
ENST00000564996.6	536-539	5
ENST00000565263.6	1378-1381	8
ENST00000565488.6	754-757	10
ENST00000566157.6	146-149	12
ENST00000566228.6	1120-1123	4
ENST00000566339.6	460-463	4
ENST00000566621.6	436-439	12
ENST00000566732.6	514-517	8
ENST00000566780.6	179-182	9
ENST00000567572.6	354-357	5
ENST00000567695.6	647-650	5
ENST00000567954.6	344-347	3
ENST00000568000.6	841-844	7
ENST00000568546.6	2461-2464	8
ENST00000568733.6	109-112	10
ENST00000568954.5	2944-2947	6
ENST00000569360.1	596-599	5
ENST00000569417.6	390-393	15
ENST00000569529.6	543-546	5
ENST00000569622.6	187-190	7
ENST00000569669.6	1070-1073	17
ENST00000570010.6	1189-1192	4
ENST00000570646.6	464-467	9
ENST00000571133.6	1383-1386	10
ENST00000571730.1	662-665	9
ENST00000571841.1	234-237	11
ENST00000571995.6	417-420	5
ENST00000572195.3	89-92	5
ENST00000572293.7	2510-2513	11
ENST00000572447.6	774-777	4
ENST00000572467.5	3177-3180	14
ENST00000572919.1	726-729	10
ENST00000573034.8	3070-3073	11
ENST00000573035.6	2753-2756	6
ENST00000573283.7	717-720	7
ENST00000573331.5	118-121	4
ENST00000573584.6	549-552	12
ENST00000574322.6	705-708	8
ENST00000574428.6	687-690	10
ENST00000574538.2	1656-1659	5
ENST00000575771.6	459-462	4
ENST00000575882.6	488-491	7
ENST00000576479.4	1244-1247	11
ENST00000576634.6	220-223	13
ENST00000576892.8	519-522	4
ENST00000577809.6	568-571	11
ENST00000577830.6	806-809	4
ENST00000578049.4	259-262	6
ENST00000578552.6	523-526	11
ENST00000578794.2	181-184	15
ENST00000578921.6	189-192	12
ENST00000578982.6	92-95	7
ENST00000579016.6	1138-1141	13
ENST00000579310.6	391-394	6
ENST00000579849.6	566-569	14
ENST00000579991.3	442-445	2
ENST00000580018.4	727-730	6
ENST00000580059.7	959-962	6
ENST00000580243.3	1326-1329	13
ENST00000580261.6	114-117	8
ENST00000580306.7	505-508	6
ENST00000581208.2	1154-1157	16
ENST00000581216.6	457-460	5
ENST00000581312.6	2697-2700	10
ENST00000581322.6	1549-1552	4
ENST00000581486.6	1438-1441	7
ENST00000582401.6	1324-1327	6
ENST00000582693.5	1122-1125	7
ENST00000582970.6	1965-1968	9
ENST00000583313.7	343-346	11
ENST00000583509.7	1484-1487	5
ENST00000583566.6	227-230	5
ENST00000583931.6	767-770	4
ENST00000584379.6	826-829	6
ENST00000584486.6	986-989	5
ENST00000584667.6	392-395	14
ENST00000584895.5	108-111	8
ENST00000585124.6	725-728	9
ENST00000585603.6	666-669	6
ENST00000585675.6	64-67	4
ENST00000585683.6	666-669	4
ENST00000585809.6	1038-1041	6
ENST00000585916.6	1152-1155	5
ENST00000585937.1	168-171	7
ENST00000586178.6	1932-1935	6
ENST00000586534.6	948-951	16
ENST00000586659.6	2751-2754	6
ENST00000586748.6	1014-1017	9
ENST00000586790.6	1417-1420	4
ENST00000587097.6	503-506	4
ENST00000587230.6	214-217	7
ENST00000587250.4	774-777	7
ENST00000587424.3	752-755	10
ENST00000587427.6	241-244	10
ENST00000587708.7	311-314	4
ENST00000587834.6	335-338	4
ENST00000587896.6	583-586	12
ENST00000588072.6	493-496	4
ENST00000588234.6	64-67	5
ENST00000588258.6	322-325	4
ENST00000588479.6	527-530	6
ENST00000588649.7	802-805	6
ENST00000588657.6	811-814	16
ENST00000588705.1	139-142	6
ENST00000588852.2	1377-1380	6
ENST00000589210.6	1964-1967	7
ENST00000589228.6	272-275	7
ENST00000589230.6	931-934	3
ENST00000589666.6	84-87	5
ENST00000590099.6	1018-1021	7
ENST00000590247.7	141-144	13
ENST00000590474.7	909-912	5
ENST00000590720.6	976-979	5
ENST00000590996.6	545-548	18
ENST00000591022.6	500-503	8
ENST00000591337.7	525-528	6
ENST00000591340.6	1693-1696	5
ENST00000591613.2	122-125	3
ENST00000591680.6	3651-3654	12
ENST00000591899.8	185-188	7
ENST00000592199.6	501-504	10
ENST00000592299.6	1145-1148	5
ENST00000592502.2	149-152	8
ENST00000592524.6	481-484	6
ENST00000592529.6	2163-2166	5
ENST00000592535.6	359-362	4
ENST00000592540.6	426-429	5
ENST00000592588.7	72-75	3
ENST00000592875.6	221-224	9
ENST00000593135.6	2386-2389	8
ENST00000593646.6	198-201	5
ENST00000593731.1	2225-2228	7
ENST00000593829.6	74-77	4
ENST00000593945.6	816-819	12
ENST00000594051.6	675-678	16
ENST00000594239.6	1314-1317	5
ENST00000594369.6	514-517	8
ENST00000594797.6	167-170	8
ENST00000594901.2	323-326	5
ENST00000595090.6	1234-1237	4
ENST00000595753.6	828-831	4
ENST00000595962.6	146-149	9
ENST00000596148.3	142-145	11
ENST00000596251.6	429-432	7
ENST00000596288.7	1595-1598	19
ENST00000596358.6	505-508	11
ENST00000596542.1	135-138	3
ENST00000596731.7	72-75	8
ENST00000597229.2	272-275	6
ENST00000598087.4	123-126	2
ENST00000598188.6	494-497	4
ENST00000598361.4	597-600	8
ENST00000598441.6	466-469	12
ENST00000598742.6	113-116	3
ENST00000599218.6	115-118	4
ENST00000599612.3	598-601	5
ENST00000599672.6	98-101	10
ENST00000599840.6	101-104	8
ENST00000600228.6	331-334	10
ENST00000600449.8	518-521	4
ENST00000600480.2	449-452	12
ENST00000600659.3	131-134	2
ENST00000600737.6	1170-1173	13
ENST00000600882.6	3805-3808	6
ENST00000601016.6	1100-1103	4
ENST00000602318.6	248-251	2
ENST00000602326.6	2734-2737	9
ENST00000602390.5	888-891	7
ENST00000602398.3	1395-1398	13
ENST00000602402.6	315-318	7
ENST00000602465.6	1237-1240	4
ENST00000602593.6	412-415	6
ENST00000602624.7	367-370	11
ENST00000602676.6	121-124	17
ENST00000602845.2	88-91	5
ENST00000602956.5	314-317	5
ENST00000603357.3	2729-2732	6
ENST00000603798.6	216-219	4
ENST00000604000.4	645-648	6
ENST00000604011.5	867-870	5
ENST00000604030.7	1465-1468	5
ENST00000604458.1	66-69	8
ENST00000604729.6	2259-2262	14
ENST00000605057.6	2988-2991	10
ENST00000605618.6	1494-1497	9
ENST00000605788.6	1861-1864	10
ENST00000605844.6	293-296	10
ENST00000605895.6	215-218	6
ENST00000605930.3	3926-3929	8
ENST00000605997.6	94-97	2
ENST00000606117.2	764-767	2
ENST00000606162.6	584-587	5
ENST00000606320.6	2061-2064	10
ENST00000606498.5	573-576	3
ENST00000606911.7	1868-1871	7
ENST00000607016.2	346-349	8
ENST00000607197.6	654-657	12
ENST00000607355.3	251-254	7
ENST00000607373.6	390-393	12
ENST00000607484.6	62-65	3
ENST00000607714.6	286-289	5
ENST00000607772.6	1981-1984	8
ENST00000607778.2	191-194	6
ENST00000607829.6	71-74	4
ENST00000608372.6	353-356	3
ENST00000608382.6	1274-1277	10
ENST00000608424.6	752-755	10
ENST00000608443.6	128-131	8
ENST00000608872.6	279-282	13
ENST00000608933.6	554-557	7
ENST00000609104.6	1779-1782	6
ENST00000609261.6	561-564	4
ENST00000609360.6	1780-1783	6
ENST00000609923.6	1042-1045	4
ENST00000609928.6	1027-1030	11
ENST00000610020.2	933-936	7
ENST00000610140.7	560-563	7
ENST00000610189.2	663-666	4
ENST00000610213.6	371-374	6
ENST00000610322.5	806-809	8
ENST00000610343.5	3689-3692	8
ENST00000610401.6	548-551	6
ENST00000610402.5	1858-1861	7
ENST00000610417.5	467-470	9
ENST00000610426.5	601-604	13
ENST00000610533.6	478-481	11
ENST00000610704.5	266-269	7
ENST00000610722.4	467-470	7
ENST00000610828.5	619-622	5
ENST00000610854.2	742-745	13
ENST00000610935.2	233-236	11
ENST00000611091.5	1015-1018	5
ENST00000611405.5	319-322	17
ENST00000611582.5	1153-1156	9
ENST00000611716.5	829-832	5
ENST00000611820.5	4159-4162	6
ENST00000611875.5	1077-1080	7
ENST00000611884.5	371-374	9
ENST00000611957.5	175-178	7
ENST00000611969.5	130-133	2
ENST00000612223.5	3399-3402	14
ENST00000612363.2	254-257	3
ENST00000612501.2	257-260	10
ENST00000612549.6	1253-1256	5
ENST00000612612.5	134-137	8
ENST00000612661.2	1145-1148	14
ENST00000612750.5	598-601	4
ENST00000612753.5	563-566	6
ENST00000612814.5	1013-1016	6
ENST00000612905.2	843-846	6
ENST00000612932.6	425-428	9
ENST00000613102.5	2010-2013	12
ENST00000613122.5	2002-2005	6
ENST00000613206.2	2686-2689	5
ENST00000613252.5	1128-1131	7
ENST00000613296.6	9726-9729	9
ENST00000613478.2	345-348	5
ENST00000613503.5	476-479	9
ENST00000613509.2	888-891	6
ENST00000613537.5	261-264	12
ENST00000613675.5	424-427	13
ENST00000613694.5	513-516	7
ENST00000614034.5	1171-1174	3
ENST00000614302.5	1589-1592	6
ENST00000614355.5	4445-4448	16
ENST00000614443.2	1286-1289	8
ENST00000614479.5	1966-1969	9
ENST00000614556.5	1131-1134	6
ENST00000614558.3	2307-2310	6
ENST00000614616.5	5684-5687	15
ENST00000614623.5	523-526	16
ENST00000614628.5	313-316	8
ENST00000614766.5	1113-1116	5
ENST00000614790.5	609-612	4
ENST00000614830.5	545-548	4
ENST00000614987.5	2220-2223	7
ENST00000615052.5	706-709	6
ENST00000615182.5	800-803	12
ENST00000615189.5	324-327	8
ENST00000615234.5	84-87	5
ENST00000615277.5	3292-3295	6
ENST00000615331.5	3845-3848	9
ENST00000615383.5	653-656	10
ENST00000615550.5	174-177	4
ENST00000615612.2	1200-1203	4
ENST00000615637.3	634-637	6
ENST00000615665.5	286-289	6
ENST00000615891.2	609-612	8
ENST00000616016.5	2405-2408	7
ENST00000616080.2	1411-1414	12
ENST00000616140.2	88-91	9
ENST00000616305.2	353-356	7
ENST00000616317.5	5859-5862	10
ENST00000616407.2	2818-2821	8
ENST00000616435.5	634-637	4
ENST00000616448.2	1028-1031	11
ENST00000616540.5	981-984	13
ENST00000616600.5	240-243	12
ENST00000617190.5	1518-1521	7
ENST00000617231.5	34-37	18
ENST00000617257.2	797-800	9
ENST00000617285.5	1750-1753	11
ENST00000617316.2	835-838	5
ENST00000617444.5	1800-1803	5
ENST00000617445.5	719-722	3
ENST00000617501.5	1030-1033	6
ENST00000617516.5	824-827	6
ENST00000617533.5	2550-2553	10
ENST00000617596.5	668-671	9
ENST00000617633.5	32-35	9
ENST00000617875.6	3166-3169	13
ENST00000617928.5	787-790	8
ENST00000617979.5	644-647	6
ENST00000618139.4	1795-1798	11
ENST00000618156.5	588-591	8
ENST00000618172.5	2310-2313	11
ENST00000618183.5	535-538	9
ENST00000618282.5	463-466	10
ENST00000618403.5	470-473	6
ENST00000618655.2	839-842	20
ENST00000618691.5	508-511	12
ENST00000618819.5	1901-1904	6
ENST00000618852.5	819-822	7
ENST00000619039.5	189-192	6
ENST00000619189.5	2044-2047	4
ENST00000619360.6	1018-1021	5
ENST00000619387.5	1828-1831	12
ENST00000619426.5	212-215	7
ENST00000619571.5	1375-1378	6
ENST00000619594.5	114-117	4
ENST00000619706.5	1288-1291	17
ENST00000619850.2	1208-1211	9
ENST00000619898.5	390-393	3
ENST00000619929.5	2190-2193	4
ENST00000620225.5	283-286	5
ENST00000620254.5	3018-3021	5
ENST00000620284.5	64-67	4
ENST00000620514.2	203-206	4
ENST00000620518.5	353-356	7
ENST00000620676.6	299-302	8
ENST00000620761.6	952-955	6
ENST00000620786.5	3924-3927	5
ENST00000620827.6	1746-1749	8
ENST00000620954.2	250-253	6
ENST00000621129.5	260-263	6
ENST00000621161.5	1501-1504	15
ENST00000621281.1	438-441	10
ENST00000621332.5	501-504	6
ENST00000621441.5	1004-1007	4
ENST00000621469.5	251-254	22
ENST00000621525.4	432-435	13
ENST00000621533.5	578-581	9
ENST00000621632.5	1721-1724	10
ENST00000621676.5	1392-1395	8
ENST00000621696.5	1002-1005	9
ENST00000621775.2	1757-1760	5
ENST00000621999.5	838-841	6
ENST00000622132.5	1936-1939	6
ENST00000622186.5	331-334	5
ENST00000622211.4	1874-1877	14
ENST00000622306.5	336-339	17
ENST00000622495.5	1067-1070	8
ENST00000622602.2	355-358	3
ENST00000622633.5	45-48	4
ENST00000622694.5	369-372	6
ENST00000622789.5	212-215	4
ENST00000623063.3	155-158	9
ENST00000623205.2	474-477	2
ENST00000623213.2	156-159	6
ENST00000623385.3	1501-1504	20
ENST00000623400.4	3811-3814	10
ENST00000623711.4	772-775	15
ENST00000624995.4	1645-1648	7
ENST00000625842.3	1714-1717	6
ENST00000626021.3	859-862	5
ENST00000626650.3	1816-1819	7
ENST00000627532.3	349-352	4
ENST00000628067.3	495-498	3
ENST00000628224.3	3037-3040	10
ENST00000630721.3	1719-1722	8
ENST00000633063.3	179-182	15
ENST00000634318.1	241-244	7
ENST00000634607.2	2897-2900	12
ENST00000635031.2	285-288	3
ENST00000635253.2	3719-3722	12
ENST00000635942.2	11381-11384	15
ENST00000636147.2	1382-1385	6
ENST00000636358.2	397-400	14
ENST00000636580.2	1095-1098	11
ENST00000636615.1	311-314	6
ENST00000636930.2	3567-3570	12
ENST00000637181.2	861-864	13
ENST00000637617.2	2933-2936	8
ENST00000637790.2	1015-1018	9
ENST00000637812.2	1337-1340	7
ENST00000637944.2	1021-1024	5
ENST00000638088.2	106-109	6
ENST00000638147.2	486-489	7
ENST00000638170.2	487-490	3
ENST00000638240.1	572-575	3
ENST00000638572.2	1036-1039	4
ENST00000638617.1	680-683	11
ENST00000638749.2	658-661	9
ENST00000638767.1	1938-1941	9
ENST00000638807.2	1147-1150	9
ENST00000639037.1	2173-2176	11
ENST00000639401.1	283-286	7
ENST00000639435.1	2301-2304	8
ENST00000639725.1	436-439	7
ENST00000639828.2	757-760	3
ENST00000639893.2	423-426	10
ENST00000640019.3	1231-1234	11
ENST00000640051.2	207-210	10
ENST00000640218.2	2267-2270	22
ENST00000640252.2	640-643	9
ENST00000640345.1	384-387	10
ENST00000640368.2	719-722	4
ENST00000640607.2	3332-3335	7
ENST00000640655.2	1137-1140	8
ENST00000640769.2	3098-3101	7
ENST00000640888.2	290-293	6
ENST00000640961.2	1173-1176	10
ENST00000641023.2	872-875	9
ENST00000641686.2	142-145	13
ENST00000641863.3	1593-1596	5
ENST00000642017.2	879-882	6
ENST00000642050.2	470-473	10
ENST00000642195.1	135-138	7
ENST00000642238.2	2358-2361	6
ENST00000642384.2	465-468	7
ENST00000642385.2	329-332	14
ENST00000642610.2	127-130	5
ENST00000642816.3	340-343	6
ENST00000642889.1	42-45	5
ENST00000642900.1	1729-1732	8
ENST00000642928.2	345-348	6
ENST00000643116.3	2770-2773	14
ENST00000643144.2	2020-2023	11
ENST00000643237.3	487-490	8
ENST00000643257.2	4136-4139	10
ENST00000643273.2	687-690	5
ENST00000643460.2	325-328	4
ENST00000643536.1	1565-1568	5
ENST00000643579.2	704-707	13
ENST00000643581.2	2880-2883	9
ENST00000643721.2	394-397	5
ENST00000643754.2	531-534	3
ENST00000643780.2	1829-1832	6
ENST00000643876.1	955-958	5
ENST00000643944.2	1877-1880	6
ENST00000644036.2	267-270	9
ENST00000644144.2	445-448	4
ENST00000644252.3	261-264	12
ENST00000644371.2	1093-1096	5
ENST00000644480.2	2222-2225	13
ENST00000644486.2	891-894	5
ENST00000644510.2	1522-1525	5
ENST00000644646.2	1154-1157	8
ENST00000644715.2	782-785	8
ENST00000644743.1	1454-1457	9
ENST00000644744.1	295-298	8
ENST00000644802.2	684-687	7
ENST00000644861.2	277-280	8
ENST00000644866.2	800-803	3
ENST00000644876.2	313-316	6
ENST00000644974.2	1795-1798	6
ENST00000645032.1	334-337	13
ENST00000645057.1	617-620	4
ENST00000645190.1	195-198	5
ENST00000645214.2	733-736	9
ENST00000645237.2	1445-1448	16
ENST00000645319.2	3105-3108	15
ENST00000645353.2	914-917	7
ENST00000645481.2	672-675	9
ENST00000645495.2	773-776	8
ENST00000645635.1	1864-1867	9
ENST00000645655.1	869-872	5
ENST00000645668.2	185-188	8
ENST00000645674.2	664-667	4
ENST00000645694.3	657-660	9
ENST00000645722.2	1288-1291	5
ENST00000645818.2	327-330	13
ENST00000645831.2	2166-2169	9
ENST00000645843.2	707-710	5
ENST00000645846.2	816-819	6
ENST00000646001.2	362-365	7
ENST00000646101.2	194-197	4
ENST00000646102.2	520-523	9
ENST00000646124.2	660-663	8
ENST00000646147.1	252-255	8
ENST00000646241.3	1236-1239	5
ENST00000646357.1	504-507	4
ENST00000646441.1	1574-1577	5
ENST00000646449.2	276-279	4
ENST00000646647.2	2167-2170	11
ENST00000646651.1	382-385	10
ENST00000646664.1	729-732	8
ENST00000646667.1	462-465	14
ENST00000646673.2	1373-1376	10
ENST00000646818.2	252-255	6
ENST00000646891.2	1261-1264	4
ENST00000646932.1	241-244	7
ENST00000647002.2	472-475	5
ENST00000647097.2	1271-1274	11
ENST00000647188.2	1322-1325	5
ENST00000647211.2	76-79	14
ENST00000647248.2	331-334	3
ENST00000647382.2	1652-1655	12
ENST00000647444.2	1251-1254	8
ENST00000647468.2	568-571	7
ENST00000647584.2	622-625	8
ENST00000647725.1	2896-2899	6
ENST00000647800.2	401-404	7
ENST00000647841.1	323-326	6
ENST00000647893.1	2431-2434	7
ENST00000647897.1	350-353	4
ENST00000647941.2	1403-1406	4
ENST00000647960.1	225-228	4
ENST00000648006.3	195-198	5
ENST00000648033.1	140-143	13
ENST00000648336.2	1375-1378	8
ENST00000648437.1	434-437	3
ENST00000648566.1	493-496	3
ENST00000648610.2	2243-2246	5
ENST00000648651.1	2449-2452	6
ENST00000648817.1	987-990	5
ENST00000648836.1	365-368	7
ENST00000648839.1	468-471	4
ENST00000648844.2	6477-6480	6
ENST00000648869.1	559-562	4
ENST00000648915.2	1384-1387	10
ENST00000648936.2	263-266	8
ENST00000648947.1	549-552	13
ENST00000648994.2	1196-1199	7
ENST00000649031.1	1013-1016	8
ENST00000649044.1	1041-1044	14
ENST00000649063.2	2040-2043	5
ENST00000649102.1	504-507	6
ENST00000649141.2	981-984	7
ENST00000649170.1	311-314	6
ENST00000649217.2	2102-2105	6
ENST00000649263.1	1134-1137	5
ENST00000649276.2	726-729	8
ENST00000649286.2	201-204	10
ENST00000649416.1	1105-1108	9
ENST00000649528.3	2527-2530	6
ENST00000649689.2	1598-1601	9
ENST00000649764.2	245-248	6
ENST00000649765.2	1418-1421	8
ENST00000649772.1	1089-1092	4
ENST00000649796.2	510-513	5
ENST00000649807.2	601-604	4
ENST00000649815.2	1872-1875	9
ENST00000649896.1	617-620	4
ENST00000649934.3	915-918	7
ENST00000649973.1	1237-1240	6
ENST00000650064.2	1434-1437	7
ENST00000650070.2	1626-1629	8
ENST00000650089.1	1943-1946	9
ENST00000650114.2	986-989	4
ENST00000650167.2	4221-4224	10
ENST00000650182.1	217-220	5
ENST00000650285.1	2582-2585	15
ENST00000650450.2	1404-1407	9
ENST00000650454.1	1104-1107	12
ENST00000650617.1	397-400	12
ENST00000650623.2	1950-1953	7
ENST00000650831.1	467-470	7
ENST00000650836.2	1731-1734	6
ENST00000650932.1	282-285	13
ENST00000650969.1	240-243	4
ENST00000651024.2	2650-2653	13
ENST00000651192.1	1012-1015	11
ENST00000651222.2	551-554	14
ENST00000651235.1	103-106	5
ENST00000651257.2	2107-2110	6
ENST00000651259.3	571-574	7
ENST00000651323.1	380-383	5
ENST00000651358.1	763-766	8
ENST00000651372.2	1530-1533	16
ENST00000651438.1	660-663	13
ENST00000651503.2	730-733	9
ENST00000651543.1	454-457	8
ENST00000651546.1	1557-1560	5
ENST00000651570.2	311-314	4
ENST00000651615.1	442-445	7
ENST00000651619.1	1114-1117	9
ENST00000651641.1	826-829	10
ENST00000651643.1	591-594	12
ENST00000651655.1	973-976	17
ENST00000651669.1	176-179	4
ENST00000651671.1	5674-5677	5
ENST00000651687.1	227-230	6
ENST00000651691.1	947-950	6
ENST00000651721.2	2865-2868	11
ENST00000651735.1	432-435	7
ENST00000651763.1	568-571	7
ENST00000651779.1	404-407	6
ENST00000651870.1	582-585	6
ENST00000651894.2	164-167	3
ENST00000651917.1	976-979	6
ENST00000651943.2	6251-6254	8
ENST00000651974.1	785-788	4
ENST00000651998.1	662-665	5
ENST00000652021.1	1255-1258	7
ENST00000652027.2	174-177	15
ENST00000652176.1	2138-2141	5
ENST00000652225.2	2263-2266	7
ENST00000652248.1	437-440	7
ENST00000652272.2	87-90	11
ENST00000652299.1	575-578	7
ENST00000652326.2	4338-4341	8
ENST00000652332.1	619-622	11
ENST00000652337.1	129-132	13
ENST00000652429.1	1011-1014	4
ENST00000652489.1	227-230	11
ENST00000652536.2	875-878	5
ENST00000652555.1	823-826	8
ENST00000652585.2	835-838	9
ENST00000652648.1	1189-1192	5
ENST00000652658.2	1337-1340	7
ENST00000652689.1	167-170	10
ENST00000652720.1	2960-2963	9
ENST00000653738.2	435-438	16
ENST00000656825.1	618-621	9
ENST00000658393.1	389-392	6
ENST00000661438.1	1300-1303	9
ENST00000661543.1	1838-1841	6
ENST00000662216.1	783-786	9
ENST00000663595.2	1099-1102	15
ENST00000667157.1	1806-1809	6
ENST00000668164.2	1447-1450	15
ENST00000669516.2	626-629	9
ENST00000671191.1	3361-3364	5
ENST00000671377.2	3210-3213	6
ENST00000671876.2	806-809	6
ENST00000672073.1	190-193	11
ENST00000672341.1	838-841	10
ENST00000672401.1	442-445	11
ENST00000672715.1	577-580	6
ENST00000672722.1	3659-3662	7
ENST00000672725.1	2177-2180	8
ENST00000672957.1	1135-1138	4
ENST00000672987.1	270-273	5
ENST00000673436.1	857-860	14
ENST00000673466.1	1468-1471	8
ENST00000673477.1	849-852	11
ENST00000673675.1	4785-4788	14
ENST00000673742.1	527-530	5
ENST00000673757.1	1864-1867	11
ENST00000673807.1	796-799	13
ENST00000673822.2	1107-1110	7
ENST00000673929.1	2382-2385	11
ENST00000673968.1	324-327	14
ENST00000674060.2	123-126	5
ENST00000674063.1	553-556	6
ENST00000674199.1	1663-1666	9
ENST00000674280.1	981-984	6
ENST00000674351.1	129-132	12
ENST00000674370.2	510-513	4
ENST00000674460.1	366-369	11
ENST00000674500.2	7317-7320	11
ENST00000674551.1	825-828	7
ENST00000674624.1	714-717	16
ENST00000674635.1	2908-2911	18
ENST00000674895.3	676-679	6
ENST00000674920.3	1071-1074	11
ENST00000674951.1	162-165	3
ENST00000674977.2	2058-2061	18
ENST00000675079.1	3558-3561	16
ENST00000675179.1	791-794	9
ENST00000675286.1	388-391	6
ENST00000675505.1	331-334	3
ENST00000675561.1	1521-1524	8
ENST00000675843.1	2643-2646	18
ENST00000675855.1	1014-1017	7
ENST00000675903.1	4271-4274	12
ENST00000676107.1	2273-2276	4
ENST00000676179.1	1435-1438	9
ENST00000676185.1	152-155	11
ENST00000676266.1	401-404	13
ENST00000676282.1	1567-1570	5
ENST00000676320.1	2049-2052	10
ENST00000676615.2	2564-2567	14
ENST00000676972.1	208-211	11
ENST00000677123.1	311-314	11
ENST00000677581.1	279-282	7
ENST00000677622.1	5604-5607	17
ENST00000677711.2	854-857	10
ENST00000677752.1	1183-1186	5
ENST00000678005.2	413-416	9
ENST00000678049.1	2427-2430	5
ENST00000678225.2	3640-3643	5
ENST00000678299.1	811-814	5
ENST00000678502.1	875-878	17
ENST00000678616.1	424-427	8
ENST00000679008.1	4054-4057	8
ENST00000679041.1	1046-1049	6
ENST00000679126.1	2106-2109	8
ENST00000679454.1	3668-3671	11
ENST00000679496.1	1430-1433	4
ENST00000679501.2	1739-1742	7
ENST00000679707.1	127-130	5
ENST00000679869.1	1583-1586	21
ENST00000680020.1	430-433	5
ENST00000680024.1	736-739	5
ENST00000680143.1	2583-2586	14
ENST00000680220.1	2419-2422	12
ENST00000680254.1	120-123	5
ENST00000680255.1	477-480	5
ENST00000680298.1	382-385	15
ENST00000680483.1	1108-1111	5
ENST00000680972.1	1778-1781	6
ENST00000681038.1	4418-4421	9
ENST00000681046.1	661-664	8
ENST00000681958.1	397-400	8
ENST00000681986.1	1062-1065	8
ENST00000682017.1	1178-1181	9
ENST00000682083.1	1415-1418	9
ENST00000682094.1	2263-2266	14
ENST00000682095.1	1087-1090	10
ENST00000682126.1	1449-1452	6
ENST00000682136.1	255-258	5
ENST00000682144.1	2140-2143	8
ENST00000682230.1	3312-3315	14
ENST00000682242.1	54-57	10
ENST00000682272.1	11628-11631	9
ENST00000682279.1	1478-1481	6
ENST00000682292.1	1518-1521	11
ENST00000682306.1	2523-2526	14
ENST00000682384.1	699-702	6
ENST00000682385.1	4210-4213	10
ENST00000682386.1	938-941	6
ENST00000682408.1	626-629	18
ENST00000682444.1	211-214	9
ENST00000682557.1	3563-3566	10
ENST00000682579.1	214-217	14
ENST00000682664.1	1608-1611	6
ENST00000682710.1	154-157	19
ENST00000682720.1	225-228	9
ENST00000682872.1	231-234	8
ENST00000682912.1	657-660	5
ENST00000682931.1	1229-1232	6
ENST00000682941.1	2823-2826	16
ENST00000683046.1	349-352	4
ENST00000683050.1	1742-1745	8
ENST00000683057.1	2571-2574	11
ENST00000683076.1	1668-1671	12
ENST00000683109.1	1232-1235	4
ENST00000683139.1	2748-2751	10
ENST00000683244.1	2907-2910	15
ENST00000683345.1	966-969	12
ENST00000683351.1	825-828	8
ENST00000683357.1	3531-3534	5
ENST00000683363.1	827-830	8
ENST00000683374.1	784-787	5
ENST00000683413.1	1085-1088	5
ENST00000683442.1	402-405	6
ENST00000683445.1	142-145	7
ENST00000683449.1	1421-1424	4
ENST00000683472.1	740-743	3
ENST00000683519.1	826-829	21
ENST00000683561.1	255-258	11
ENST00000683635.1	224-227	17
ENST00000683666.2	1373-1376	4
ENST00000683684.1	551-554	3
ENST00000683701.1	1971-1974	6
ENST00000683729.1	718-721	8
ENST00000683756.1	3490-3493	3
ENST00000683778.1	1756-1759	7
ENST00000683788.1	654-657	13
ENST00000683809.1	1264-1267	7
ENST00000683822.1	1177-1180	9
ENST00000683859.1	625-628	7
ENST00000683867.1	590-593	7
ENST00000683871.1	843-846	5
ENST00000683879.1	1804-1807	13
ENST00000683918.1	1722-1725	10
ENST00000684003.1	273-276	5
ENST00000684031.1	2784-2787	6
ENST00000684074.1	1522-1525	5
ENST00000684092.1	4859-4862	6
ENST00000684151.1	1430-1433	12
ENST00000684192.1	583-586	12
ENST00000684270.1	1041-1044	6
ENST00000684293.1	3152-3155	9
ENST00000684362.1	2689-2692	8
ENST00000684370.1	3257-3260	7
ENST00000684430.2	139-142	3
ENST00000684514.1	324-327	4
ENST00000684568.2	474-477	18
ENST00000684578.1	2044-2047	12
ENST00000684589.1	579-582	6
ENST00000684592.1	549-552	7
ENST00000684631.1	206-209	3
ENST00000684689.1	563-566	12
ENST00000684762.1	314-317	3
ENST00000684778.1	1234-1237	8
ENST00000684830.1	2417-2420	8
ENST00000684901.1	4089-4092	18
ENST00000685175.1	1242-1245	10
ENST00000685332.1	2004-2007	11
ENST00000685392.1	1224-1227	6
ENST00000685551.1	1257-1260	7
ENST00000685781.1	346-349	6
ENST00000685843.1	1023-1026	7
ENST00000685924.1	1457-1460	7
ENST00000685964.1	355-358	5
ENST00000686138.1	1100-1103	5
ENST00000686636.1	1792-1795	11
ENST00000687041.1	1828-1831	6
ENST00000687097.1	453-456	6
ENST00000687296.1	1667-1670	4
ENST00000687698.1	5182-5185	9
ENST00000688009.1	1158-1161	15
ENST00000688015.1	771-774	4
ENST00000688051.1	3404-3407	16
ENST00000688188.1	1545-1548	9
ENST00000688521.1	1086-1089	7
ENST00000688720.1	2258-2261	9
ENST00000689035.1	1050-1053	14
ENST00000689528.1	2419-2422	14
ENST00000689584.1	320-323	10
ENST00000689635.1	1557-1560	4
ENST00000689681.1	2639-2642	9
ENST00000690025.1	854-857	6
ENST00000690765.1	1005-1008	6
ENST00000690772.1	2510-2513	5
ENST00000690938.1	1515-1518	9
ENST00000690982.1	657-660	8
ENST00000691320.1	240-243	3
ENST00000691414.1	4599-4602	8
ENST00000691494.1	5839-5842	10
ENST00000692008.1	692-695	8
ENST00000692078.1	2446-2449	7
ENST00000692248.1	1586-1589	12
ENST00000692281.1	3491-3494	10
ENST00000692443.1	427-430	5
ENST00000692827.1	550-553	12
ENST00000693075.1	605-608	5
ENST00000693202.1	1428-1431	4
ENST00000693296.1	1517-1520	8
ENST00000693505.1	593-596	7
ENST00000693561.1	435-438	14
ENST00000694906.1	449-452	6
ENST00000694912.1	1253-1256	13
ENST00000694978.1	969-972	5
ENST00000695335.1	1340-1343	6
ENST00000695367.1	291-294	9
ENST00000695402.1	2124-2127	8
ENST00000695708.1	1655-1658	8
ENST00000695737.1	2648-2651	11
ENST00000695795.1	2303-2306	10
ENST00000695854.1	981-984	5
ENST00000695855.1	365-368	5
ENST00000695919.1	3313-3316	9
ENST00000695999.1	415-418	21
ENST00000696102.1	424-427	7
ENST00000696123.1	241-244	10
ENST00000696125.1	974-977	4
ENST00000696149.1	159-162	11
ENST00000696270.1	774-777	7
ENST00000696289.1	375-378	8
ENST00000696786.1	2514-2517	17
ENST00000696905.1	662-665	12
ENST00000696935.1	802-805	6
ENST00000696973.1	1148-1151	8
ENST00000696979.1	1137-1140	6
ENST00000697964.2	1458-1461	7
ENST00000698152.1	523-526	12
ENST00000698857.1	1219-1222	10
ENST00000699159.1	570-573	14
ENST00000699333.1	1027-1030	9
ENST00000703449.1	1070-1073	3
ENST00000703646.1	333-336	6
ENST00000703841.1	1634-1637	7
ENST00000703936.1	2740-2743	19
ENST00000703967.1	656-659	7
ENST00000704381.1	294-297	6
ENST00000705249.1	875-878	6
ENST00000706887.1	2023-2026	10
ENST00000706947.1	348-351	2
ENST00000707071.1	4707-4710	10
ENST00000710437.1	383-386	7
ENST00000715520.1	306-309	3
ENST00000037243.7	237-240	5
ENST00000216034.6	439-442	3
ENST00000216465.10	232-235	3
ENST00000223500.9	42-45	6
ENST00000229314.10	324-327	7
ENST00000229379.3	293-296	5
ENST00000230895.11	175-178	11
ENST00000233893.10	301-304	3
ENST00000237858.11	310-313	3
ENST00000238618.8	343-346	4
ENST00000242577.11	263-266	4
ENST00000245185.6	207-210	6
ENST00000245458.11	106-109	3
ENST00000247866.9	337-340	7
ENST00000259037.8	364-367	3
ENST00000260379.11	440-443	5
ENST00000263382.8	388-391	3
ENST00000263655.4	780-783	8
ENST00000266735.10	269-272	3
ENST00000272438.9	623-626	3
ENST00000295959.10	419-422	7
ENST00000296214.10	557-560	3
ENST00000296417.6	135-138	3
ENST00000297265.5	827-830	4
ENST00000301457.3	38-41	3
ENST00000304312.5	35-38	9
ENST00000306954.5	310-313	4
ENST00000307366.8	93-96	3
ENST00000307767.13	405-408	8
ENST00000311549.11	112-115	7
ENST00000313115.11	83-86	4
ENST00000314289.13	493-496	6
ENST00000318978.6	261-264	2
ENST00000322310.10	339-342	4
ENST00000322329.5	579-582	4
ENST00000322354.4	673-676	8
ENST00000326397.10	596-599	3
ENST00000326577.9	324-327	4
ENST00000330137.12	377-380	4
ENST00000333676.8	417-420	5
ENST00000334478.9	143-146	4
ENST00000334983.10	555-558	3
ENST00000343986.9	64-67	6
ENST00000344843.12	514-517	8
ENST00000345496.7	129-132	13
ENST00000352861.9	144-147	5
ENST00000366928.10	700-703	7
ENST00000367089.8	56-59	2
ENST00000368636.9	132-135	3
ENST00000369815.6	369-372	5
ENST00000377223.6	433-436	6
ENST00000378887.4	228-231	5
ENST00000380579.6	596-599	7
ENST00000380822.9	36-39	6
ENST00000392863.6	128-131	3
ENST00000394485.5	74-77	4
ENST00000396308.4	164-167	8
ENST00000402297.6	236-239	3
ENST00000409115.8	503-506	4
ENST00000450169.7	267-270	11
ENST00000521580.3	255-258	6
ENST00000527353.2	681-684	2
ENST00000542754.7	303-306	3
ENST00000543226.2	511-514	6
ENST00000551765.6	103-106	7
ENST00000562767.2	146-149	4
ENST00000582471.1	60-63	2
ENST00000585934.1	43-46	4
ENST00000598884.1	42-45	3
ENST00000606025.5	612-615	2
ENST00000615315.2	33-36	6
ENST00000617429.5	373-376	4
ENST00000621990.5	475-478	3
ENST00000622299.5	53-56	9
ENST00000628077.3	952-955	9
ENST00000649813.2	311-314	4
ENST00000680408.1	144-147	3
ENST00000713549.1	501-504	2
ENST00000715679.1	316-319	5
ENST00000211314.5	290-293	3
ENST00000222693.5	164-167	5
ENST00000225504.8	156-159	3
ENST00000227618.9	210-213	4
ENST00000248564.6	592-595	6
ENST00000250495.10	142-145	2
ENST00000254616.11	199-202	5
ENST00000257435.12	228-231	5
ENST00000288022.2	726-729	11
ENST00000293777.6	158-161	2
ENST00000296581.11	335-338	2
ENST00000309366.9	456-459	4
ENST00000309594.5	335-338	4
ENST00000314392.13	232-235	2
ENST00000321331.12	326-329	3
ENST00000332435.10	608-611	5
ENST00000357235.6	494-497	4
ENST00000358227.5	344-347	5
ENST00000368656.7	509-512	6
ENST00000369838.6	376-379	7
ENST00000370205.6	113-116	5
ENST00000370982.4	326-329	3
ENST00000373606.8	238-241	4
ENST00000378578.9	334-337	3
ENST00000393693.7	426-429	3
ENST00000396049.5	259-262	9
ENST00000405954.2	751-754	6
ENST00000476320.6	362-365	2
ENST00000477703.6	298-301	2
ENST00000480294.1	N/A	0
ENST00000505059.7	352-355	6
ENST00000546954.2	183-186	7
ENST00000557016.6	255-258	4
ENST00000578186.3	328-331	5
ENST00000579512.3	328-331	5
ENST00000607357.2	24-27	4
ENST00000640959.1	199-202	5
ENST00000650780.1	203-206	3
ENST00000675395.1	225-228	3
ENST00000392359.8	212-215	5
ENST00000432901.4	255-258	4
ENST00000443585.6	291-294	3
ENST00000506197.3	253-256	3
ENST00000578372.2	317-320	2
ENST00000586895.6	246-249	6
ENST00000243997.8	N/A	0
ENST00000265498.6	489-492	11
ENST00000309048.8	379-382	5
ENST00000311212.9	442-445	7
ENST00000322753.7	262-265	5
ENST00000328848.6	213-216	6
ENST00000330636.9	334-337	6
ENST00000354193.5	251-254	6
ENST00000358435.9	184-187	6
ENST00000361575.4	135-138	3
ENST00000370645.9	485-488	4
ENST00000372661.6	277-280	6
ENST00000456793.2	N/A	0
ENST00000507606.3	N/A	0
ENST00000557342.6	90-93	2
ENST00000602787.6	377-380	5
ENST00000614145.5	73-76	3
ENST00000650309.2	182-185	6
ENST00000233143.6	N/A	0
ENST00000451311.7	174-177	2
ENST00000692500.1	258-261	4
ENST00000555004.3	343-346	2
ENST00000353107.8	224-227	2
